provinsi,kode_prov,tahun,bulan,nama_bulan,urutan,akun,anggaran,realisasi,persentase,datar_tahunan,belum_final
Kalimantan Selatan,16,2025,1,Januari,25,Belanja Bantuan Keuangan,37300600000.0,0.0,0.0,False,False
Kalimantan Selatan,16,2025,2,Februari,26,Belanja Bantuan Keuangan,37300600000.0,0.0,0.0,False,False
Kalimantan Selatan,16,2025,3,Maret,27,Belanja Bantuan Keuangan,37300600000.0,0.0,0.0,False,False
Kalimantan Selatan,16,2025,4,April,28,Belanja Bantuan Keuangan,37300600000.0,2500000000.0,6.7,False,False
Kalimantan Selatan,16,2025,5,Mei,29,Belanja Bantuan Keuangan,37300600000.0,2500000000.0,6.7,False,False
Kalimantan Selatan,16,2025,6,Juni,30,Belanja Bantuan Keuangan,37300600000.0,2500000000.0,6.7,False,False
Kalimantan Selatan,16,2025,7,Juli,31,Belanja Bantuan Keuangan,37300600000.0,2500000000.0,6.7,False,False
Kalimantan Selatan,16,2025,8,Agustus,32,Belanja Bantuan Keuangan,37300600000.0,2500000000.0,6.7,False,False
Kalimantan Selatan,16,2025,9,September,33,Belanja Bantuan Keuangan,37300600000.0,2500000000.0,6.7,False,False
Kalimantan Selatan,16,2025,10,Oktober,34,Belanja Bantuan Keuangan,37300600000.0,2500000000.0,6.7,False,False
Kalimantan Selatan,16,2025,11,November,35,Belanja Bantuan Keuangan,37300600000.0,2500000000.0,6.7,False,False
Kalimantan Selatan,16,2025,12,Desember,36,Belanja Bantuan Keuangan,37300600000.0,37300600000.0,100.0,False,False
Kalimantan Selatan,16,2026,1,Januari,37,Belanja Bantuan Keuangan,26710000000.0,0.0,0.0,True,False
Kalimantan Selatan,16,2026,2,Februari,38,Belanja Bantuan Keuangan,26710000000.0,0.0,0.0,True,False
Kalimantan Selatan,16,2026,3,Maret,39,Belanja Bantuan Keuangan,26710000000.0,0.0,0.0,True,False
Kalimantan Selatan,16,2026,4,April,40,Belanja Bantuan Keuangan,26710000000.0,0.0,0.0,True,False
Kalimantan Selatan,16,2026,5,Mei,41,Belanja Bantuan Keuangan,26710000000.0,0.0,0.0,True,False
Kalimantan Selatan,16,2026,6,Juni,42,Belanja Bantuan Keuangan,26710000000.0,0.0,0.0,True,False
Kalimantan Selatan,16,2026,7,Juli,43,Belanja Bantuan Keuangan,26710000000.0,0.0,0.0,True,False
Kalimantan Selatan,16,2026,8,Agustus,44,Belanja Bantuan Keuangan,26710000000.0,0.0,0.0,True,False
Kalimantan Selatan,16,2026,9,September,45,Belanja Bantuan Keuangan,26710000000.0,0.0,0.0,True,False
Kalimantan Selatan,16,2026,10,Oktober,46,Belanja Bantuan Keuangan,26710000000.0,0.0,0.0,True,False
Kalimantan Selatan,16,2026,11,November,47,Belanja Bantuan Keuangan,26710000000.0,0.0,0.0,True,False
Kalimantan Selatan,16,2026,12,Desember,48,Belanja Bantuan Keuangan,26710000000.0,0.0,0.0,True,False
Kalimantan Selatan,16,2023,1,Januari,1,Belanja Bantuan Sosial,12580000000.0,0.0,0.0,False,False
Kalimantan Selatan,16,2023,2,Februari,2,Belanja Bantuan Sosial,12580000000.0,0.0,0.0,False,False
Kalimantan Selatan,16,2023,3,Maret,3,Belanja Bantuan Sosial,12580000000.0,0.0,0.0,False,False
Kalimantan Selatan,16,2023,4,April,4,Belanja Bantuan Sosial,12580000000.0,0.0,0.0,False,False
Kalimantan Selatan,16,2023,5,Mei,5,Belanja Bantuan Sosial,12580000000.0,0.0,0.0,False,False
Kalimantan Selatan,16,2023,6,Juni,6,Belanja Bantuan Sosial,12580000000.0,2700000000.0,21.46,False,False
Kalimantan Selatan,16,2023,7,Juli,7,Belanja Bantuan Sosial,12580000000.0,10800000000.0,85.85,False,False
Kalimantan Selatan,16,2023,8,Agustus,8,Belanja Bantuan Sosial,12580000000.0,10800000000.0,85.85,False,False
Kalimantan Selatan,16,2023,9,September,9,Belanja Bantuan Sosial,12580000000.0,10800000000.0,85.85,False,False
Kalimantan Selatan,16,2023,10,Oktober,10,Belanja Bantuan Sosial,12580000000.0,10800000000.0,85.85,False,False
Kalimantan Selatan,16,2023,11,November,11,Belanja Bantuan Sosial,12580000000.0,12467800000.0,99.11,False,False
Kalimantan Selatan,16,2023,12,Desember,12,Belanja Bantuan Sosial,12580000000.0,12467800000.0,99.11,False,True
Kalimantan Selatan,16,2024,1,Januari,13,Belanja Bantuan Sosial,18405000000.0,0.0,0.0,False,False
Kalimantan Selatan,16,2024,2,Februari,14,Belanja Bantuan Sosial,18405000000.0,0.0,0.0,False,False
Kalimantan Selatan,16,2024,3,Maret,15,Belanja Bantuan Sosial,18405000000.0,0.0,0.0,False,False
Kalimantan Selatan,16,2024,4,April,16,Belanja Bantuan Sosial,18405000000.0,0.0,0.0,False,False
Kalimantan Selatan,16,2024,5,Mei,17,Belanja Bantuan Sosial,18405000000.0,0.0,0.0,False,False
Kalimantan Selatan,16,2024,6,Juni,18,Belanja Bantuan Sosial,18405000000.0,5780000000.0,31.4,False,False
Kalimantan Selatan,16,2024,7,Juli,19,Belanja Bantuan Sosial,18405000000.0,7514850000.0,40.83,False,False
Kalimantan Selatan,16,2024,8,Agustus,20,Belanja Bantuan Sosial,18405000000.0,7631400000.0,41.46,False,False
Kalimantan Selatan,16,2024,9,September,21,Belanja Bantuan Sosial,18405000000.0,7631400000.0,41.46,False,False
Kalimantan Selatan,16,2024,10,Oktober,22,Belanja Bantuan Sosial,18405000000.0,8495500000.0,46.16,False,False
Kalimantan Selatan,16,2024,11,November,23,Belanja Bantuan Sosial,18405000000.0,17555500000.0,95.38,False,False
Kalimantan Selatan,16,2024,12,Desember,24,Belanja Bantuan Sosial,18405000000.0,18195500000.0,98.86,False,False
Kalimantan Selatan,16,2025,1,Januari,25,Belanja Bantuan Sosial,25687500000.0,0.0,0.0,False,False
Kalimantan Selatan,16,2025,2,Februari,26,Belanja Bantuan Sosial,25687500000.0,0.0,0.0,False,False
Kalimantan Selatan,16,2025,3,Maret,27,Belanja Bantuan Sosial,25687500000.0,0.0,0.0,False,False
Kalimantan Selatan,16,2025,4,April,28,Belanja Bantuan Sosial,25687500000.0,0.0,0.0,False,False
Kalimantan Selatan,16,2025,5,Mei,29,Belanja Bantuan Sosial,25687500000.0,0.0,0.0,False,False
Kalimantan Selatan,16,2025,6,Juni,30,Belanja Bantuan Sosial,25687500000.0,16680000000.0,64.93,False,False
Kalimantan Selatan,16,2025,7,Juli,31,Belanja Bantuan Sosial,25687500000.0,18000000000.0,70.07,False,False
Kalimantan Selatan,16,2025,8,Agustus,32,Belanja Bantuan Sosial,25687500000.0,18368675164.0,71.51,False,False
Kalimantan Selatan,16,2025,9,September,33,Belanja Bantuan Sosial,25687500000.0,18368675164.0,71.51,False,False
Kalimantan Selatan,16,2025,10,Oktober,34,Belanja Bantuan Sosial,25687500000.0,18368675164.0,71.51,False,False
Kalimantan Selatan,16,2025,11,November,35,Belanja Bantuan Sosial,25687500000.0,24248917213.0,94.4,False,False
Kalimantan Selatan,16,2025,12,Desember,36,Belanja Bantuan Sosial,25687500000.0,24328917213.0,94.71,False,False
Kalimantan Selatan,16,2026,1,Januari,37,Belanja Bantuan Sosial,9232000000.0,0.0,0.0,False,False
Kalimantan Selatan,16,2026,2,Februari,38,Belanja Bantuan Sosial,9232000000.0,0.0,0.0,False,False
Kalimantan Selatan,16,2026,3,Maret,39,Belanja Bantuan Sosial,9232000000.0,0.0,0.0,False,False
Kalimantan Selatan,16,2026,4,April,40,Belanja Bantuan Sosial,9232000000.0,0.0,0.0,False,False
Kalimantan Selatan,16,2026,5,Mei,41,Belanja Bantuan Sosial,9232000000.0,0.0,0.0,False,False
Kalimantan Selatan,16,2026,6,Juni,42,Belanja Bantuan Sosial,9232000000.0,5855000000.0,63.42,False,False
Kalimantan Selatan,16,2026,7,Juli,43,Belanja Bantuan Sosial,9232000000.0,5955000000.0,64.5,False,False
Kalimantan Selatan,16,2026,8,Agustus,44,Belanja Bantuan Sosial,9232000000.0,6443313420.0,69.79,False,False
Kalimantan Selatan,16,2026,9,September,45,Belanja Bantuan Sosial,9232000000.0,6443313420.0,69.79,False,True
Kalimantan Selatan,16,2026,10,Oktober,46,Belanja Bantuan Sosial,9232000000.0,6443313420.0,69.79,False,True
Kalimantan Selatan,16,2026,11,November,47,Belanja Bantuan Sosial,9232000000.0,6443313420.0,69.79,False,True
Kalimantan Selatan,16,2026,12,Desember,48,Belanja Bantuan Sosial,9232000000.0,6443313420.0,69.79,False,True
Kalimantan Selatan,16,2023,1,Januari,1,Belanja Barang dan Jasa,2221609660164.0,55821542403.86,2.51,False,False
Kalimantan Selatan,16,2023,2,Februari,2,Belanja Barang dan Jasa,2221609660164.0,195983557886.31,8.82,False,False
Kalimantan Selatan,16,2023,3,Maret,3,Belanja Barang dan Jasa,2221609660164.0,346934319537.67,15.62,False,False
Kalimantan Selatan,16,2023,4,April,4,Belanja Barang dan Jasa,2221609660164.0,545123922242.25,24.54,False,False
Kalimantan Selatan,16,2023,5,Mei,5,Belanja Barang dan Jasa,2221609660164.0,545123922242.25,24.54,False,False
Kalimantan Selatan,16,2023,6,Juni,6,Belanja Barang dan Jasa,2221609660164.0,780797685104.9,35.15,False,False
Kalimantan Selatan,16,2023,7,Juli,7,Belanja Barang dan Jasa,2221609660164.0,950786412101.87,42.8,False,False
Kalimantan Selatan,16,2023,8,Agustus,8,Belanja Barang dan Jasa,2221609660164.0,1153375232379.3,51.92,False,False
Kalimantan Selatan,16,2023,9,September,9,Belanja Barang dan Jasa,2221609660164.0,1324756527640.2,59.63,False,False
Kalimantan Selatan,16,2023,10,Oktober,10,Belanja Barang dan Jasa,2221609660164.0,1569528317450.0,70.65,False,False
Kalimantan Selatan,16,2023,11,November,11,Belanja Barang dan Jasa,2221609660164.0,1905398568202.1,85.77,False,False
Kalimantan Selatan,16,2023,12,Desember,12,Belanja Barang dan Jasa,2221609660164.0,2400254843728.0,108.04,False,False
Kalimantan Selatan,16,2024,1,Januari,13,Belanja Barang dan Jasa,3505141720566.0,99553677448.47,2.84,False,False
Kalimantan Selatan,16,2024,2,Februari,14,Belanja Barang dan Jasa,3505141720566.0,264441349121.92,7.54,False,False
Kalimantan Selatan,16,2024,3,Maret,15,Belanja Barang dan Jasa,3505141720566.0,446375846505.42,12.73,False,False
Kalimantan Selatan,16,2024,4,April,16,Belanja Barang dan Jasa,3505141720566.0,684663677099.77,19.53,False,False
Kalimantan Selatan,16,2024,5,Mei,17,Belanja Barang dan Jasa,3505141720566.0,929268724703.8,26.51,False,False
Kalimantan Selatan,16,2024,6,Juni,18,Belanja Barang dan Jasa,3505141720566.0,1199672340656.4,34.23,False,False
Kalimantan Selatan,16,2024,7,Juli,19,Belanja Barang dan Jasa,3505141720566.0,1440143736327.4,41.09,False,False
Kalimantan Selatan,16,2024,8,Agustus,20,Belanja Barang dan Jasa,3505141720566.0,1675533002443.5,47.8,False,False
Kalimantan Selatan,16,2024,9,September,21,Belanja Barang dan Jasa,3505141720566.0,1897224030302.3,54.13,False,False
Kalimantan Selatan,16,2024,10,Oktober,22,Belanja Barang dan Jasa,3505141720566.0,2095322838206.0,59.78,False,False
Kalimantan Selatan,16,2024,11,November,23,Belanja Barang dan Jasa,3505141720566.0,2463304340248.9,70.28,False,False
Kalimantan Selatan,16,2024,12,Desember,24,Belanja Barang dan Jasa,3505141720566.0,3092893217174.9,88.24,False,False
Kalimantan Selatan,16,2025,1,Januari,25,Belanja Barang dan Jasa,3425846394454.0,50284436638.0,1.47,False,False
Kalimantan Selatan,16,2025,2,Februari,26,Belanja Barang dan Jasa,3425846394454.0,224222326546.16,6.55,False,False
Kalimantan Selatan,16,2025,3,Maret,27,Belanja Barang dan Jasa,3425846394454.0,440839886543.46,12.87,False,False
Kalimantan Selatan,16,2025,4,April,28,Belanja Barang dan Jasa,3425846394454.0,578199620722.14,16.88,False,False
Kalimantan Selatan,16,2025,5,Mei,29,Belanja Barang dan Jasa,3425846394454.0,892868772424.97,26.06,False,False
Kalimantan Selatan,16,2025,6,Juni,30,Belanja Barang dan Jasa,3425846394454.0,931427346424.16,27.19,False,False
Kalimantan Selatan,16,2025,7,Juli,31,Belanja Barang dan Jasa,3425846394454.0,1350502654774.9,39.42,False,False
Kalimantan Selatan,16,2025,8,Agustus,32,Belanja Barang dan Jasa,3425846394454.0,1537009842590.8,44.87,False,False
Kalimantan Selatan,16,2025,9,September,33,Belanja Barang dan Jasa,3425846394454.0,1770264592336.7,51.67,False,False
Kalimantan Selatan,16,2025,10,Oktober,34,Belanja Barang dan Jasa,3425846394454.0,2091713343361.4,61.06,False,False
Kalimantan Selatan,16,2025,11,November,35,Belanja Barang dan Jasa,3425846394454.0,2381239221571.7,69.51,False,False
Kalimantan Selatan,16,2025,12,Desember,36,Belanja Barang dan Jasa,3425846394454.0,3032623704661.5,88.52,False,False
Kalimantan Selatan,16,2026,1,Januari,37,Belanja Barang dan Jasa,2844316662924.0,82340154317.14,2.89,False,False
Kalimantan Selatan,16,2026,2,Februari,38,Belanja Barang dan Jasa,2844316662924.0,259412551256.9,9.12,False,False
Kalimantan Selatan,16,2026,3,Maret,39,Belanja Barang dan Jasa,2844316662924.0,418508253343.9,14.71,False,False
Kalimantan Selatan,16,2026,4,April,40,Belanja Barang dan Jasa,2844316662924.0,635208877622.07,22.33,False,False
Kalimantan Selatan,16,2026,5,Mei,41,Belanja Barang dan Jasa,2844316662924.0,903470786952.37,31.76,False,False
Kalimantan Selatan,16,2026,6,Juni,42,Belanja Barang dan Jasa,2844316662924.0,1205639652421.9,42.39,False,False
Kalimantan Selatan,16,2026,7,Juli,43,Belanja Barang dan Jasa,2844316662924.0,1412061755159.2,49.65,False,False
Kalimantan Selatan,16,2026,8,Agustus,44,Belanja Barang dan Jasa,2844316662924.0,1685371888594.1,59.25,False,False
Kalimantan Selatan,16,2026,9,September,45,Belanja Barang dan Jasa,2844316662924.0,1715488419741.1,60.31,False,False
Kalimantan Selatan,16,2026,10,Oktober,46,Belanja Barang dan Jasa,2844316662924.0,1715488419741.1,60.31,False,True
Kalimantan Selatan,16,2026,11,November,47,Belanja Barang dan Jasa,2844316662924.0,1715488419741.1,60.31,False,True
Kalimantan Selatan,16,2026,12,Desember,48,Belanja Barang dan Jasa,2844316662924.0,1715488419741.1,60.31,False,True
Kalimantan Selatan,16,2023,1,Januari,1,Belanja Daerah,7727797817323.0,260319531358.86,3.37,False,False
Kalimantan Selatan,16,2023,2,Februari,2,Belanja Daerah,7727797817323.0,1070704682875.3,13.86,False,False
Kalimantan Selatan,16,2023,3,Maret,3,Belanja Daerah,7727797817323.0,1481807961609.7,19.18,False,False
Kalimantan Selatan,16,2023,4,April,4,Belanja Daerah,7727797817323.0,2064573298105.2,26.72,False,False
Kalimantan Selatan,16,2023,5,Mei,5,Belanja Daerah,7727797817323.0,2064573298105.2,26.72,False,False
Kalimantan Selatan,16,2023,6,Juni,6,Belanja Daerah,7727797817323.0,3261276899688.9,42.2,False,False
Kalimantan Selatan,16,2023,7,Juli,7,Belanja Daerah,7727797817323.0,3805961169287.0,49.25,False,False
Kalimantan Selatan,16,2023,8,Agustus,8,Belanja Daerah,7727797817323.0,4303390786411.4,55.69,False,False
Kalimantan Selatan,16,2023,9,September,9,Belanja Daerah,7727797817323.0,4968185400782.3,64.29,False,False
Kalimantan Selatan,16,2023,10,Oktober,10,Belanja Daerah,7727797817323.0,5813074117765.2,75.22,False,False
Kalimantan Selatan,16,2023,11,November,11,Belanja Daerah,7727797817323.0,7205092695647.2,93.24,False,False
Kalimantan Selatan,16,2023,12,Desember,12,Belanja Daerah,7727797817323.0,8808872537204.7,113.99,False,False
Kalimantan Selatan,16,2024,1,Januari,13,Belanja Daerah,13319205168020.0,783519184235.47,5.88,False,False
Kalimantan Selatan,16,2024,2,Februari,14,Belanja Daerah,13319205168020.0,1223357795301.9,9.18,False,False
Kalimantan Selatan,16,2024,3,Maret,15,Belanja Daerah,13319205168020.0,1921472449264.4,14.43,False,False
Kalimantan Selatan,16,2024,4,April,16,Belanja Daerah,13319205168020.0,2548338788683.8,19.13,False,False
Kalimantan Selatan,16,2024,5,Mei,17,Belanja Daerah,13319205168020.0,3925774674736.8,29.47,False,False
Kalimantan Selatan,16,2024,6,Juni,18,Belanja Daerah,13319205168020.0,4845432784285.4,36.38,False,False
Kalimantan Selatan,16,2024,7,Juli,19,Belanja Daerah,13319205168020.0,5676278205455.4,42.62,False,False
Kalimantan Selatan,16,2024,8,Agustus,20,Belanja Daerah,13319205168020.0,6862077942843.5,51.52,False,False
Kalimantan Selatan,16,2024,9,September,21,Belanja Daerah,13319205168020.0,7456348087848.3,55.98,False,False
Kalimantan Selatan,16,2024,10,Oktober,22,Belanja Daerah,13319205168020.0,8034386250305.0,60.32,False,False
Kalimantan Selatan,16,2024,11,November,23,Belanja Daerah,13319205168020.0,8698541208458.2,65.31,False,False
Kalimantan Selatan,16,2024,12,Desember,24,Belanja Daerah,13319205168020.0,11138572486074.0,83.63,False,False
Kalimantan Selatan,16,2025,1,Januari,25,Belanja Daerah,13405838896178.0,148803739944.0,1.11,False,False
Kalimantan Selatan,16,2025,2,Februari,26,Belanja Daerah,13405838896178.0,1155831470957.2,8.62,False,False
Kalimantan Selatan,16,2025,3,Maret,27,Belanja Daerah,13405838896178.0,1646873145876.5,12.28,False,False
Kalimantan Selatan,16,2025,4,April,28,Belanja Daerah,13405838896178.0,1988536636169.2,14.83,False,False
Kalimantan Selatan,16,2025,5,Mei,29,Belanja Daerah,13405838896178.0,3092596133879.0,23.07,False,False
Kalimantan Selatan,16,2025,6,Juni,30,Belanja Daerah,13405838896178.0,3606513752423.0,26.9,False,False
Kalimantan Selatan,16,2025,7,Juli,31,Belanja Daerah,13405838896178.0,4648607842094.0,34.68,False,False
Kalimantan Selatan,16,2025,8,Agustus,32,Belanja Daerah,13405838896178.0,5524172310650.8,41.21,False,False
Kalimantan Selatan,16,2025,9,September,33,Belanja Daerah,13405838896178.0,6116201764794.8,45.62,False,False
Kalimantan Selatan,16,2025,10,Oktober,34,Belanja Daerah,13405838896178.0,7121879277458.4,53.13,False,False
Kalimantan Selatan,16,2025,11,November,35,Belanja Daerah,13405838896178.0,8425659921468.8,62.85,False,False
Kalimantan Selatan,16,2025,12,Desember,36,Belanja Daerah,13405838896178.0,11095494791733.0,82.77,False,False
Kalimantan Selatan,16,2026,1,Januari,37,Belanja Daerah,9938857549374.0,356368707779.14,3.59,False,False
Kalimantan Selatan,16,2026,2,Februari,38,Belanja Daerah,9938857549374.0,1320204156354.9,13.28,False,False
Kalimantan Selatan,16,2026,3,Maret,39,Belanja Daerah,9938857549374.0,1827972214495.9,18.39,False,False
Kalimantan Selatan,16,2026,4,April,40,Belanja Daerah,9938857549374.0,2631737680923.1,26.48,False,False
Kalimantan Selatan,16,2026,5,Mei,41,Belanja Daerah,9938857549374.0,3645409430941.3,36.68,False,False
Kalimantan Selatan,16,2026,6,Juni,42,Belanja Daerah,9938857549374.0,4728794718534.8,47.58,False,False
Kalimantan Selatan,16,2026,7,Juli,43,Belanja Daerah,9938857549374.0,5206422195853.1,52.38,False,False
Kalimantan Selatan,16,2026,8,Agustus,44,Belanja Daerah,9938857549374.0,5781822670029.5,58.17,False,False
Kalimantan Selatan,16,2026,9,September,45,Belanja Daerah,9938857549374.0,5914741654343.5,59.51,False,False
Kalimantan Selatan,16,2026,10,Oktober,46,Belanja Daerah,9938857549374.0,5914741654343.5,59.51,False,True
Kalimantan Selatan,16,2026,11,November,47,Belanja Daerah,9938857549374.0,5914741654343.5,59.51,False,True
Kalimantan Selatan,16,2026,12,Desember,48,Belanja Daerah,9938857549374.0,5914741654343.5,59.51,False,True
Kalimantan Selatan,16,2023,1,Januari,1,Belanja Hibah,189286092500.0,0.0,0.0,False,False
Kalimantan Selatan,16,2023,2,Februari,2,Belanja Hibah,189286092500.0,0.0,0.0,False,False
Kalimantan Selatan,16,2023,3,Maret,3,Belanja Hibah,189286092500.0,12584153600.0,6.65,False,False
Kalimantan Selatan,16,2023,4,April,4,Belanja Hibah,189286092500.0,64087836685.0,33.86,False,False
Kalimantan Selatan,16,2023,5,Mei,5,Belanja Hibah,189286092500.0,64087836685.0,33.86,False,False
Kalimantan Selatan,16,2023,6,Juni,6,Belanja Hibah,189286092500.0,96151305214.0,50.8,False,False
Kalimantan Selatan,16,2023,7,Juli,7,Belanja Hibah,189286092500.0,112546578710.0,59.46,False,False
Kalimantan Selatan,16,2023,8,Agustus,8,Belanja Hibah,189286092500.0,127876999345.0,67.56,False,False
Kalimantan Selatan,16,2023,9,September,9,Belanja Hibah,189286092500.0,145243203964.0,76.73,False,False
Kalimantan Selatan,16,2023,10,Oktober,10,Belanja Hibah,189286092500.0,151595815998.0,80.09,False,False
Kalimantan Selatan,16,2023,11,November,11,Belanja Hibah,189286092500.0,286601424936.0,151.41,False,False
Kalimantan Selatan,16,2023,12,Desember,12,Belanja Hibah,189286092500.0,341860160000.0,180.61,False,False
Kalimantan Selatan,16,2024,1,Januari,13,Belanja Hibah,518140077625.0,0.0,0.0,False,False
Kalimantan Selatan,16,2024,2,Februari,14,Belanja Hibah,518140077625.0,0.0,0.0,False,False
Kalimantan Selatan,16,2024,3,Maret,15,Belanja Hibah,518140077625.0,60540894527.0,11.68,False,False
Kalimantan Selatan,16,2024,4,April,16,Belanja Hibah,518140077625.0,108387194627.0,20.92,False,False
Kalimantan Selatan,16,2024,5,Mei,17,Belanja Hibah,518140077625.0,302824994042.0,58.44,False,False
Kalimantan Selatan,16,2024,6,Juni,18,Belanja Hibah,518140077625.0,341206804610.0,65.85,False,False
Kalimantan Selatan,16,2024,7,Juli,19,Belanja Hibah,518140077625.0,352988889195.0,68.13,False,False
Kalimantan Selatan,16,2024,8,Agustus,20,Belanja Hibah,518140077625.0,368077151753.0,71.04,False,False
Kalimantan Selatan,16,2024,9,September,21,Belanja Hibah,518140077625.0,382798253244.0,73.88,False,False
Kalimantan Selatan,16,2024,10,Oktober,22,Belanja Hibah,518140077625.0,398673735765.0,76.94,False,False
Kalimantan Selatan,16,2024,11,November,23,Belanja Hibah,518140077625.0,402844656319.0,77.75,False,False
Kalimantan Selatan,16,2024,12,Desember,24,Belanja Hibah,518140077625.0,454197967876.04,87.66,False,False
Kalimantan Selatan,16,2025,1,Januari,25,Belanja Hibah,319700915000.0,0.0,0.0,False,False
Kalimantan Selatan,16,2025,2,Februari,26,Belanja Hibah,319700915000.0,15000000000.0,4.69,False,False
Kalimantan Selatan,16,2025,3,Maret,27,Belanja Hibah,319700915000.0,13031315741.0,4.08,False,False
Kalimantan Selatan,16,2025,4,April,28,Belanja Hibah,319700915000.0,16262068326.0,5.09,False,False
Kalimantan Selatan,16,2025,5,Mei,29,Belanja Hibah,319700915000.0,72961781126.0,22.82,False,False
Kalimantan Selatan,16,2025,6,Juni,30,Belanja Hibah,319700915000.0,83992783626.0,26.27,False,False
Kalimantan Selatan,16,2025,7,Juli,31,Belanja Hibah,319700915000.0,128338922483.0,40.14,False,False
Kalimantan Selatan,16,2025,8,Agustus,32,Belanja Hibah,319700915000.0,143401150090.0,44.85,False,False
Kalimantan Selatan,16,2025,9,September,33,Belanja Hibah,319700915000.0,159521834235.0,49.9,False,False
Kalimantan Selatan,16,2025,10,Oktober,34,Belanja Hibah,319700915000.0,176909985815.0,55.34,False,False
Kalimantan Selatan,16,2025,11,November,35,Belanja Hibah,319700915000.0,210578467422.0,65.87,False,False
Kalimantan Selatan,16,2025,12,Desember,36,Belanja Hibah,319700915000.0,294462087188.87,92.11,False,False
Kalimantan Selatan,16,2026,1,Januari,37,Belanja Hibah,208220931338.0,0.0,0.0,False,False
Kalimantan Selatan,16,2026,2,Februari,38,Belanja Hibah,208220931338.0,0.0,0.0,False,False
Kalimantan Selatan,16,2026,3,Maret,39,Belanja Hibah,208220931338.0,1700000000.0,0.82,False,False
Kalimantan Selatan,16,2026,4,April,40,Belanja Hibah,208220931338.0,26146409955.0,12.56,False,False
Kalimantan Selatan,16,2026,5,Mei,41,Belanja Hibah,208220931338.0,75387057057.0,36.21,False,False
Kalimantan Selatan,16,2026,6,Juni,42,Belanja Hibah,208220931338.0,116415740583.0,55.91,False,False
Kalimantan Selatan,16,2026,7,Juli,43,Belanja Hibah,208220931338.0,123501037976.0,59.31,False,False
Kalimantan Selatan,16,2026,8,Agustus,44,Belanja Hibah,208220931338.0,134985138573.0,64.83,False,False
Kalimantan Selatan,16,2026,9,September,45,Belanja Hibah,208220931338.0,135709773068.0,65.18,False,False
Kalimantan Selatan,16,2026,10,Oktober,46,Belanja Hibah,208220931338.0,135709773068.0,65.18,False,True
Kalimantan Selatan,16,2026,11,November,47,Belanja Hibah,208220931338.0,135709773068.0,65.18,False,True
Kalimantan Selatan,16,2026,12,Desember,48,Belanja Hibah,208220931338.0,135709773068.0,65.18,False,True
Kalimantan Selatan,16,2023,1,Januari,1,Belanja Lainnya,1819639959784.0,65290962411.0,3.59,False,False
Kalimantan Selatan,16,2023,2,Februari,2,Belanja Lainnya,1819639959784.0,656470482082.0,36.08,False,False
Kalimantan Selatan,16,2023,3,Maret,3,Belanja Lainnya,1819639959784.0,669973888742.0,36.82,False,False
Kalimantan Selatan,16,2023,4,April,4,Belanja Lainnya,1819639959784.0,723534044827.0,39.76,False,False
Kalimantan Selatan,16,2023,5,Mei,5,Belanja Lainnya,1819639959784.0,723534044827.0,39.76,False,False
Kalimantan Selatan,16,2023,6,Juni,6,Belanja Lainnya,1819639959784.0,1362115964716.0,74.86,False,False
Kalimantan Selatan,16,2023,7,Juli,7,Belanja Lainnya,1819639959784.0,1388337770122.0,76.3,False,False
Kalimantan Selatan,16,2023,8,Agustus,8,Belanja Lainnya,1819639959784.0,1405476602707.0,77.24,False,False
Kalimantan Selatan,16,2023,9,September,9,Belanja Lainnya,1819639959784.0,1683227916268.0,92.5,False,False
Kalimantan Selatan,16,2023,10,Oktober,10,Belanja Lainnya,1819639959784.0,1952471565189.0,107.3,False,False
Kalimantan Selatan,16,2023,11,November,11,Belanja Lainnya,1819639959784.0,2555661470728.0,140.45,False,False
Kalimantan Selatan,16,2023,12,Desember,12,Belanja Lainnya,1819639959784.0,2611953297842.0,143.54,False,False
Kalimantan Selatan,16,2024,1,Januari,13,Belanja Lainnya,3046447750619.0,609875599542.0,20.02,False,False
Kalimantan Selatan,16,2024,2,Februari,14,Belanja Lainnya,3046447750619.0,610097543792.0,20.03,False,False
Kalimantan Selatan,16,2024,3,Maret,15,Belanja Lainnya,3046447750619.0,712229853504.0,23.38,False,False
Kalimantan Selatan,16,2024,4,April,16,Belanja Lainnya,3046447750619.0,760066733604.0,24.95,False,False
Kalimantan Selatan,16,2024,5,Mei,17,Belanja Lainnya,3046447750619.0,1437925719399.0,47.2,False,False
Kalimantan Selatan,16,2024,6,Juni,18,Belanja Lainnya,3046447750619.0,1571943528242.0,51.6,False,False
Kalimantan Selatan,16,2024,7,Juli,19,Belanja Lainnya,3046447750619.0,1585898236977.0,52.06,False,False
Kalimantan Selatan,16,2024,8,Agustus,20,Belanja Lainnya,3046447750619.0,2165161643088.0,71.07,False,False
Kalimantan Selatan,16,2024,9,September,21,Belanja Lainnya,3046447750619.0,2179882744579.0,71.55,False,False
Kalimantan Selatan,16,2024,10,Oktober,22,Belanja Lainnya,3046447750619.0,2196622327100.0,72.1,False,False
Kalimantan Selatan,16,2024,11,November,23,Belanja Lainnya,3046447750619.0,2210275180654.0,72.55,False,False
Kalimantan Selatan,16,2024,12,Desember,24,Belanja Lainnya,3046447750619.0,2889371758058.0,94.84,False,False
Kalimantan Selatan,16,2025,1,Januari,25,Belanja Lainnya,2783486873088.0,19717487727.0,0.71,False,False
Kalimantan Selatan,16,2025,2,Februari,26,Belanja Lainnya,2783486873088.0,715725559229.0,25.71,False,False
Kalimantan Selatan,16,2025,3,Maret,27,Belanja Lainnya,2783486873088.0,713756874970.0,25.64,False,False
Kalimantan Selatan,16,2025,4,April,28,Belanja Lainnya,2783486873088.0,719487627555.0,25.85,False,False
Kalimantan Selatan,16,2025,5,Mei,29,Belanja Lainnya,2783486873088.0,1305530778243.0,46.9,False,False
Kalimantan Selatan,16,2025,6,Juni,30,Belanja Lainnya,2783486873088.0,1333241780743.0,47.9,False,False
Kalimantan Selatan,16,2025,7,Juli,31,Belanja Lainnya,2783486873088.0,1378907919600.0,49.54,False,False
Kalimantan Selatan,16,2025,8,Agustus,32,Belanja Lainnya,2783486873088.0,1746096996123.0,62.73,False,False
Kalimantan Selatan,16,2025,9,September,33,Belanja Lainnya,2783486873088.0,1762217680268.0,63.31,False,False
Kalimantan Selatan,16,2025,10,Oktober,34,Belanja Lainnya,2783486873088.0,1978494556169.0,71.08,False,False
Kalimantan Selatan,16,2025,11,November,35,Belanja Lainnya,2783486873088.0,2388125242723.0,85.8,False,False
Kalimantan Selatan,16,2025,12,Desember,36,Belanja Lainnya,2783486873088.0,2506889462489.9,90.06,False,False
Kalimantan Selatan,16,2026,1,Januari,37,Belanja Lainnya,1457875442023.0,188580047688.0,12.94,False,False
Kalimantan Selatan,16,2026,2,Februari,38,Belanja Lainnya,1457875442023.0,760264765702.0,52.15,False,False
Kalimantan Selatan,16,2026,3,Maret,39,Belanja Lainnya,1457875442023.0,761964765702.0,52.27,False,False
Kalimantan Selatan,16,2026,4,April,40,Belanja Lainnya,1457875442023.0,786411175657.0,53.94,False,False
Kalimantan Selatan,16,2026,5,Mei,41,Belanja Lainnya,1457875442023.0,1218041643973.9,83.55,False,False
Kalimantan Selatan,16,2026,6,Juni,42,Belanja Lainnya,1457875442023.0,1264925327499.9,86.76,False,False
Kalimantan Selatan,16,2026,7,Juli,43,Belanja Lainnya,1457875442023.0,1272267919835.9,87.27,False,False
Kalimantan Selatan,16,2026,8,Agustus,44,Belanja Lainnya,1457875442023.0,1284240333852.9,88.09,False,False
Kalimantan Selatan,16,2026,9,September,45,Belanja Lainnya,1457875442023.0,1309965704008.9,89.85,False,False
Kalimantan Selatan,16,2026,10,Oktober,46,Belanja Lainnya,1457875442023.0,1309965704008.9,89.85,False,True
Kalimantan Selatan,16,2026,11,November,47,Belanja Lainnya,1457875442023.0,1309965704008.9,89.85,False,True
Kalimantan Selatan,16,2026,12,Desember,48,Belanja Lainnya,1457875442023.0,1309965704008.9,89.85,False,True
Kalimantan Selatan,16,2023,1,Januari,1,Belanja Modal,1391673864415.0,10201327218.0,0.73,False,False
Kalimantan Selatan,16,2023,2,Februari,2,Belanja Modal,1391673864415.0,15265960120.0,1.1,False,False
Kalimantan Selatan,16,2023,3,Maret,3,Belanja Modal,1391673864415.0,96647025845.0,6.94,False,False
Kalimantan Selatan,16,2023,4,April,4,Belanja Modal,1391673864415.0,174331549514.0,12.53,False,False
Kalimantan Selatan,16,2023,5,Mei,5,Belanja Modal,1391673864415.0,174331549514.0,12.53,False,False
Kalimantan Selatan,16,2023,6,Juni,6,Belanja Modal,1391673864415.0,289741764945.0,20.82,False,False
Kalimantan Selatan,16,2023,7,Juli,7,Belanja Modal,1391673864415.0,457328823390.1,32.86,False,False
Kalimantan Selatan,16,2023,8,Agustus,8,Belanja Modal,1391673864415.0,595639478647.1,42.8,False,False
Kalimantan Selatan,16,2023,9,September,9,Belanja Modal,1391673864415.0,687308351106.1,49.39,False,False
Kalimantan Selatan,16,2023,10,Oktober,10,Belanja Modal,1391673864415.0,874880441744.1,62.87,False,False
Kalimantan Selatan,16,2023,11,November,11,Belanja Modal,1391673864415.0,1150355891242.1,82.66,False,False
Kalimantan Selatan,16,2023,12,Desember,12,Belanja Modal,1391673864415.0,1966732214036.7,141.32,False,False
Kalimantan Selatan,16,2024,1,Januari,13,Belanja Modal,4049849508872.0,4887350571.0,0.12,False,False
Kalimantan Selatan,16,2024,2,Februari,14,Belanja Modal,4049849508872.0,133084463022.0,3.29,False,False
Kalimantan Selatan,16,2024,3,Maret,15,Belanja Modal,4049849508872.0,343041029595.0,8.47,False,False
Kalimantan Selatan,16,2024,4,April,16,Belanja Modal,4049849508872.0,489700234462.0,12.09,False,False
Kalimantan Selatan,16,2024,5,Mei,17,Belanja Modal,4049849508872.0,741636552761.0,18.31,False,False
Kalimantan Selatan,16,2024,6,Juni,18,Belanja Modal,4049849508872.0,998326484900.0,24.65,False,False
Kalimantan Selatan,16,2024,7,Juli,19,Belanja Modal,4049849508872.0,1357617335188.0,33.52,False,False
Kalimantan Selatan,16,2024,8,Agustus,20,Belanja Modal,4049849508872.0,1589375872762.0,39.25,False,False
Kalimantan Selatan,16,2024,9,September,21,Belanja Modal,4049849508872.0,1812808943317.0,44.76,False,False
Kalimantan Selatan,16,2024,10,Oktober,22,Belanja Modal,4049849508872.0,1989684367767.0,49.13,False,False
Kalimantan Selatan,16,2024,11,November,23,Belanja Modal,4049849508872.0,2118305492986.0,52.31,False,False
Kalimantan Selatan,16,2024,12,Desember,24,Belanja Modal,4049849508872.0,2969369658841.2,73.32,False,False
Kalimantan Selatan,16,2025,1,Januari,25,Belanja Modal,3606675237255.0,2999703144.0,0.08,False,False
Kalimantan Selatan,16,2025,2,Februari,26,Belanja Modal,3606675237255.0,5961600644.0,0.17,False,False
Kalimantan Selatan,16,2025,3,Maret,27,Belanja Modal,3606675237255.0,25576849671.0,0.71,False,False
Kalimantan Selatan,16,2025,4,April,28,Belanja Modal,3606675237255.0,71825190809.0,1.99,False,False
Kalimantan Selatan,16,2025,5,Mei,29,Belanja Modal,3606675237255.0,139354205773.0,3.86,False,False
Kalimantan Selatan,16,2025,6,Juni,30,Belanja Modal,3606675237255.0,270655019983.0,7.5,False,False
Kalimantan Selatan,16,2025,7,Juli,31,Belanja Modal,3606675237255.0,616762759188.0,17.1,False,False
Kalimantan Selatan,16,2025,8,Agustus,32,Belanja Modal,3606675237255.0,796661457688.0,22.09,False,False
Kalimantan Selatan,16,2025,9,September,33,Belanja Modal,3606675237255.0,1004707060660.0,27.86,False,False
Kalimantan Selatan,16,2025,10,Oktober,34,Belanja Modal,3606675237255.0,1292165907707.0,35.83,False,False
Kalimantan Selatan,16,2025,11,November,35,Belanja Modal,3606675237255.0,1759493495987.0,48.78,False,False
Kalimantan Selatan,16,2025,12,Desember,36,Belanja Modal,3606675237255.0,3268776020696.5,90.63,False,False
Kalimantan Selatan,16,2026,1,Januari,37,Belanja Modal,2804124963561.0,5601313236.0,0.2,False,False
Kalimantan Selatan,16,2026,2,Februari,38,Belanja Modal,2804124963561.0,92182574627.0,3.29,False,False
Kalimantan Selatan,16,2026,3,Maret,39,Belanja Modal,2804124963561.0,182357650834.0,6.5,False,False
Kalimantan Selatan,16,2026,4,April,40,Belanja Modal,2804124963561.0,595203135555.0,21.23,False,False
Kalimantan Selatan,16,2026,5,Mei,41,Belanja Modal,2804124963561.0,773546953942.0,27.59,False,False
Kalimantan Selatan,16,2026,6,Juni,42,Belanja Modal,2804124963561.0,1112453193313.0,39.67,False,False
Kalimantan Selatan,16,2026,7,Juli,43,Belanja Modal,2804124963561.0,1213204755528.9,43.27,False,False
Kalimantan Selatan,16,2026,8,Agustus,44,Belanja Modal,2804124963561.0,1344876201802.4,47.96,False,False
Kalimantan Selatan,16,2026,9,September,45,Belanja Modal,2804124963561.0,1350336984132.4,48.16,False,False
Kalimantan Selatan,16,2026,10,Oktober,46,Belanja Modal,2804124963561.0,1350336984132.4,48.16,False,True
Kalimantan Selatan,16,2026,11,November,47,Belanja Modal,2804124963561.0,1350336984132.4,48.16,False,True
Kalimantan Selatan,16,2026,12,Desember,48,Belanja Modal,2804124963561.0,1350336984132.4,48.16,False,True
Kalimantan Selatan,16,2023,1,Januari,1,Belanja Pegawai,2294874332960.0,129005699326.0,5.62,False,False
Kalimantan Selatan,16,2023,2,Februari,2,Belanja Pegawai,2294874332960.0,202984682787.0,8.85,False,False
Kalimantan Selatan,16,2023,3,Maret,3,Belanja Pegawai,2294874332960.0,368252727485.0,16.05,False,False
Kalimantan Selatan,16,2023,4,April,4,Belanja Pegawai,2294874332960.0,621583781522.0,27.09,False,False
Kalimantan Selatan,16,2023,5,Mei,5,Belanja Pegawai,2294874332960.0,621583781522.0,27.09,False,False
Kalimantan Selatan,16,2023,6,Juni,6,Belanja Pegawai,2294874332960.0,828621484923.0,36.11,False,False
Kalimantan Selatan,16,2023,7,Juli,7,Belanja Pegawai,2294874332960.0,1009508163673.0,43.99,False,False
Kalimantan Selatan,16,2023,8,Agustus,8,Belanja Pegawai,2294874332960.0,1148899472678.0,50.06,False,False
Kalimantan Selatan,16,2023,9,September,9,Belanja Pegawai,2294874332960.0,1272892605768.0,55.47,False,False
Kalimantan Selatan,16,2023,10,Oktober,10,Belanja Pegawai,2294874332960.0,1416193793382.0,61.71,False,False
Kalimantan Selatan,16,2023,11,November,11,Belanja Pegawai,2294874332960.0,1593676765475.0,69.45,False,False
Kalimantan Selatan,16,2023,12,Desember,12,Belanja Pegawai,2294874332960.0,1829932181598.0,79.74,False,False
Kalimantan Selatan,16,2024,1,Januari,13,Belanja Pegawai,2717766187963.0,69202556674.0,2.55,False,False
Kalimantan Selatan,16,2024,2,Februari,14,Belanja Pegawai,2717766187963.0,215734439366.0,7.94,False,False
Kalimantan Selatan,16,2024,3,Maret,15,Belanja Pegawai,2717766187963.0,419825719660.0,15.45,False,False
Kalimantan Selatan,16,2024,4,April,16,Belanja Pegawai,2717766187963.0,613908143518.0,22.59,False,False
Kalimantan Selatan,16,2024,5,Mei,17,Belanja Pegawai,2717766187963.0,816943677873.0,30.06,False,False
Kalimantan Selatan,16,2024,6,Juni,18,Belanja Pegawai,2717766187963.0,1075490430487.0,39.57,False,False
Kalimantan Selatan,16,2024,7,Juli,19,Belanja Pegawai,2717766187963.0,1292618896963.0,47.56,False,False
Kalimantan Selatan,16,2024,8,Agustus,20,Belanja Pegawai,2717766187963.0,1432007424550.0,52.69,False,False
Kalimantan Selatan,16,2024,9,September,21,Belanja Pegawai,2717766187963.0,1566432369650.0,57.64,False,False
Kalimantan Selatan,16,2024,10,Oktober,22,Belanja Pegawai,2717766187963.0,1752756717232.0,64.49,False,False
Kalimantan Selatan,16,2024,11,November,23,Belanja Pegawai,2717766187963.0,1906656194569.3,70.16,False,False
Kalimantan Selatan,16,2024,12,Desember,24,Belanja Pegawai,2717766187963.0,2186937852000.3,80.47,False,False
Kalimantan Selatan,16,2025,1,Januari,25,Belanja Pegawai,3589830391381.0,75802112435.0,2.11,False,False
Kalimantan Selatan,16,2025,2,Februari,26,Belanja Pegawai,3589830391381.0,209921984538.0,5.85,False,False
Kalimantan Selatan,16,2025,3,Maret,27,Belanja Pegawai,3589830391381.0,466699534692.06,13.0,False,False
Kalimantan Selatan,16,2025,4,April,28,Belanja Pegawai,3589830391381.0,619024197083.06,17.24,False,False
Kalimantan Selatan,16,2025,5,Mei,29,Belanja Pegawai,3589830391381.0,754842377438.06,21.03,False,False
Kalimantan Selatan,16,2025,6,Juni,30,Belanja Pegawai,3589830391381.0,1071189605272.9,29.84,False,False
Kalimantan Selatan,16,2025,7,Juli,31,Belanja Pegawai,3589830391381.0,1302434508531.1,36.28,False,False
Kalimantan Selatan,16,2025,8,Agustus,32,Belanja Pegawai,3589830391381.0,1444404014249.1,40.24,False,False
Kalimantan Selatan,16,2025,9,September,33,Belanja Pegawai,3589830391381.0,1579012431530.1,43.99,False,False
Kalimantan Selatan,16,2025,10,Oktober,34,Belanja Pegawai,3589830391381.0,1759505470221.1,49.01,False,False
Kalimantan Selatan,16,2025,11,November,35,Belanja Pegawai,3589830391381.0,1896801961187.0,52.84,False,False
Kalimantan Selatan,16,2025,12,Desember,36,Belanja Pegawai,3589830391381.0,2287205603885.5,63.71,False,False
Kalimantan Selatan,16,2026,1,Januari,37,Belanja Pegawai,2832540480866.0,79847192538.0,2.82,False,False
Kalimantan Selatan,16,2026,2,Februari,38,Belanja Pegawai,2832540480866.0,208344264769.0,7.36,False,False
Kalimantan Selatan,16,2026,3,Maret,39,Belanja Pegawai,2832540480866.0,465141544616.0,16.42,False,False
Kalimantan Selatan,16,2026,4,April,40,Belanja Pegawai,2832540480866.0,614914492089.0,21.71,False,False
Kalimantan Selatan,16,2026,5,Mei,41,Belanja Pegawai,2832540480866.0,750350046073.0,26.49,False,False
Kalimantan Selatan,16,2026,6,Juni,42,Belanja Pegawai,2832540480866.0,1145776545300.0,40.45,False,False
Kalimantan Selatan,16,2026,7,Juli,43,Belanja Pegawai,2832540480866.0,1308887765329.0,46.21,False,False
Kalimantan Selatan,16,2026,8,Agustus,44,Belanja Pegawai,2832540480866.0,1467334245780.0,51.8,False,False
Kalimantan Selatan,16,2026,9,September,45,Belanja Pegawai,2832540480866.0,1538950546461.0,54.33,False,False
Kalimantan Selatan,16,2026,10,Oktober,46,Belanja Pegawai,2832540480866.0,1538950546461.0,54.33,False,True
Kalimantan Selatan,16,2026,11,November,47,Belanja Pegawai,2832540480866.0,1538950546461.0,54.33,False,True
Kalimantan Selatan,16,2026,12,Desember,48,Belanja Pegawai,2832540480866.0,1538950546461.0,54.33,False,True
Kalimantan Selatan,16,2023,1,Januari,1,Belanja Tidak Terduga,100000000000.0,0.0,0.0,False,False
Kalimantan Selatan,16,2023,2,Februari,2,Belanja Tidak Terduga,100000000000.0,927475500.0,0.93,False,False
Kalimantan Selatan,16,2023,3,Maret,3,Belanja Tidak Terduga,100000000000.0,1846728560.0,1.85,False,False
Kalimantan Selatan,16,2023,4,April,4,Belanja Tidak Terduga,100000000000.0,3903201560.0,3.9,False,False
Kalimantan Selatan,16,2023,5,Mei,5,Belanja Tidak Terduga,100000000000.0,3903201560.0,3.9,False,False
Kalimantan Selatan,16,2023,6,Juni,6,Belanja Tidak Terduga,100000000000.0,5967162810.0,5.97,False,False
Kalimantan Selatan,16,2023,7,Juli,7,Belanja Tidak Terduga,100000000000.0,7693694720.0,7.69,False,False
Kalimantan Selatan,16,2023,8,Agustus,8,Belanja Tidak Terduga,100000000000.0,9502106670.0,9.5,False,False
Kalimantan Selatan,16,2023,9,September,9,Belanja Tidak Terduga,100000000000.0,9410845020.0,9.41,False,False
Kalimantan Selatan,16,2023,10,Oktober,10,Belanja Tidak Terduga,100000000000.0,15559838770.0,15.56,False,False
Kalimantan Selatan,16,2023,11,November,11,Belanja Tidak Terduga,100000000000.0,15559838770.0,15.56,False,False
Kalimantan Selatan,16,2023,12,Desember,12,Belanja Tidak Terduga,100000000000.0,16592930820.0,16.59,False,False
Kalimantan Selatan,16,2024,1,Januari,13,Belanja Tidak Terduga,97034514212.0,0.0,0.0,False,False
Kalimantan Selatan,16,2024,2,Februari,14,Belanja Tidak Terduga,97034514212.0,221944250.0,0.23,False,False
Kalimantan Selatan,16,2024,3,Maret,15,Belanja Tidak Terduga,97034514212.0,1119218400.0,1.15,False,False
Kalimantan Selatan,16,2024,4,April,16,Belanja Tidak Terduga,97034514212.0,1109798400.0,1.14,False,False
Kalimantan Selatan,16,2024,5,Mei,17,Belanja Tidak Terduga,97034514212.0,1109798400.0,1.14,False,False
Kalimantan Selatan,16,2024,6,Juni,18,Belanja Tidak Terduga,97034514212.0,1166324250.0,1.2,False,False
Kalimantan Selatan,16,2024,7,Juli,19,Belanja Tidak Terduga,97034514212.0,1604098400.0,1.65,False,False
Kalimantan Selatan,16,2024,8,Agustus,20,Belanja Tidak Terduga,97034514212.0,3688198400.0,3.8,False,False
Kalimantan Selatan,16,2024,9,September,21,Belanja Tidak Terduga,97034514212.0,3688198400.0,3.8,False,False
Kalimantan Selatan,16,2024,10,Oktober,22,Belanja Tidak Terduga,97034514212.0,3688198400.0,3.8,False,False
Kalimantan Selatan,16,2024,11,November,23,Belanja Tidak Terduga,97034514212.0,4110131400.0,4.24,False,False
Kalimantan Selatan,16,2024,12,Desember,24,Belanja Tidak Terduga,97034514212.0,4110131400.0,4.24,False,True
Kalimantan Selatan,16,2025,1,Januari,25,Belanja Tidak Terduga,250000000000.0,0.0,0.0,True,False
Kalimantan Selatan,16,2025,2,Februari,26,Belanja Tidak Terduga,250000000000.0,0.0,0.0,True,False
Kalimantan Selatan,16,2025,3,Maret,27,Belanja Tidak Terduga,250000000000.0,0.0,0.0,True,False
Kalimantan Selatan,16,2025,4,April,28,Belanja Tidak Terduga,250000000000.0,0.0,0.0,True,False
Kalimantan Selatan,16,2025,5,Mei,29,Belanja Tidak Terduga,250000000000.0,0.0,0.0,True,False
Kalimantan Selatan,16,2025,6,Juni,30,Belanja Tidak Terduga,250000000000.0,0.0,0.0,True,False
Kalimantan Selatan,16,2025,7,Juli,31,Belanja Tidak Terduga,250000000000.0,0.0,0.0,True,False
Kalimantan Selatan,16,2025,8,Agustus,32,Belanja Tidak Terduga,250000000000.0,0.0,0.0,True,False
Kalimantan Selatan,16,2025,9,September,33,Belanja Tidak Terduga,250000000000.0,0.0,0.0,True,False
Kalimantan Selatan,16,2025,10,Oktober,34,Belanja Tidak Terduga,250000000000.0,0.0,0.0,True,False
Kalimantan Selatan,16,2025,11,November,35,Belanja Tidak Terduga,250000000000.0,0.0,0.0,True,False
Kalimantan Selatan,16,2025,12,Desember,36,Belanja Tidak Terduga,250000000000.0,0.0,0.0,True,False
Kalimantan Selatan,16,2026,1,Januari,37,Belanja Tidak Terduga,50000000000.0,0.0,0.0,False,False
Kalimantan Selatan,16,2026,2,Februari,38,Belanja Tidak Terduga,50000000000.0,0.0,0.0,False,False
Kalimantan Selatan,16,2026,3,Maret,39,Belanja Tidak Terduga,50000000000.0,0.0,0.0,False,False
Kalimantan Selatan,16,2026,4,April,40,Belanja Tidak Terduga,50000000000.0,0.0,0.0,False,False
Kalimantan Selatan,16,2026,5,Mei,41,Belanja Tidak Terduga,50000000000.0,3942811892.95,7.89,False,False
Kalimantan Selatan,16,2026,6,Juni,42,Belanja Tidak Terduga,50000000000.0,3942811892.95,7.89,False,False
Kalimantan Selatan,16,2026,7,Juli,43,Belanja Tidak Terduga,50000000000.0,4100106835.95,8.2,False,False
Kalimantan Selatan,16,2026,8,Agustus,44,Belanja Tidak Terduga,50000000000.0,4100106835.95,8.2,False,True
Kalimantan Selatan,16,2026,9,September,45,Belanja Tidak Terduga,50000000000.0,4100106835.95,8.2,False,True
Kalimantan Selatan,16,2026,10,Oktober,46,Belanja Tidak Terduga,50000000000.0,4100106835.95,8.2,False,True
Kalimantan Selatan,16,2026,11,November,47,Belanja Tidak Terduga,50000000000.0,4100106835.95,8.2,False,True
Kalimantan Selatan,16,2026,12,Desember,48,Belanja Tidak Terduga,50000000000.0,4100106835.95,8.2,False,True
Kalimantan Selatan,16,2023,1,Januari,1,Hasil Pengelolaan Kekayaan Daerah yang Dipisahkan,66598836058.0,1000000000.0,1.5,False,False
Kalimantan Selatan,16,2023,2,Februari,2,Hasil Pengelolaan Kekayaan Daerah yang Dipisahkan,66598836058.0,49361152170.0,74.12,False,False
Kalimantan Selatan,16,2023,3,Maret,3,Hasil Pengelolaan Kekayaan Daerah yang Dipisahkan,66598836058.0,49407911045.0,74.19,False,False
Kalimantan Selatan,16,2023,4,April,4,Hasil Pengelolaan Kekayaan Daerah yang Dipisahkan,66598836058.0,49426278095.0,74.21,False,False
Kalimantan Selatan,16,2023,5,Mei,5,Hasil Pengelolaan Kekayaan Daerah yang Dipisahkan,66598836058.0,49426278095.0,74.21,False,False
Kalimantan Selatan,16,2023,6,Juni,6,Hasil Pengelolaan Kekayaan Daerah yang Dipisahkan,66598836058.0,51374298727.0,77.14,False,False
Kalimantan Selatan,16,2023,7,Juli,7,Hasil Pengelolaan Kekayaan Daerah yang Dipisahkan,66598836058.0,51538023609.0,77.39,False,False
Kalimantan Selatan,16,2023,8,Agustus,8,Hasil Pengelolaan Kekayaan Daerah yang Dipisahkan,66598836058.0,51538023609.0,77.39,False,False
Kalimantan Selatan,16,2023,9,September,9,Hasil Pengelolaan Kekayaan Daerah yang Dipisahkan,66598836058.0,51709881631.0,77.64,False,False
Kalimantan Selatan,16,2023,10,Oktober,10,Hasil Pengelolaan Kekayaan Daerah yang Dipisahkan,66598836058.0,51709881631.0,77.64,False,False
Kalimantan Selatan,16,2023,11,November,11,Hasil Pengelolaan Kekayaan Daerah yang Dipisahkan,66598836058.0,51709881631.0,77.64,False,False
Kalimantan Selatan,16,2023,12,Desember,12,Hasil Pengelolaan Kekayaan Daerah yang Dipisahkan,66598836058.0,51697381631.0,77.63,False,False
Kalimantan Selatan,16,2024,1,Januari,13,Hasil Pengelolaan Kekayaan Daerah yang Dipisahkan,62285299940.0,0.0,0.0,False,False
Kalimantan Selatan,16,2024,2,Februari,14,Hasil Pengelolaan Kekayaan Daerah yang Dipisahkan,62285299940.0,47882637325.0,76.88,False,False
Kalimantan Selatan,16,2024,3,Maret,15,Hasil Pengelolaan Kekayaan Daerah yang Dipisahkan,62285299940.0,49391862224.0,79.3,False,False
Kalimantan Selatan,16,2024,4,April,16,Hasil Pengelolaan Kekayaan Daerah yang Dipisahkan,62285299940.0,49401407254.0,79.31,False,False
Kalimantan Selatan,16,2024,5,Mei,17,Hasil Pengelolaan Kekayaan Daerah yang Dipisahkan,62285299940.0,49612702987.0,79.65,False,False
Kalimantan Selatan,16,2024,6,Juni,18,Hasil Pengelolaan Kekayaan Daerah yang Dipisahkan,62285299940.0,49657168387.0,79.73,False,False
Kalimantan Selatan,16,2024,7,Juli,19,Hasil Pengelolaan Kekayaan Daerah yang Dipisahkan,62285299940.0,55350411134.0,88.87,False,False
Kalimantan Selatan,16,2024,8,Agustus,20,Hasil Pengelolaan Kekayaan Daerah yang Dipisahkan,62285299940.0,57227568178.0,91.88,False,False
Kalimantan Selatan,16,2024,9,September,21,Hasil Pengelolaan Kekayaan Daerah yang Dipisahkan,62285299940.0,57227568178.0,91.88,False,False
Kalimantan Selatan,16,2024,10,Oktober,22,Hasil Pengelolaan Kekayaan Daerah yang Dipisahkan,62285299940.0,57227568178.0,91.88,False,False
Kalimantan Selatan,16,2024,11,November,23,Hasil Pengelolaan Kekayaan Daerah yang Dipisahkan,62285299940.0,57227568178.0,91.88,False,False
Kalimantan Selatan,16,2024,12,Desember,24,Hasil Pengelolaan Kekayaan Daerah yang Dipisahkan,62285299940.0,63182408455.0,101.44,False,False
Kalimantan Selatan,16,2025,1,Januari,25,Hasil Pengelolaan Kekayaan Daerah yang Dipisahkan,67655550071.0,13000000.0,0.02,False,False
Kalimantan Selatan,16,2025,2,Februari,26,Hasil Pengelolaan Kekayaan Daerah yang Dipisahkan,67655550071.0,13000000.0,0.02,False,False
Kalimantan Selatan,16,2025,3,Maret,27,Hasil Pengelolaan Kekayaan Daerah yang Dipisahkan,67655550071.0,57313621242.0,84.71,False,False
Kalimantan Selatan,16,2025,4,April,28,Hasil Pengelolaan Kekayaan Daerah yang Dipisahkan,67655550071.0,57313621242.0,84.71,False,False
Kalimantan Selatan,16,2025,5,Mei,29,Hasil Pengelolaan Kekayaan Daerah yang Dipisahkan,67655550071.0,58107893644.0,85.89,False,False
Kalimantan Selatan,16,2025,6,Juni,30,Hasil Pengelolaan Kekayaan Daerah yang Dipisahkan,67655550071.0,58679637047.0,86.73,False,False
Kalimantan Selatan,16,2025,7,Juli,31,Hasil Pengelolaan Kekayaan Daerah yang Dipisahkan,67655550071.0,59500613561.0,87.95,False,False
Kalimantan Selatan,16,2025,8,Agustus,32,Hasil Pengelolaan Kekayaan Daerah yang Dipisahkan,67655550071.0,63329728712.0,93.61,False,False
Kalimantan Selatan,16,2025,9,September,33,Hasil Pengelolaan Kekayaan Daerah yang Dipisahkan,67655550071.0,71511703723.0,105.7,False,False
Kalimantan Selatan,16,2025,10,Oktober,34,Hasil Pengelolaan Kekayaan Daerah yang Dipisahkan,67655550071.0,71511703723.0,105.7,False,False
Kalimantan Selatan,16,2025,11,November,35,Hasil Pengelolaan Kekayaan Daerah yang Dipisahkan,67655550071.0,71511703723.0,105.7,False,False
Kalimantan Selatan,16,2025,12,Desember,36,Hasil Pengelolaan Kekayaan Daerah yang Dipisahkan,67655550071.0,71498703723.0,105.68,False,False
Kalimantan Selatan,16,2026,1,Januari,37,Hasil Pengelolaan Kekayaan Daerah yang Dipisahkan,70406749492.0,0.0,0.0,False,False
Kalimantan Selatan,16,2026,2,Februari,38,Hasil Pengelolaan Kekayaan Daerah yang Dipisahkan,70406749492.0,0.0,0.0,False,False
Kalimantan Selatan,16,2026,3,Maret,39,Hasil Pengelolaan Kekayaan Daerah yang Dipisahkan,70406749492.0,56449841334.0,80.18,False,False
Kalimantan Selatan,16,2026,4,April,40,Hasil Pengelolaan Kekayaan Daerah yang Dipisahkan,70406749492.0,56468240712.0,80.2,False,False
Kalimantan Selatan,16,2026,5,Mei,41,Hasil Pengelolaan Kekayaan Daerah yang Dipisahkan,70406749492.0,56502596777.0,80.25,False,False
Kalimantan Selatan,16,2026,6,Juni,42,Hasil Pengelolaan Kekayaan Daerah yang Dipisahkan,70406749492.0,60163928297.76,85.45,False,False
Kalimantan Selatan,16,2026,7,Juli,43,Hasil Pengelolaan Kekayaan Daerah yang Dipisahkan,70406749492.0,60634768874.59,86.12,False,False
Kalimantan Selatan,16,2026,8,Agustus,44,Hasil Pengelolaan Kekayaan Daerah yang Dipisahkan,70406749492.0,69889096718.59,99.26,False,False
Kalimantan Selatan,16,2026,9,September,45,Hasil Pengelolaan Kekayaan Daerah yang Dipisahkan,70406749492.0,69889096718.59,99.26,False,True
Kalimantan Selatan,16,2026,10,Oktober,46,Hasil Pengelolaan Kekayaan Daerah yang Dipisahkan,70406749492.0,69889096718.59,99.26,False,True
Kalimantan Selatan,16,2026,11,November,47,Hasil Pengelolaan Kekayaan Daerah yang Dipisahkan,70406749492.0,69889096718.59,99.26,False,True
Kalimantan Selatan,16,2026,12,Desember,48,Hasil Pengelolaan Kekayaan Daerah yang Dipisahkan,70406749492.0,69889096718.59,99.26,False,True
Kalimantan Selatan,16,2023,1,Januari,1,Lain-Lain PAD yang Sah,776353022146.0,47292568518.26,6.09,False,False
Kalimantan Selatan,16,2023,2,Februari,2,Lain-Lain PAD yang Sah,776353022146.0,101751956858.6,13.11,False,False
Kalimantan Selatan,16,2023,3,Maret,3,Lain-Lain PAD yang Sah,776353022146.0,150651746550.57,19.41,False,False
Kalimantan Selatan,16,2023,4,April,4,Lain-Lain PAD yang Sah,776353022146.0,223491655069.51,28.79,False,False
Kalimantan Selatan,16,2023,5,Mei,5,Lain-Lain PAD yang Sah,776353022146.0,223491655069.51,28.79,False,False
Kalimantan Selatan,16,2023,6,Juni,6,Lain-Lain PAD yang Sah,776353022146.0,277357872575.0,35.73,False,False
Kalimantan Selatan,16,2023,7,Juli,7,Lain-Lain PAD yang Sah,776353022146.0,335002574239.73,43.15,False,False
Kalimantan Selatan,16,2023,8,Agustus,8,Lain-Lain PAD yang Sah,776353022146.0,396814343333.77,51.11,False,False
Kalimantan Selatan,16,2023,9,September,9,Lain-Lain PAD yang Sah,776353022146.0,456481467973.17,58.8,False,False
Kalimantan Selatan,16,2023,10,Oktober,10,Lain-Lain PAD yang Sah,776353022146.0,517802115266.78,66.7,False,False
Kalimantan Selatan,16,2023,11,November,11,Lain-Lain PAD yang Sah,776353022146.0,590783987003.58,76.1,False,False
Kalimantan Selatan,16,2023,12,Desember,12,Lain-Lain PAD yang Sah,776353022146.0,699045628166.66,90.04,False,False
Kalimantan Selatan,16,2024,1,Januari,13,Lain-Lain PAD yang Sah,125158452082.0,8393474038.85,6.71,False,False
Kalimantan Selatan,16,2024,2,Februari,14,Lain-Lain PAD yang Sah,125158452082.0,16242166778.35,12.98,False,False
Kalimantan Selatan,16,2024,3,Maret,15,Lain-Lain PAD yang Sah,125158452082.0,26880290924.43,21.48,False,False
Kalimantan Selatan,16,2024,4,April,16,Lain-Lain PAD yang Sah,125158452082.0,37008183720.49,29.57,False,False
Kalimantan Selatan,16,2024,5,Mei,17,Lain-Lain PAD yang Sah,125158452082.0,51621697280.29,41.25,False,False
Kalimantan Selatan,16,2024,6,Juni,18,Lain-Lain PAD yang Sah,125158452082.0,355395674499.77,283.96,False,False
Kalimantan Selatan,16,2024,7,Juli,19,Lain-Lain PAD yang Sah,125158452082.0,85018157753.25,67.93,False,False
Kalimantan Selatan,16,2024,8,Agustus,20,Lain-Lain PAD yang Sah,125158452082.0,91878012040.12,73.41,False,False
Kalimantan Selatan,16,2024,9,September,21,Lain-Lain PAD yang Sah,125158452082.0,116345168354.48,92.96,False,False
Kalimantan Selatan,16,2024,10,Oktober,22,Lain-Lain PAD yang Sah,125158452082.0,124847878440.69,99.75,False,False
Kalimantan Selatan,16,2024,11,November,23,Lain-Lain PAD yang Sah,125158452082.0,136201186887.54,108.82,False,False
Kalimantan Selatan,16,2024,12,Desember,24,Lain-Lain PAD yang Sah,125158452082.0,733584987721.26,586.13,False,False
Kalimantan Selatan,16,2025,1,Januari,25,Lain-Lain PAD yang Sah,117085914584.0,8508958848.84,7.27,False,False
Kalimantan Selatan,16,2025,2,Februari,26,Lain-Lain PAD yang Sah,117085914584.0,13029251294.88,11.13,False,False
Kalimantan Selatan,16,2025,3,Maret,27,Lain-Lain PAD yang Sah,117085914584.0,25029203863.49,21.38,False,False
Kalimantan Selatan,16,2025,4,April,28,Lain-Lain PAD yang Sah,117085914584.0,39511929864.72,33.75,False,False
Kalimantan Selatan,16,2025,5,Mei,29,Lain-Lain PAD yang Sah,117085914584.0,59081879730.58,50.46,False,False
Kalimantan Selatan,16,2025,6,Juni,30,Lain-Lain PAD yang Sah,117085914584.0,75318759967.24,64.33,False,False
Kalimantan Selatan,16,2025,7,Juli,31,Lain-Lain PAD yang Sah,117085914584.0,93793459560.22,80.11,False,False
Kalimantan Selatan,16,2025,8,Agustus,32,Lain-Lain PAD yang Sah,117085914584.0,110370660025.08,94.26,False,False
Kalimantan Selatan,16,2025,9,September,33,Lain-Lain PAD yang Sah,117085914584.0,131361092214.35,112.19,False,False
Kalimantan Selatan,16,2025,10,Oktober,34,Lain-Lain PAD yang Sah,117085914584.0,152122289247.39,129.92,False,False
Kalimantan Selatan,16,2025,11,November,35,Lain-Lain PAD yang Sah,117085914584.0,172768663349.97,147.56,False,False
Kalimantan Selatan,16,2025,12,Desember,36,Lain-Lain PAD yang Sah,117085914584.0,256734985977.8,219.27,False,False
Kalimantan Selatan,16,2026,1,Januari,37,Lain-Lain PAD yang Sah,87882576081.0,7550278732.89,8.59,False,False
Kalimantan Selatan,16,2026,2,Februari,38,Lain-Lain PAD yang Sah,87882576081.0,13708504587.26,15.6,False,False
Kalimantan Selatan,16,2026,3,Maret,39,Lain-Lain PAD yang Sah,87882576081.0,24263183041.0,27.61,False,False
Kalimantan Selatan,16,2026,4,April,40,Lain-Lain PAD yang Sah,87882576081.0,32684158152.91,37.19,False,False
Kalimantan Selatan,16,2026,5,Mei,41,Lain-Lain PAD yang Sah,87882576081.0,41000392839.91,46.65,False,False
Kalimantan Selatan,16,2026,6,Juni,42,Lain-Lain PAD yang Sah,87882576081.0,47524423044.05,54.08,False,False
Kalimantan Selatan,16,2026,7,Juli,43,Lain-Lain PAD yang Sah,87882576081.0,54324875317.42,61.82,False,False
Kalimantan Selatan,16,2026,8,Agustus,44,Lain-Lain PAD yang Sah,87882576081.0,59369678404.22,67.56,False,False
Kalimantan Selatan,16,2026,9,September,45,Lain-Lain PAD yang Sah,87882576081.0,59373831964.22,67.56,False,False
Kalimantan Selatan,16,2026,10,Oktober,46,Lain-Lain PAD yang Sah,87882576081.0,59373831964.22,67.56,False,True
Kalimantan Selatan,16,2026,11,November,47,Lain-Lain PAD yang Sah,87882576081.0,59373831964.22,67.56,False,True
Kalimantan Selatan,16,2026,12,Desember,48,Lain-Lain PAD yang Sah,87882576081.0,59373831964.22,67.56,False,True
Kalimantan Selatan,16,2025,1,Januari,25,Lain-lain Pendapatan Sesuai dengan Ketentuan Peraturan Perundang-Undangan,164037615235.0,51173886.0,0.03,False,False
Kalimantan Selatan,16,2025,2,Februari,26,Lain-lain Pendapatan Sesuai dengan Ketentuan Peraturan Perundang-Undangan,164037615235.0,125708350.0,0.08,False,False
Kalimantan Selatan,16,2025,3,Maret,27,Lain-lain Pendapatan Sesuai dengan Ketentuan Peraturan Perundang-Undangan,164037615235.0,136125733.0,0.08,False,False
Kalimantan Selatan,16,2025,4,April,28,Lain-lain Pendapatan Sesuai dengan Ketentuan Peraturan Perundang-Undangan,164037615235.0,18999528030.0,11.58,False,False
Kalimantan Selatan,16,2025,5,Mei,29,Lain-lain Pendapatan Sesuai dengan Ketentuan Peraturan Perundang-Undangan,164037615235.0,27708811155.0,16.89,False,False
Kalimantan Selatan,16,2025,6,Juni,30,Lain-lain Pendapatan Sesuai dengan Ketentuan Peraturan Perundang-Undangan,164037615235.0,28758247860.0,17.53,False,False
Kalimantan Selatan,16,2025,7,Juli,31,Lain-lain Pendapatan Sesuai dengan Ketentuan Peraturan Perundang-Undangan,164037615235.0,164504893125.0,100.28,False,False
Kalimantan Selatan,16,2025,8,Agustus,32,Lain-lain Pendapatan Sesuai dengan Ketentuan Peraturan Perundang-Undangan,164037615235.0,164530078543.0,100.3,False,False
Kalimantan Selatan,16,2025,9,September,33,Lain-lain Pendapatan Sesuai dengan Ketentuan Peraturan Perundang-Undangan,164037615235.0,164530078543.0,100.3,False,True
Kalimantan Selatan,16,2025,10,Oktober,34,Lain-lain Pendapatan Sesuai dengan Ketentuan Peraturan Perundang-Undangan,164037615235.0,164530078543.0,100.3,False,True
Kalimantan Selatan,16,2025,11,November,35,Lain-lain Pendapatan Sesuai dengan Ketentuan Peraturan Perundang-Undangan,164037615235.0,164530078543.0,100.3,False,True
Kalimantan Selatan,16,2025,12,Desember,36,Lain-lain Pendapatan Sesuai dengan Ketentuan Peraturan Perundang-Undangan,164037615235.0,164530078543.0,100.3,False,True
Kalimantan Selatan,16,2026,1,Januari,37,Lain-lain Pendapatan Sesuai dengan Ketentuan Peraturan Perundang-Undangan,109988650500.0,131704500.0,0.12,False,False
Kalimantan Selatan,16,2026,2,Februari,38,Lain-lain Pendapatan Sesuai dengan Ketentuan Peraturan Perundang-Undangan,109988650500.0,322704500.0,0.29,False,False
Kalimantan Selatan,16,2026,3,Maret,39,Lain-lain Pendapatan Sesuai dengan Ketentuan Peraturan Perundang-Undangan,109988650500.0,324004500.0,0.29,False,False
Kalimantan Selatan,16,2026,4,April,40,Lain-lain Pendapatan Sesuai dengan Ketentuan Peraturan Perundang-Undangan,109988650500.0,324004500.0,0.29,False,False
Kalimantan Selatan,16,2026,5,Mei,41,Lain-lain Pendapatan Sesuai dengan Ketentuan Peraturan Perundang-Undangan,109988650500.0,8796554100.0,8.0,False,False
Kalimantan Selatan,16,2026,6,Juni,42,Lain-lain Pendapatan Sesuai dengan Ketentuan Peraturan Perundang-Undangan,109988650500.0,131506311213.0,119.56,False,False
Kalimantan Selatan,16,2026,7,Juli,43,Lain-lain Pendapatan Sesuai dengan Ketentuan Peraturan Perundang-Undangan,109988650500.0,131506311213.0,119.56,False,True
Kalimantan Selatan,16,2026,8,Agustus,44,Lain-lain Pendapatan Sesuai dengan Ketentuan Peraturan Perundang-Undangan,109988650500.0,131506311213.0,119.56,False,True
Kalimantan Selatan,16,2026,9,September,45,Lain-lain Pendapatan Sesuai dengan Ketentuan Peraturan Perundang-Undangan,109988650500.0,131506311213.0,119.56,False,True
Kalimantan Selatan,16,2026,10,Oktober,46,Lain-lain Pendapatan Sesuai dengan Ketentuan Peraturan Perundang-Undangan,109988650500.0,131506311213.0,119.56,False,True
Kalimantan Selatan,16,2026,11,November,47,Lain-lain Pendapatan Sesuai dengan Ketentuan Peraturan Perundang-Undangan,109988650500.0,131506311213.0,119.56,False,True
Kalimantan Selatan,16,2026,12,Desember,48,Lain-lain Pendapatan Sesuai dengan Ketentuan Peraturan Perundang-Undangan,109988650500.0,131506311213.0,119.56,False,True
Kalimantan Selatan,16,2023,1,Januari,1,PAD,4045819428033.0,379205778051.2,9.37,False,False
Kalimantan Selatan,16,2023,2,Februari,2,PAD,4045819428033.0,785345911068.82,19.41,False,False
Kalimantan Selatan,16,2023,3,Maret,3,PAD,4045819428033.0,1138690505017.6,28.14,False,False
Kalimantan Selatan,16,2023,4,April,4,PAD,4045819428033.0,1606376865729.3,39.7,False,False
Kalimantan Selatan,16,2023,5,Mei,5,PAD,4045819428033.0,1606376865729.3,39.7,False,False
Kalimantan Selatan,16,2023,6,Juni,6,PAD,4045819428033.0,1944535237970.4,48.06,False,False
Kalimantan Selatan,16,2023,7,Juli,7,PAD,4045819428033.0,2373279146762.1,58.66,False,False
Kalimantan Selatan,16,2023,8,Agustus,8,PAD,4045819428033.0,2751041589303.2,68.0,False,False
Kalimantan Selatan,16,2023,9,September,9,PAD,4045819428033.0,3129109232159.6,77.34,False,False
Kalimantan Selatan,16,2023,10,Oktober,10,PAD,4045819428033.0,3584909312299.2,88.61,False,False
Kalimantan Selatan,16,2023,11,November,11,PAD,4045819428033.0,4001539404038.0,98.91,False,False
Kalimantan Selatan,16,2023,12,Desember,12,PAD,4045819428033.0,4499217832794.0,111.21,False,False
Kalimantan Selatan,16,2024,1,Januari,13,PAD,4799502391804.0,397496563976.33,8.28,False,False
Kalimantan Selatan,16,2024,2,Februari,14,PAD,4799502391804.0,799747357010.16,16.66,False,False
Kalimantan Selatan,16,2024,3,Maret,15,PAD,4799502391804.0,1159656257245.2,24.16,False,False
Kalimantan Selatan,16,2024,4,April,16,PAD,4799502391804.0,1525008617441.8,31.77,False,False
Kalimantan Selatan,16,2024,5,Mei,17,PAD,4799502391804.0,1907616049473.1,39.75,False,False
Kalimantan Selatan,16,2024,6,Juni,18,PAD,4799502391804.0,2704321452839.2,56.35,False,False
Kalimantan Selatan,16,2024,7,Juli,19,PAD,4799502391804.0,2905874282180.7,60.55,False,False
Kalimantan Selatan,16,2024,8,Agustus,20,PAD,4799502391804.0,3335504571675.3,69.5,False,False
Kalimantan Selatan,16,2024,9,September,21,PAD,4799502391804.0,3780350047350.5,78.77,False,False
Kalimantan Selatan,16,2024,10,Oktober,22,PAD,4799502391804.0,4339762758446.8,90.42,False,False
Kalimantan Selatan,16,2024,11,November,23,PAD,4799502391804.0,4750929636842.6,98.99,False,False
Kalimantan Selatan,16,2024,12,Desember,24,PAD,4799502391804.0,5537675932447.7,115.38,False,False
Kalimantan Selatan,16,2025,1,Januari,25,PAD,4588166955501.0,344163418375.84,7.5,False,False
Kalimantan Selatan,16,2025,2,Februari,26,PAD,4588166955501.0,690927454501.88,15.06,False,False
Kalimantan Selatan,16,2025,3,Maret,27,PAD,4588166955501.0,1149562848883.5,25.05,False,False
Kalimantan Selatan,16,2025,4,April,28,PAD,4588166955501.0,1653580336799.7,36.04,False,False
Kalimantan Selatan,16,2025,5,Mei,29,PAD,4588166955501.0,2037770115382.6,44.41,False,False
Kalimantan Selatan,16,2025,6,Juni,30,PAD,4588166955501.0,2456085487936.2,53.53,False,False
Kalimantan Selatan,16,2025,7,Juli,31,PAD,4588166955501.0,2859635033832.2,62.33,False,False
Kalimantan Selatan,16,2025,8,Agustus,32,PAD,4588166955501.0,3344472542502.1,72.89,False,False
Kalimantan Selatan,16,2025,9,September,33,PAD,4588166955501.0,3769821653337.4,82.16,False,False
Kalimantan Selatan,16,2025,10,Oktober,34,PAD,4588166955501.0,4277920431779.4,93.24,False,False
Kalimantan Selatan,16,2025,11,November,35,PAD,4588166955501.0,4705356424332.0,102.55,False,False
Kalimantan Selatan,16,2025,12,Desember,36,PAD,4588166955501.0,5290765753422.4,115.31,False,False
Kalimantan Selatan,16,2026,1,Januari,37,PAD,4628841634964.0,383914896770.89,8.29,False,False
Kalimantan Selatan,16,2026,2,Februari,38,PAD,4628841634964.0,780823787515.26,16.87,False,False
Kalimantan Selatan,16,2026,3,Maret,39,PAD,4628841634964.0,1199879353029.0,25.92,False,False
Kalimantan Selatan,16,2026,4,April,40,PAD,4628841634964.0,1729651589067.9,37.37,False,False
Kalimantan Selatan,16,2026,5,Mei,41,PAD,4628841634964.0,2228153439678.9,48.14,False,False
Kalimantan Selatan,16,2026,6,Juni,42,PAD,4628841634964.0,2715907285271.8,58.67,False,False
Kalimantan Selatan,16,2026,7,Juli,43,PAD,4628841634964.0,3212736953577.0,69.41,False,False
Kalimantan Selatan,16,2026,8,Agustus,44,PAD,4628841634964.0,4050980368096.1,87.52,False,False
Kalimantan Selatan,16,2026,9,September,45,PAD,4628841634964.0,4054838695035.2,87.6,False,False
Kalimantan Selatan,16,2026,10,Oktober,46,PAD,4628841634964.0,4054838695035.2,87.6,False,True
Kalimantan Selatan,16,2026,11,November,47,PAD,4628841634964.0,4054838695035.2,87.6,False,True
Kalimantan Selatan,16,2026,12,Desember,48,PAD,4628841634964.0,4054838695035.1,87.6,False,True
Kalimantan Selatan,16,2023,1,Januari,1,Pajak Daerah,3183010336573.0,330030268952.94,10.37,False,False
Kalimantan Selatan,16,2023,2,Februari,2,Pajak Daerah,3183010336573.0,632222607080.22,19.86,False,False
Kalimantan Selatan,16,2023,3,Maret,3,Pajak Daerah,3183010336573.0,935516312700.03,29.39,False,False
Kalimantan Selatan,16,2023,4,April,4,Pajak Daerah,3183010336573.0,1328870245813.8,41.75,False,False
Kalimantan Selatan,16,2023,5,Mei,5,Pajak Daerah,3183010336573.0,1328870245813.8,41.75,False,False
Kalimantan Selatan,16,2023,6,Juni,6,Pajak Daerah,3183010336573.0,1609826086354.4,50.58,False,False
Kalimantan Selatan,16,2023,7,Juli,7,Pajak Daerah,3183010336573.0,1978865007778.4,62.17,False,False
Kalimantan Selatan,16,2023,8,Agustus,8,Pajak Daerah,3183010336573.0,2292934753767.4,72.04,False,False
Kalimantan Selatan,16,2023,9,September,9,Pajak Daerah,3183010336573.0,2609431591309.4,81.98,False,False
Kalimantan Selatan,16,2023,10,Oktober,10,Pajak Daerah,3183010336573.0,3001996673528.4,94.31,False,False
Kalimantan Selatan,16,2023,11,November,11,Pajak Daerah,3183010336573.0,3343425454902.4,105.04,False,False
Kalimantan Selatan,16,2023,12,Desember,12,Pajak Daerah,3183010336573.0,3729688462099.4,117.17,False,False
Kalimantan Selatan,16,2024,1,Januari,13,Pajak Daerah,3980000000000.0,329927054532.0,8.29,False,False
Kalimantan Selatan,16,2024,2,Februari,14,Pajak Daerah,3980000000000.0,619667143469.0,15.57,False,False
Kalimantan Selatan,16,2024,3,Maret,15,Pajak Daerah,3980000000000.0,911377661571.0,22.9,False,False
Kalimantan Selatan,16,2024,4,April,16,Pajak Daerah,3980000000000.0,1214498456749.0,30.52,False,False
Kalimantan Selatan,16,2024,5,Mei,17,Pajak Daerah,3980000000000.0,1531205598095.0,38.47,False,False
Kalimantan Selatan,16,2024,6,Juni,18,Pajak Daerah,3980000000000.0,1973250634944.0,49.58,False,False
Kalimantan Selatan,16,2024,7,Juli,19,Pajak Daerah,3980000000000.0,2385023413389.7,59.93,False,False
Kalimantan Selatan,16,2024,8,Agustus,20,Pajak Daerah,3980000000000.0,2747027090669.7,69.02,False,False
Kalimantan Selatan,16,2024,9,September,21,Pajak Daerah,3980000000000.0,3107949264299.7,78.09,False,False
Kalimantan Selatan,16,2024,10,Oktober,22,Pajak Daerah,3980000000000.0,3567463468234.7,89.63,False,False
Kalimantan Selatan,16,2024,11,November,23,Pajak Daerah,3980000000000.0,3936775584079.7,98.91,False,False
Kalimantan Selatan,16,2024,12,Desember,24,Pajak Daerah,3980000000000.0,4409342181903.7,110.79,False,False
Kalimantan Selatan,16,2025,1,Januari,25,Pajak Daerah,3711664179990.0,279886552380.0,7.54,False,False
Kalimantan Selatan,16,2025,2,Februari,26,Pajak Daerah,3711664179990.0,563900121155.0,15.19,False,False
Kalimantan Selatan,16,2025,3,Maret,27,Pajak Daerah,3711664179990.0,893401437759.0,24.07,False,False
Kalimantan Selatan,16,2025,4,April,28,Pajak Daerah,3711664179990.0,1327599599267.0,35.77,False,False
Kalimantan Selatan,16,2025,5,Mei,29,Pajak Daerah,3711664179990.0,1630425985768.0,43.93,False,False
Kalimantan Selatan,16,2025,6,Juni,30,Pajak Daerah,3711664179990.0,1983999241084.0,53.45,False,False
Kalimantan Selatan,16,2025,7,Juli,31,Pajak Daerah,3711664179990.0,2303070201166.0,62.05,False,False
Kalimantan Selatan,16,2025,8,Agustus,32,Pajak Daerah,3711664179990.0,2698538696616.0,72.7,False,False
Kalimantan Selatan,16,2025,9,September,33,Pajak Daerah,3711664179990.0,3032217698192.0,81.69,False,False
Kalimantan Selatan,16,2025,10,Oktober,34,Pajak Daerah,3711664179990.0,3454004711439.0,93.06,False,False
Kalimantan Selatan,16,2025,11,November,35,Pajak Daerah,3711664179990.0,3797683126282.0,102.32,False,False
Kalimantan Selatan,16,2025,12,Desember,36,Pajak Daerah,3711664179990.0,4225087405602.8,113.83,False,False
Kalimantan Selatan,16,2026,1,Januari,37,Pajak Daerah,3756664179990.0,321382318914.0,8.55,False,False
Kalimantan Selatan,16,2026,2,Februari,38,Pajak Daerah,3756664179990.0,656566069927.0,17.48,False,False
Kalimantan Selatan,16,2026,3,Maret,39,Pajak Daerah,3756664179990.0,945739296878.0,25.17,False,False
Kalimantan Selatan,16,2026,4,April,40,Pajak Daerah,3756664179990.0,1404326788793.0,37.38,False,False
Kalimantan Selatan,16,2026,5,Mei,41,Pajak Daerah,3756664179990.0,1832573042959.0,48.78,False,False
Kalimantan Selatan,16,2026,6,Juni,42,Pajak Daerah,3756664179990.0,2244670455883.0,59.75,False,False
Kalimantan Selatan,16,2026,7,Juli,43,Pajak Daerah,3756664179990.0,2706969062298.0,72.06,False,False
Kalimantan Selatan,16,2026,8,Agustus,44,Pajak Daerah,3756664179990.0,3418767915377.0,91.01,False,False
Kalimantan Selatan,16,2026,9,September,45,Pajak Daerah,3756664179990.0,3422584422756.0,91.11,False,False
Kalimantan Selatan,16,2026,10,Oktober,46,Pajak Daerah,3756664179990.0,3422584422756.0,91.11,False,True
Kalimantan Selatan,16,2026,11,November,47,Pajak Daerah,3756664179990.0,3422584422756.0,91.11,False,True
Kalimantan Selatan,16,2026,12,Desember,48,Pajak Daerah,3756664179990.0,3422584422756.0,91.11,False,True
Kalimantan Selatan,16,2023,1,Januari,1,Pendapatan Daerah,7826314817323.0,903245739205.2,11.54,False,False
Kalimantan Selatan,16,2023,2,Februari,2,Pendapatan Daerah,7826314817323.0,1380402673277.8,17.64,False,False
Kalimantan Selatan,16,2023,3,Maret,3,Pendapatan Daerah,7826314817323.0,1890104602276.6,24.15,False,False
Kalimantan Selatan,16,2023,4,April,4,Pendapatan Daerah,7826314817323.0,3372157403767.3,43.09,False,False
Kalimantan Selatan,16,2023,5,Mei,5,Pendapatan Daerah,7826314817323.0,3372157403767.3,43.09,False,False
Kalimantan Selatan,16,2023,6,Juni,6,Pendapatan Daerah,7826314817323.0,4051024926902.4,51.76,False,False
Kalimantan Selatan,16,2023,7,Juli,7,Pendapatan Daerah,7826314817323.0,5280517695770.1,67.47,False,False
Kalimantan Selatan,16,2023,8,Agustus,8,Pendapatan Daerah,7826314817323.0,5753262147744.2,73.51,False,False
Kalimantan Selatan,16,2023,9,September,9,Pendapatan Daerah,7826314817323.0,6440038719164.6,82.29,False,False
Kalimantan Selatan,16,2023,10,Oktober,10,Pendapatan Daerah,7826314817323.0,7937287377279.2,101.42,False,False
Kalimantan Selatan,16,2023,11,November,11,Pendapatan Daerah,7826314817323.0,8563199561925.0,109.42,False,False
Kalimantan Selatan,16,2023,12,Desember,12,Pendapatan Daerah,7826314817323.0,9444191448766.1,120.67,False,False
Kalimantan Selatan,16,2024,1,Januari,13,Pendapatan Daerah,11614484904704.0,1131181675065.3,9.74,False,False
Kalimantan Selatan,16,2024,2,Februari,14,Pendapatan Daerah,11614484904704.0,1709640951626.2,14.72,False,False
Kalimantan Selatan,16,2024,3,Maret,15,Pendapatan Daerah,11614484904704.0,2320330753372.2,19.98,False,False
Kalimantan Selatan,16,2024,4,April,16,Pendapatan Daerah,11614484904704.0,3454935010162.8,29.75,False,False
Kalimantan Selatan,16,2024,5,Mei,17,Pendapatan Daerah,11614484904704.0,4003801690722.1,34.47,False,False
Kalimantan Selatan,16,2024,6,Juni,18,Pendapatan Daerah,11614484904704.0,4868887607135.2,41.92,False,False
Kalimantan Selatan,16,2024,7,Juli,19,Pendapatan Daerah,11614484904704.0,6458157745109.7,55.6,False,False
Kalimantan Selatan,16,2024,8,Agustus,20,Pendapatan Daerah,11614484904704.0,7091124929871.3,61.05,False,False
Kalimantan Selatan,16,2024,9,September,21,Pendapatan Daerah,11614484904704.0,7796974545724.5,67.13,False,False
Kalimantan Selatan,16,2024,10,Oktober,22,Pendapatan Daerah,11614484904704.0,9789390833913.8,84.29,False,False
Kalimantan Selatan,16,2024,11,November,23,Pendapatan Daerah,11614484904704.0,10581674259978.0,91.11,False,False
Kalimantan Selatan,16,2024,12,Desember,24,Pendapatan Daerah,11614484904704.0,12409733239989.0,106.85,False,False
Kalimantan Selatan,16,2025,1,Januari,25,Pendapatan Daerah,10521052402604.0,825776810867.84,7.85,False,False
Kalimantan Selatan,16,2025,2,Februari,26,Pendapatan Daerah,10521052402604.0,1319228007569.9,12.54,False,False
Kalimantan Selatan,16,2025,3,Maret,27,Pendapatan Daerah,10521052402604.0,2265496179184.5,21.53,False,False
Kalimantan Selatan,16,2025,4,April,28,Pendapatan Daerah,10521052402604.0,3147116302600.7,29.91,False,False
Kalimantan Selatan,16,2025,5,Mei,29,Pendapatan Daerah,10521052402604.0,3998615562368.6,38.01,False,False
Kalimantan Selatan,16,2025,6,Juni,30,Pendapatan Daerah,10521052402604.0,4780701503979.2,45.44,False,False
Kalimantan Selatan,16,2025,7,Juli,31,Pendapatan Daerah,10521052402604.0,6027768889669.2,57.29,False,False
Kalimantan Selatan,16,2025,8,Agustus,32,Pendapatan Daerah,10521052402604.0,7346799194237.1,69.83,False,False
Kalimantan Selatan,16,2025,9,September,33,Pendapatan Daerah,10521052402604.0,8417308084254.3,80.0,False,False
Kalimantan Selatan,16,2025,10,Oktober,34,Pendapatan Daerah,10521052402604.0,9196125496445.4,87.41,False,False
Kalimantan Selatan,16,2025,11,November,35,Pendapatan Daerah,10521052402604.0,10490877295920.0,99.71,False,False
Kalimantan Selatan,16,2025,12,Desember,36,Pendapatan Daerah,10521052402604.0,11183217404715.0,106.29,False,False
Kalimantan Selatan,16,2026,1,Januari,37,Pendapatan Daerah,7353410915143.0,707710818270.89,9.62,False,False
Kalimantan Selatan,16,2026,2,Februari,38,Pendapatan Daerah,7353410915143.0,1228714856615.3,16.71,False,False
Kalimantan Selatan,16,2026,3,Maret,39,Pendapatan Daerah,7353410915143.0,1880160440996.0,25.57,False,False
Kalimantan Selatan,16,2026,4,April,40,Pendapatan Daerah,7353410915143.0,2554995319234.9,34.75,False,False
Kalimantan Selatan,16,2026,5,Mei,41,Pendapatan Daerah,7353410915143.0,3268349234695.9,44.45,False,False
Kalimantan Selatan,16,2026,6,Juni,42,Pendapatan Daerah,7353410915143.0,3998978063370.8,54.38,False,False
Kalimantan Selatan,16,2026,7,Juli,43,Pendapatan Daerah,7353410915143.0,4738422629757.0,64.44,False,False
Kalimantan Selatan,16,2026,8,Agustus,44,Pendapatan Daerah,7353410915143.0,5945485878446.2,80.85,False,False
Kalimantan Selatan,16,2026,9,September,45,Pendapatan Daerah,7353410915143.0,5949357105385.2,80.91,False,False
Kalimantan Selatan,16,2026,10,Oktober,46,Pendapatan Daerah,7353410915143.0,5949357105385.2,80.91,False,True
Kalimantan Selatan,16,2026,11,November,47,Pendapatan Daerah,7353410915143.0,5949357105385.2,80.91,False,True
Kalimantan Selatan,16,2026,12,Desember,48,Pendapatan Daerah,7353410915143.0,5949357105385.2,80.91,False,True
Kalimantan Selatan,16,2023,1,Januari,1,Pendapatan Hibah,17767984000.0,462313354.0,2.6,False,False
Kalimantan Selatan,16,2023,2,Februari,2,Pendapatan Hibah,17767984000.0,877295009.0,4.94,False,False
Kalimantan Selatan,16,2023,3,Maret,3,Pendapatan Hibah,17767984000.0,1425797991.0,8.02,False,False
Kalimantan Selatan,16,2023,4,April,4,Pendapatan Hibah,17767984000.0,1808861191.0,10.18,False,False
Kalimantan Selatan,16,2023,5,Mei,5,Pendapatan Hibah,17767984000.0,1808861191.0,10.18,False,False
Kalimantan Selatan,16,2023,6,Juni,6,Pendapatan Hibah,17767984000.0,3616892168.0,20.36,False,False
Kalimantan Selatan,16,2023,7,Juli,7,Pendapatan Hibah,17767984000.0,4320386894.0,24.32,False,False
Kalimantan Selatan,16,2023,8,Agustus,8,Pendapatan Hibah,17767984000.0,5018327077.0,28.24,False,False
Kalimantan Selatan,16,2023,9,September,9,Pendapatan Hibah,17767984000.0,21059143191.0,118.52,False,False
Kalimantan Selatan,16,2023,10,Oktober,10,Pendapatan Hibah,17767984000.0,37484581701.0,210.97,False,False
Kalimantan Selatan,16,2023,11,November,11,Pendapatan Hibah,17767984000.0,38150875641.0,214.72,False,False
Kalimantan Selatan,16,2023,12,Desember,12,Pendapatan Hibah,17767984000.0,58700170041.0,330.37,False,False
Kalimantan Selatan,16,2024,1,Januari,13,Pendapatan Hibah,182444373000.0,530418089.0,0.29,False,False
Kalimantan Selatan,16,2024,2,Februari,14,Pendapatan Hibah,182444373000.0,916765416.0,0.5,False,False
Kalimantan Selatan,16,2024,3,Maret,15,Pendapatan Hibah,182444373000.0,1318950059.0,0.72,False,False
Kalimantan Selatan,16,2024,4,April,16,Pendapatan Hibah,182444373000.0,1700339903.0,0.93,False,False
Kalimantan Selatan,16,2024,5,Mei,17,Pendapatan Hibah,182444373000.0,2228682831.0,1.22,False,False
Kalimantan Selatan,16,2024,6,Juni,18,Pendapatan Hibah,182444373000.0,2533584124.0,1.39,False,False
Kalimantan Selatan,16,2024,7,Juli,19,Pendapatan Hibah,182444373000.0,3128201873.0,1.71,False,False
Kalimantan Selatan,16,2024,8,Agustus,20,Pendapatan Hibah,182444373000.0,5521644298.0,3.03,False,False
Kalimantan Selatan,16,2024,9,September,21,Pendapatan Hibah,182444373000.0,6192721772.0,3.39,False,False
Kalimantan Selatan,16,2024,10,Oktober,22,Pendapatan Hibah,182444373000.0,6887636588.0,3.78,False,False
Kalimantan Selatan,16,2024,11,November,23,Pendapatan Hibah,182444373000.0,7499765607.0,4.11,False,False
Kalimantan Selatan,16,2024,12,Desember,24,Pendapatan Hibah,182444373000.0,8526650446.0,4.67,False,False
Kalimantan Selatan,16,2025,1,Januari,25,Pendapatan Hibah,6650000000.0,276745906.0,4.16,False,False
Kalimantan Selatan,16,2025,2,Februari,26,Pendapatan Hibah,6650000000.0,606537107.0,9.12,False,False
Kalimantan Selatan,16,2025,3,Maret,27,Pendapatan Hibah,6650000000.0,972162107.0,14.62,False,False
Kalimantan Selatan,16,2025,4,April,28,Pendapatan Hibah,6650000000.0,1298012107.0,19.52,False,False
Kalimantan Selatan,16,2025,5,Mei,29,Pendapatan Hibah,6650000000.0,1673762107.0,25.17,False,False
Kalimantan Selatan,16,2025,6,Juni,30,Pendapatan Hibah,6650000000.0,3528188107.0,53.06,False,False
Kalimantan Selatan,16,2025,7,Juli,31,Pendapatan Hibah,6650000000.0,4175734107.0,62.79,False,False
Kalimantan Selatan,16,2025,8,Agustus,32,Pendapatan Hibah,6650000000.0,4769680107.0,71.72,False,False
Kalimantan Selatan,16,2025,9,September,33,Pendapatan Hibah,6650000000.0,5429876107.0,81.65,False,False
Kalimantan Selatan,16,2025,10,Oktober,34,Pendapatan Hibah,6650000000.0,6039397107.0,90.82,False,False
Kalimantan Selatan,16,2025,11,November,35,Pendapatan Hibah,6650000000.0,6665943107.0,100.24,False,False
Kalimantan Selatan,16,2025,12,Desember,36,Pendapatan Hibah,6650000000.0,7390764107.0,111.14,False,False
Kalimantan Selatan,16,2026,1,Januari,37,Pendapatan Hibah,6650000000.0,346250000.0,5.21,False,False
Kalimantan Selatan,16,2026,2,Februari,38,Pendapatan Hibah,6650000000.0,740275000.0,11.13,False,False
Kalimantan Selatan,16,2026,3,Maret,39,Pendapatan Hibah,6650000000.0,1100925000.0,16.56,False,False
Kalimantan Selatan,16,2026,4,April,40,Pendapatan Hibah,6650000000.0,1548275000.0,23.28,False,False
Kalimantan Selatan,16,2026,5,Mei,41,Pendapatan Hibah,6650000000.0,1939000000.0,29.16,False,False
Kalimantan Selatan,16,2026,6,Juni,42,Pendapatan Hibah,6650000000.0,5381650000.0,80.93,False,False
Kalimantan Selatan,16,2026,7,Juli,43,Pendapatan Hibah,6650000000.0,5837125000.0,87.78,False,False
Kalimantan Selatan,16,2026,8,Agustus,44,Pendapatan Hibah,6650000000.0,17539026000.0,263.74,False,False
Kalimantan Selatan,16,2026,9,September,45,Pendapatan Hibah,6650000000.0,17551926000.0,263.94,False,False
Kalimantan Selatan,16,2026,10,Oktober,46,Pendapatan Hibah,6650000000.0,17551926000.0,263.94,False,True
Kalimantan Selatan,16,2026,11,November,47,Pendapatan Hibah,6650000000.0,17551926000.0,263.94,False,True
Kalimantan Selatan,16,2026,12,Desember,48,Pendapatan Hibah,6650000000.0,17551926000.0,263.94,False,True
Kalimantan Selatan,16,2023,1,Januari,1,Pendapatan Lainnya,17767984000.0,462313354.0,2.6,False,False
Kalimantan Selatan,16,2023,2,Februari,2,Pendapatan Lainnya,17767984000.0,877295009.0,4.94,False,False
Kalimantan Selatan,16,2023,3,Maret,3,Pendapatan Lainnya,17767984000.0,1425797991.0,8.02,False,False
Kalimantan Selatan,16,2023,4,April,4,Pendapatan Lainnya,17767984000.0,1808861191.0,10.18,False,False
Kalimantan Selatan,16,2023,5,Mei,5,Pendapatan Lainnya,17767984000.0,1808861191.0,10.18,False,False
Kalimantan Selatan,16,2023,6,Juni,6,Pendapatan Lainnya,17767984000.0,3616892168.0,20.36,False,False
Kalimantan Selatan,16,2023,7,Juli,7,Pendapatan Lainnya,17767984000.0,4320386894.0,24.32,False,False
Kalimantan Selatan,16,2023,8,Agustus,8,Pendapatan Lainnya,17767984000.0,5018327077.0,28.24,False,False
Kalimantan Selatan,16,2023,9,September,9,Pendapatan Lainnya,17767984000.0,21059143191.0,118.52,False,False
Kalimantan Selatan,16,2023,10,Oktober,10,Pendapatan Lainnya,17767984000.0,37484581701.0,210.97,False,False
Kalimantan Selatan,16,2023,11,November,11,Pendapatan Lainnya,17767984000.0,38150875641.0,214.72,False,False
Kalimantan Selatan,16,2023,12,Desember,12,Pendapatan Lainnya,17767984000.0,58700170041.0,330.37,False,False
Kalimantan Selatan,16,2024,1,Januari,13,Pendapatan Lainnya,465038703600.0,530418089.0,0.11,False,False
Kalimantan Selatan,16,2024,2,Februari,14,Pendapatan Lainnya,465038703600.0,916765416.0,0.2,False,False
Kalimantan Selatan,16,2024,3,Maret,15,Pendapatan Lainnya,465038703600.0,1318950059.0,0.28,False,False
Kalimantan Selatan,16,2024,4,April,16,Pendapatan Lainnya,465038703600.0,1700339903.0,0.37,False,False
Kalimantan Selatan,16,2024,5,Mei,17,Pendapatan Lainnya,465038703600.0,2228682831.0,0.48,False,False
Kalimantan Selatan,16,2024,6,Juni,18,Pendapatan Lainnya,465038703600.0,2533584124.0,0.54,False,False
Kalimantan Selatan,16,2024,7,Juli,19,Pendapatan Lainnya,465038703600.0,3128201873.0,0.67,False,False
Kalimantan Selatan,16,2024,8,Agustus,20,Pendapatan Lainnya,465038703600.0,15838532398.0,3.41,False,False
Kalimantan Selatan,16,2024,9,September,21,Pendapatan Lainnya,465038703600.0,19009609872.0,4.09,False,False
Kalimantan Selatan,16,2024,10,Oktober,22,Pendapatan Lainnya,465038703600.0,28551743788.0,6.14,False,False
Kalimantan Selatan,16,2024,11,November,23,Pendapatan Lainnya,465038703600.0,32692196407.0,7.03,False,False
Kalimantan Selatan,16,2024,12,Desember,24,Pendapatan Lainnya,465038703600.0,285700299565.0,61.44,False,False
Kalimantan Selatan,16,2025,1,Januari,25,Pendapatan Lainnya,370687615235.0,327919792.0,0.09,False,False
Kalimantan Selatan,16,2025,2,Februari,26,Pendapatan Lainnya,370687615235.0,732245457.0,0.2,False,False
Kalimantan Selatan,16,2025,3,Maret,27,Pendapatan Lainnya,370687615235.0,1108287840.0,0.3,False,False
Kalimantan Selatan,16,2025,4,April,28,Pendapatan Lainnya,370687615235.0,20297540137.0,5.48,False,False
Kalimantan Selatan,16,2025,5,Mei,29,Pendapatan Lainnya,370687615235.0,29382573262.0,7.93,False,False
Kalimantan Selatan,16,2025,6,Juni,30,Pendapatan Lainnya,370687615235.0,32286435967.0,8.71,False,False
Kalimantan Selatan,16,2025,7,Juli,31,Pendapatan Lainnya,370687615235.0,168680627232.0,45.5,False,False
Kalimantan Selatan,16,2025,8,Agustus,32,Pendapatan Lainnya,370687615235.0,169299758650.0,45.67,False,False
Kalimantan Selatan,16,2025,9,September,33,Pendapatan Lainnya,370687615235.0,169959954650.0,45.85,False,False
Kalimantan Selatan,16,2025,10,Oktober,34,Pendapatan Lainnya,370687615235.0,170569475650.0,46.01,False,False
Kalimantan Selatan,16,2025,11,November,35,Pendapatan Lainnya,370687615235.0,371196021650.0,100.14,False,False
Kalimantan Selatan,16,2025,12,Desember,36,Pendapatan Lainnya,370687615235.0,371920842650.0,100.33,False,False
Kalimantan Selatan,16,2026,1,Januari,37,Pendapatan Lainnya,376638650500.0,477954500.0,0.13,False,False
Kalimantan Selatan,16,2026,2,Februari,38,Pendapatan Lainnya,376638650500.0,1062979500.0,0.28,False,False
Kalimantan Selatan,16,2026,3,Maret,39,Pendapatan Lainnya,376638650500.0,1424929500.0,0.38,False,False
Kalimantan Selatan,16,2026,4,April,40,Pendapatan Lainnya,376638650500.0,1872279500.0,0.5,False,False
Kalimantan Selatan,16,2026,5,Mei,41,Pendapatan Lainnya,376638650500.0,10735554100.0,2.85,False,False
Kalimantan Selatan,16,2026,6,Juni,42,Pendapatan Lainnya,376638650500.0,136887961213.0,36.34,False,False
Kalimantan Selatan,16,2026,7,Juli,43,Pendapatan Lainnya,376638650500.0,142343436213.0,37.79,False,False
Kalimantan Selatan,16,2026,8,Agustus,44,Pendapatan Lainnya,376638650500.0,159045337213.0,42.23,False,False
Kalimantan Selatan,16,2026,9,September,45,Pendapatan Lainnya,376638650500.0,159058237213.0,42.23,False,False
Kalimantan Selatan,16,2026,10,Oktober,46,Pendapatan Lainnya,376638650500.0,159058237213.0,42.23,False,True
Kalimantan Selatan,16,2026,11,November,47,Pendapatan Lainnya,376638650500.0,159058237213.0,42.23,False,True
Kalimantan Selatan,16,2026,12,Desember,48,Pendapatan Lainnya,376638650500.0,159058237213.0,42.23,False,True
Kalimantan Selatan,16,2024,1,Januari,13,Pendapatan Transfer Antar Daerah,282594330600.0,0.0,0.0,False,False
Kalimantan Selatan,16,2024,2,Februari,14,Pendapatan Transfer Antar Daerah,282594330600.0,0.0,0.0,False,False
Kalimantan Selatan,16,2024,3,Maret,15,Pendapatan Transfer Antar Daerah,282594330600.0,0.0,0.0,False,False
Kalimantan Selatan,16,2024,4,April,16,Pendapatan Transfer Antar Daerah,282594330600.0,0.0,0.0,False,False
Kalimantan Selatan,16,2024,5,Mei,17,Pendapatan Transfer Antar Daerah,282594330600.0,0.0,0.0,False,False
Kalimantan Selatan,16,2024,6,Juni,18,Pendapatan Transfer Antar Daerah,282594330600.0,0.0,0.0,False,False
Kalimantan Selatan,16,2024,7,Juli,19,Pendapatan Transfer Antar Daerah,282594330600.0,0.0,0.0,False,False
Kalimantan Selatan,16,2024,8,Agustus,20,Pendapatan Transfer Antar Daerah,282594330600.0,10316888100.0,3.65,False,False
Kalimantan Selatan,16,2024,9,September,21,Pendapatan Transfer Antar Daerah,282594330600.0,12816888100.0,4.54,False,False
Kalimantan Selatan,16,2024,10,Oktober,22,Pendapatan Transfer Antar Daerah,282594330600.0,21664107200.0,7.67,False,False
Kalimantan Selatan,16,2024,11,November,23,Pendapatan Transfer Antar Daerah,282594330600.0,25192430800.0,8.91,False,False
Kalimantan Selatan,16,2024,12,Desember,24,Pendapatan Transfer Antar Daerah,282594330600.0,277173649119.0,98.08,False,False
Kalimantan Selatan,16,2025,1,Januari,25,Pendapatan Transfer Antar Daerah,200000000000.0,0.0,0.0,False,False
Kalimantan Selatan,16,2025,2,Februari,26,Pendapatan Transfer Antar Daerah,200000000000.0,0.0,0.0,False,False
Kalimantan Selatan,16,2025,3,Maret,27,Pendapatan Transfer Antar Daerah,200000000000.0,0.0,0.0,False,False
Kalimantan Selatan,16,2025,4,April,28,Pendapatan Transfer Antar Daerah,200000000000.0,0.0,0.0,False,False
Kalimantan Selatan,16,2025,5,Mei,29,Pendapatan Transfer Antar Daerah,200000000000.0,0.0,0.0,False,False
Kalimantan Selatan,16,2025,6,Juni,30,Pendapatan Transfer Antar Daerah,200000000000.0,0.0,0.0,False,False
Kalimantan Selatan,16,2025,7,Juli,31,Pendapatan Transfer Antar Daerah,200000000000.0,0.0,0.0,False,False
Kalimantan Selatan,16,2025,8,Agustus,32,Pendapatan Transfer Antar Daerah,200000000000.0,0.0,0.0,False,False
Kalimantan Selatan,16,2025,9,September,33,Pendapatan Transfer Antar Daerah,200000000000.0,0.0,0.0,False,False
Kalimantan Selatan,16,2025,10,Oktober,34,Pendapatan Transfer Antar Daerah,200000000000.0,0.0,0.0,False,False
Kalimantan Selatan,16,2025,11,November,35,Pendapatan Transfer Antar Daerah,200000000000.0,200000000000.0,100.0,False,False
Kalimantan Selatan,16,2025,12,Desember,36,Pendapatan Transfer Antar Daerah,200000000000.0,200000000000.0,100.0,False,True
Kalimantan Selatan,16,2026,1,Januari,37,Pendapatan Transfer Antar Daerah,260000000000.0,0.0,0.0,False,False
Kalimantan Selatan,16,2026,2,Februari,38,Pendapatan Transfer Antar Daerah,260000000000.0,0.0,0.0,False,False
Kalimantan Selatan,16,2026,3,Maret,39,Pendapatan Transfer Antar Daerah,260000000000.0,0.0,0.0,False,False
Kalimantan Selatan,16,2026,4,April,40,Pendapatan Transfer Antar Daerah,260000000000.0,0.0,0.0,False,False
Kalimantan Selatan,16,2026,5,Mei,41,Pendapatan Transfer Antar Daerah,260000000000.0,0.0,0.0,False,False
Kalimantan Selatan,16,2026,6,Juni,42,Pendapatan Transfer Antar Daerah,260000000000.0,0.0,0.0,False,False
Kalimantan Selatan,16,2026,7,Juli,43,Pendapatan Transfer Antar Daerah,260000000000.0,5000000000.0,1.92,False,False
Kalimantan Selatan,16,2026,8,Agustus,44,Pendapatan Transfer Antar Daerah,260000000000.0,10000000000.0,3.85,False,False
Kalimantan Selatan,16,2026,9,September,45,Pendapatan Transfer Antar Daerah,260000000000.0,10000000000.0,3.85,False,True
Kalimantan Selatan,16,2026,10,Oktober,46,Pendapatan Transfer Antar Daerah,260000000000.0,10000000000.0,3.85,False,True
Kalimantan Selatan,16,2026,11,November,47,Pendapatan Transfer Antar Daerah,260000000000.0,10000000000.0,3.85,False,True
Kalimantan Selatan,16,2026,12,Desember,48,Pendapatan Transfer Antar Daerah,260000000000.0,10000000000.0,3.85,False,True
Kalimantan Selatan,16,2023,1,Januari,1,Pendapatan Transfer Pemerintah Pusat,3762727405290.0,523577647800.0,13.91,False,False
Kalimantan Selatan,16,2023,2,Februari,2,Pendapatan Transfer Pemerintah Pusat,3762727405290.0,594179467200.0,15.79,False,False
Kalimantan Selatan,16,2023,3,Maret,3,Pendapatan Transfer Pemerintah Pusat,3762727405290.0,749988299268.0,19.93,False,False
Kalimantan Selatan,16,2023,4,April,4,Pendapatan Transfer Pemerintah Pusat,3762727405290.0,1763971676847.0,46.88,False,False
Kalimantan Selatan,16,2023,5,Mei,5,Pendapatan Transfer Pemerintah Pusat,3762727405290.0,1763971676847.0,46.88,False,False
Kalimantan Selatan,16,2023,6,Juni,6,Pendapatan Transfer Pemerintah Pusat,3762727405290.0,2102872796764.0,55.89,False,False
Kalimantan Selatan,16,2023,7,Juli,7,Pendapatan Transfer Pemerintah Pusat,3762727405290.0,2902918162114.0,77.15,False,False
Kalimantan Selatan,16,2023,8,Agustus,8,Pendapatan Transfer Pemerintah Pusat,3762727405290.0,2997202231364.0,79.66,False,False
Kalimantan Selatan,16,2023,9,September,9,Pendapatan Transfer Pemerintah Pusat,3762727405290.0,3289870343814.0,87.43,False,False
Kalimantan Selatan,16,2023,10,Oktober,10,Pendapatan Transfer Pemerintah Pusat,3762727405290.0,4314893483279.0,114.67,False,False
Kalimantan Selatan,16,2023,11,November,11,Pendapatan Transfer Pemerintah Pusat,3762727405290.0,4523509282246.0,120.22,False,False
Kalimantan Selatan,16,2023,12,Desember,12,Pendapatan Transfer Pemerintah Pusat,3762727405290.0,4886273445931.0,129.86,False,False
Kalimantan Selatan,16,2024,1,Januari,13,Pendapatan Transfer Pemerintah Pusat,6349943809300.0,733154693000.0,11.55,False,False
Kalimantan Selatan,16,2024,2,Februari,14,Pendapatan Transfer Pemerintah Pusat,6349943809300.0,908976829200.0,14.31,False,False
Kalimantan Selatan,16,2024,3,Maret,15,Pendapatan Transfer Pemerintah Pusat,6349943809300.0,1159355546068.0,18.26,False,False
Kalimantan Selatan,16,2024,4,April,16,Pendapatan Transfer Pemerintah Pusat,6349943809300.0,1928226052818.0,30.37,False,False
Kalimantan Selatan,16,2024,5,Mei,17,Pendapatan Transfer Pemerintah Pusat,6349943809300.0,2093956958418.0,32.98,False,False
Kalimantan Selatan,16,2024,6,Juni,18,Pendapatan Transfer Pemerintah Pusat,6349943809300.0,2162032570172.0,34.05,False,False
Kalimantan Selatan,16,2024,7,Juli,19,Pendapatan Transfer Pemerintah Pusat,6349943809300.0,3549155261056.0,55.89,False,False
Kalimantan Selatan,16,2024,8,Agustus,20,Pendapatan Transfer Pemerintah Pusat,6349943809300.0,3739781825798.0,58.89,False,False
Kalimantan Selatan,16,2024,9,September,21,Pendapatan Transfer Pemerintah Pusat,6349943809300.0,3997614888502.0,62.96,False,False
Kalimantan Selatan,16,2024,10,Oktober,22,Pendapatan Transfer Pemerintah Pusat,6349943809300.0,5421076331679.0,85.37,False,False
Kalimantan Selatan,16,2024,11,November,23,Pendapatan Transfer Pemerintah Pusat,6349943809300.0,5798052426728.0,91.31,False,False
Kalimantan Selatan,16,2024,12,Desember,24,Pendapatan Transfer Pemerintah Pusat,6349943809300.0,6586357007976.0,103.72,False,False
Kalimantan Selatan,16,2025,1,Januari,25,Pendapatan Transfer Pemerintah Pusat,5562197831868.0,481285472700.0,8.65,False,False
Kalimantan Selatan,16,2025,2,Februari,26,Pendapatan Transfer Pemerintah Pusat,5562197831868.0,627568307611.0,11.28,False,False
Kalimantan Selatan,16,2025,3,Maret,27,Pendapatan Transfer Pemerintah Pusat,5562197831868.0,1114825042461.0,20.04,False,False
Kalimantan Selatan,16,2025,4,April,28,Pendapatan Transfer Pemerintah Pusat,5562197831868.0,1473238425664.0,26.49,False,False
Kalimantan Selatan,16,2025,5,Mei,29,Pendapatan Transfer Pemerintah Pusat,5562197831868.0,1931462873724.0,34.72,False,False
Kalimantan Selatan,16,2025,6,Juni,30,Pendapatan Transfer Pemerintah Pusat,5562197831868.0,2292329580076.0,41.21,False,False
Kalimantan Selatan,16,2025,7,Juli,31,Pendapatan Transfer Pemerintah Pusat,5562197831868.0,2999453228605.0,53.93,False,False
Kalimantan Selatan,16,2025,8,Agustus,32,Pendapatan Transfer Pemerintah Pusat,5562197831868.0,3833026893085.0,68.91,False,False
Kalimantan Selatan,16,2025,9,September,33,Pendapatan Transfer Pemerintah Pusat,5562197831868.0,4477526476267.0,80.5,False,False
Kalimantan Selatan,16,2025,10,Oktober,34,Pendapatan Transfer Pemerintah Pusat,5562197831868.0,4747635589016.0,85.36,False,False
Kalimantan Selatan,16,2025,11,November,35,Pendapatan Transfer Pemerintah Pusat,5562197831868.0,5414324849938.0,97.34,False,False
Kalimantan Selatan,16,2025,12,Desember,36,Pendapatan Transfer Pemerintah Pusat,5562197831868.0,5520530808643.0,99.25,False,False
Kalimantan Selatan,16,2026,1,Januari,37,Pendapatan Transfer Pemerintah Pusat,2347930629679.0,323317967000.0,13.77,False,False
Kalimantan Selatan,16,2026,2,Februari,38,Pendapatan Transfer Pemerintah Pusat,2347930629679.0,446828089600.0,19.03,False,False
Kalimantan Selatan,16,2026,3,Maret,39,Pendapatan Transfer Pemerintah Pusat,2347930629679.0,678856158467.0,28.91,False,False
Kalimantan Selatan,16,2026,4,April,40,Pendapatan Transfer Pemerintah Pusat,2347930629679.0,823471450667.0,35.07,False,False
Kalimantan Selatan,16,2026,5,Mei,41,Pendapatan Transfer Pemerintah Pusat,2347930629679.0,1029460240917.0,43.85,False,False
Kalimantan Selatan,16,2026,6,Juni,42,Pendapatan Transfer Pemerintah Pusat,2347930629679.0,1146182816886.0,48.82,False,False
Kalimantan Selatan,16,2026,7,Juli,43,Pendapatan Transfer Pemerintah Pusat,2347930629679.0,1383342239967.0,58.92,False,False
Kalimantan Selatan,16,2026,8,Agustus,44,Pendapatan Transfer Pemerintah Pusat,2347930629679.0,1735460173137.0,73.91,False,False
Kalimantan Selatan,16,2026,9,September,45,Pendapatan Transfer Pemerintah Pusat,2347930629679.0,1735460173137.0,73.91,False,True
Kalimantan Selatan,16,2026,10,Oktober,46,Pendapatan Transfer Pemerintah Pusat,2347930629679.0,1735460173137.0,73.91,False,True
Kalimantan Selatan,16,2026,11,November,47,Pendapatan Transfer Pemerintah Pusat,2347930629679.0,1735460173137.0,73.91,False,True
Kalimantan Selatan,16,2026,12,Desember,48,Pendapatan Transfer Pemerintah Pusat,2347930629679.0,1735460173137.0,73.91,False,True
Kalimantan Selatan,16,2023,1,Januari,1,Retribusi Daerah,19857233256.0,882940580.0,4.45,False,False
Kalimantan Selatan,16,2023,2,Februari,2,Retribusi Daerah,19857233256.0,2010194960.0,10.12,False,False
Kalimantan Selatan,16,2023,3,Maret,3,Retribusi Daerah,19857233256.0,3114534722.0,15.68,False,False
Kalimantan Selatan,16,2023,4,April,4,Retribusi Daerah,19857233256.0,4588686751.0,23.11,False,False
Kalimantan Selatan,16,2023,5,Mei,5,Retribusi Daerah,19857233256.0,4588686751.0,23.11,False,False
Kalimantan Selatan,16,2023,6,Juni,6,Retribusi Daerah,19857233256.0,5976980314.0,30.1,False,False
Kalimantan Selatan,16,2023,7,Juli,7,Retribusi Daerah,19857233256.0,7873541135.0,39.65,False,False
Kalimantan Selatan,16,2023,8,Agustus,8,Retribusi Daerah,19857233256.0,9754468593.0,49.12,False,False
Kalimantan Selatan,16,2023,9,September,9,Retribusi Daerah,19857233256.0,11486291246.0,57.84,False,False
Kalimantan Selatan,16,2023,10,Oktober,10,Retribusi Daerah,19857233256.0,13400641873.0,67.48,False,False
Kalimantan Selatan,16,2023,11,November,11,Retribusi Daerah,19857233256.0,15620080501.0,78.66,False,False
Kalimantan Selatan,16,2023,12,Desember,12,Retribusi Daerah,19857233256.0,18786360897.0,94.61,False,False
Kalimantan Selatan,16,2024,1,Januari,13,Retribusi Daerah,632058639782.0,59176035405.48,9.36,False,False
Kalimantan Selatan,16,2024,2,Februari,14,Retribusi Daerah,632058639782.0,115955409437.81,18.35,False,False
Kalimantan Selatan,16,2024,3,Maret,15,Retribusi Daerah,632058639782.0,172006442525.79,27.21,False,False
Kalimantan Selatan,16,2024,4,April,16,Retribusi Daerah,632058639782.0,224100569718.27,35.46,False,False
Kalimantan Selatan,16,2024,5,Mei,17,Retribusi Daerah,632058639782.0,275176051110.76,43.54,False,False
Kalimantan Selatan,16,2024,6,Juni,18,Retribusi Daerah,632058639782.0,326017975008.41,51.58,False,False
Kalimantan Selatan,16,2024,7,Juli,19,Retribusi Daerah,632058639782.0,380482299903.68,60.2,False,False
Kalimantan Selatan,16,2024,8,Agustus,20,Retribusi Daerah,632058639782.0,439371900787.44,69.51,False,False
Kalimantan Selatan,16,2024,9,September,21,Retribusi Daerah,632058639782.0,498828046518.27,78.92,False,False
Kalimantan Selatan,16,2024,10,Oktober,22,Retribusi Daerah,632058639782.0,590223843593.37,93.38,False,False
Kalimantan Selatan,16,2024,11,November,23,Retribusi Daerah,632058639782.0,620725297697.37,98.21,False,False
Kalimantan Selatan,16,2024,12,Desember,24,Retribusi Daerah,632058639782.0,331566354367.7,52.46,False,False
Kalimantan Selatan,16,2025,1,Januari,25,Retribusi Daerah,691761310856.0,55754907147.0,8.06,False,False
Kalimantan Selatan,16,2025,2,Februari,26,Retribusi Daerah,691761310856.0,113985082052.0,16.48,False,False
Kalimantan Selatan,16,2025,3,Maret,27,Retribusi Daerah,691761310856.0,173818586019.0,25.13,False,False
Kalimantan Selatan,16,2025,4,April,28,Retribusi Daerah,691761310856.0,229155186426.0,33.13,False,False
Kalimantan Selatan,16,2025,5,Mei,29,Retribusi Daerah,691761310856.0,290154356240.0,41.94,False,False
Kalimantan Selatan,16,2025,6,Juni,30,Retribusi Daerah,691761310856.0,338087849838.0,48.87,False,False
Kalimantan Selatan,16,2025,7,Juli,31,Retribusi Daerah,691761310856.0,403270759545.0,58.3,False,False
Kalimantan Selatan,16,2025,8,Agustus,32,Retribusi Daerah,691761310856.0,472233457149.0,68.27,False,False
Kalimantan Selatan,16,2025,9,September,33,Retribusi Daerah,691761310856.0,534731159208.0,77.3,False,False
Kalimantan Selatan,16,2025,10,Oktober,34,Retribusi Daerah,691761310856.0,600281727370.0,86.78,False,False
Kalimantan Selatan,16,2025,11,November,35,Retribusi Daerah,691761310856.0,663392930977.0,95.9,False,False
Kalimantan Selatan,16,2025,12,Desember,36,Retribusi Daerah,691761310856.0,737444658118.86,106.6,False,False
Kalimantan Selatan,16,2026,1,Januari,37,Retribusi Daerah,713888129401.0,54982299124.0,7.7,False,False
Kalimantan Selatan,16,2026,2,Februari,38,Retribusi Daerah,713888129401.0,110549213001.0,15.49,False,False
Kalimantan Selatan,16,2026,3,Maret,39,Retribusi Daerah,713888129401.0,173427031776.0,24.29,False,False
Kalimantan Selatan,16,2026,4,April,40,Retribusi Daerah,713888129401.0,236172401410.0,33.08,False,False
Kalimantan Selatan,16,2026,5,Mei,41,Retribusi Daerah,713888129401.0,298077407103.0,41.75,False,False
Kalimantan Selatan,16,2026,6,Juni,42,Retribusi Daerah,713888129401.0,363548478047.0,50.93,False,False
Kalimantan Selatan,16,2026,7,Juli,43,Retribusi Daerah,713888129401.0,390808247087.0,54.74,False,False
Kalimantan Selatan,16,2026,8,Agustus,44,Retribusi Daerah,713888129401.0,502953677596.34,70.45,False,False
Kalimantan Selatan,16,2026,9,September,45,Retribusi Daerah,713888129401.0,502991343596.34,70.46,False,False
Kalimantan Selatan,16,2026,10,Oktober,46,Retribusi Daerah,713888129401.0,502991343596.34,70.46,False,True
Kalimantan Selatan,16,2026,11,November,47,Retribusi Daerah,713888129401.0,502991343596.34,70.46,False,True
Kalimantan Selatan,16,2026,12,Desember,48,Retribusi Daerah,713888129401.0,502991343596.34,70.46,False,True
Kalimantan Selatan,16,2023,1,Januari,1,TKDD,3762727405290.0,523577647800.0,13.91,False,False
Kalimantan Selatan,16,2023,2,Februari,2,TKDD,3762727405290.0,594179467200.0,15.79,False,False
Kalimantan Selatan,16,2023,3,Maret,3,TKDD,3762727405290.0,749988299268.0,19.93,False,False
Kalimantan Selatan,16,2023,4,April,4,TKDD,3762727405290.0,1763971676847.0,46.88,False,False
Kalimantan Selatan,16,2023,5,Mei,5,TKDD,3762727405290.0,1763971676847.0,46.88,False,False
Kalimantan Selatan,16,2023,6,Juni,6,TKDD,3762727405290.0,2102872796764.0,55.89,False,False
Kalimantan Selatan,16,2023,7,Juli,7,TKDD,3762727405290.0,2902918162114.0,77.15,False,False
Kalimantan Selatan,16,2023,8,Agustus,8,TKDD,3762727405290.0,2997202231364.0,79.66,False,False
Kalimantan Selatan,16,2023,9,September,9,TKDD,3762727405290.0,3289870343814.0,87.43,False,False
Kalimantan Selatan,16,2023,10,Oktober,10,TKDD,3762727405290.0,4314893483279.0,114.67,False,False
Kalimantan Selatan,16,2023,11,November,11,TKDD,3762727405290.0,4523509282246.0,120.22,False,False
Kalimantan Selatan,16,2023,12,Desember,12,TKDD,3762727405290.0,4886273445931.0,129.86,False,False
Kalimantan Selatan,16,2024,1,Januari,13,TKDD,6349943809300.0,733154693000.0,11.55,False,False
Kalimantan Selatan,16,2024,2,Februari,14,TKDD,6349943809300.0,908976829200.0,14.31,False,False
Kalimantan Selatan,16,2024,3,Maret,15,TKDD,6349943809300.0,1159355546068.0,18.26,False,False
Kalimantan Selatan,16,2024,4,April,16,TKDD,6349943809300.0,1928226052818.0,30.37,False,False
Kalimantan Selatan,16,2024,5,Mei,17,TKDD,6349943809300.0,2093956958418.0,32.98,False,False
Kalimantan Selatan,16,2024,6,Juni,18,TKDD,6349943809300.0,2162032570172.0,34.05,False,False
Kalimantan Selatan,16,2024,7,Juli,19,TKDD,6349943809300.0,3549155261056.0,55.89,False,False
Kalimantan Selatan,16,2024,8,Agustus,20,TKDD,6349943809300.0,3739781825798.0,58.89,False,False
Kalimantan Selatan,16,2024,9,September,21,TKDD,6349943809300.0,3997614888502.0,62.96,False,False
Kalimantan Selatan,16,2024,10,Oktober,22,TKDD,6349943809300.0,5421076331679.0,85.37,False,False
Kalimantan Selatan,16,2024,11,November,23,TKDD,6349943809300.0,5798052426728.0,91.31,False,False
Kalimantan Selatan,16,2024,12,Desember,24,TKDD,6349943809300.0,6586357007976.0,103.72,False,False
Kalimantan Selatan,16,2025,1,Januari,25,TKDD,5562197831868.0,481285472700.0,8.65,False,False
Kalimantan Selatan,16,2025,2,Februari,26,TKDD,5562197831868.0,627568307611.0,11.28,False,False
Kalimantan Selatan,16,2025,3,Maret,27,TKDD,5562197831868.0,1114825042461.0,20.04,False,False
Kalimantan Selatan,16,2025,4,April,28,TKDD,5562197831868.0,1473238425664.0,26.49,False,False
Kalimantan Selatan,16,2025,5,Mei,29,TKDD,5562197831868.0,1931462873724.0,34.72,False,False
Kalimantan Selatan,16,2025,6,Juni,30,TKDD,5562197831868.0,2292329580076.0,41.21,False,False
Kalimantan Selatan,16,2025,7,Juli,31,TKDD,5562197831868.0,2999453228605.0,53.93,False,False
Kalimantan Selatan,16,2025,8,Agustus,32,TKDD,5562197831868.0,3833026893085.0,68.91,False,False
Kalimantan Selatan,16,2025,9,September,33,TKDD,5562197831868.0,4477526476267.0,80.5,False,False
Kalimantan Selatan,16,2025,10,Oktober,34,TKDD,5562197831868.0,4747635589016.0,85.36,False,False
Kalimantan Selatan,16,2025,11,November,35,TKDD,5562197831868.0,5414324849938.0,97.34,False,False
Kalimantan Selatan,16,2025,12,Desember,36,TKDD,5562197831868.0,5520530808643.0,99.25,False,False
Kalimantan Selatan,16,2026,1,Januari,37,TKDD,2347930629679.0,323317967000.0,13.77,False,False
Kalimantan Selatan,16,2026,2,Februari,38,TKDD,2347930629679.0,446828089600.0,19.03,False,False
Kalimantan Selatan,16,2026,3,Maret,39,TKDD,2347930629679.0,678856158467.0,28.91,False,False
Kalimantan Selatan,16,2026,4,April,40,TKDD,2347930629679.0,823471450667.0,35.07,False,False
Kalimantan Selatan,16,2026,5,Mei,41,TKDD,2347930629679.0,1029460240917.0,43.85,False,False
Kalimantan Selatan,16,2026,6,Juni,42,TKDD,2347930629679.0,1146182816886.0,48.82,False,False
Kalimantan Selatan,16,2026,7,Juli,43,TKDD,2347930629679.0,1383342239967.0,58.92,False,False
Kalimantan Selatan,16,2026,8,Agustus,44,TKDD,2347930629679.0,1735460173137.0,73.91,False,False
Kalimantan Selatan,16,2026,9,September,45,TKDD,2347930629679.0,1735460173137.0,73.91,False,True
Kalimantan Selatan,16,2026,10,Oktober,46,TKDD,2347930629679.0,1735460173137.0,73.91,False,True
Kalimantan Selatan,16,2026,11,November,47,TKDD,2347930629679.0,1735460173137.0,73.91,False,True
Kalimantan Selatan,16,2026,12,Desember,48,TKDD,2347930629679.0,1735460173137.0,73.91,False,True
