provinsi,kode_prov,tahun,bulan,nama_bulan,urutan,akun,anggaran,realisasi,persentase,datar_tahunan,belum_final
Jawa Timur,13,2023,1,Januari,1,Belanja Bantuan Keuangan,543138675500.0,0.0,0.0,False,False
Jawa Timur,13,2023,2,Februari,2,Belanja Bantuan Keuangan,543138675500.0,0.0,0.0,False,False
Jawa Timur,13,2023,3,Maret,3,Belanja Bantuan Keuangan,543138675500.0,74916510915.0,13.79,False,False
Jawa Timur,13,2023,4,April,4,Belanja Bantuan Keuangan,543138675500.0,136891220241.0,25.2,False,False
Jawa Timur,13,2023,5,Mei,5,Belanja Bantuan Keuangan,543138675500.0,136891220241.0,25.2,False,False
Jawa Timur,13,2023,6,Juni,6,Belanja Bantuan Keuangan,543138675500.0,213037268753.0,39.22,False,False
Jawa Timur,13,2023,7,Juli,7,Belanja Bantuan Keuangan,543138675500.0,294795481453.0,54.28,False,False
Jawa Timur,13,2023,8,Agustus,8,Belanja Bantuan Keuangan,543138675500.0,343099666453.0,63.17,False,False
Jawa Timur,13,2023,9,September,9,Belanja Bantuan Keuangan,543138675500.0,343099666453.0,63.17,False,False
Jawa Timur,13,2023,10,Oktober,10,Belanja Bantuan Keuangan,543138675500.0,391256586453.0,72.04,False,False
Jawa Timur,13,2023,11,November,11,Belanja Bantuan Keuangan,543138675500.0,413452586453.0,76.12,False,False
Jawa Timur,13,2023,12,Desember,12,Belanja Bantuan Keuangan,543138675500.0,425678527256.0,78.37,False,False
Jawa Timur,13,2024,1,Januari,13,Belanja Bantuan Keuangan,930313223289.0,0.0,0.0,False,False
Jawa Timur,13,2024,2,Februari,14,Belanja Bantuan Keuangan,930313223289.0,0.0,0.0,False,False
Jawa Timur,13,2024,3,Maret,15,Belanja Bantuan Keuangan,930313223289.0,15506202500.0,1.67,False,False
Jawa Timur,13,2024,4,April,16,Belanja Bantuan Keuangan,930313223289.0,33678884821.0,3.62,False,False
Jawa Timur,13,2024,5,Mei,17,Belanja Bantuan Keuangan,930313223289.0,85736914442.0,9.22,False,False
Jawa Timur,13,2024,6,Juni,18,Belanja Bantuan Keuangan,930313223289.0,184245833442.0,19.8,False,False
Jawa Timur,13,2024,7,Juli,19,Belanja Bantuan Keuangan,930313223289.0,277114736442.0,29.79,False,False
Jawa Timur,13,2024,8,Agustus,20,Belanja Bantuan Keuangan,930313223289.0,335044177942.0,36.01,False,False
Jawa Timur,13,2024,9,September,21,Belanja Bantuan Keuangan,930313223289.0,357989306942.0,38.48,False,False
Jawa Timur,13,2024,10,Oktober,22,Belanja Bantuan Keuangan,930313223289.0,439288446942.0,47.22,False,False
Jawa Timur,13,2024,11,November,23,Belanja Bantuan Keuangan,930313223289.0,542008539342.0,58.26,False,False
Jawa Timur,13,2024,12,Desember,24,Belanja Bantuan Keuangan,930313223289.0,851883944661.0,91.57,False,False
Jawa Timur,13,2025,1,Januari,25,Belanja Bantuan Keuangan,508150206502.0,0.0,0.0,False,False
Jawa Timur,13,2025,2,Februari,26,Belanja Bantuan Keuangan,508150206502.0,0.0,0.0,False,False
Jawa Timur,13,2025,3,Maret,27,Belanja Bantuan Keuangan,508150206502.0,4903708000.0,0.97,False,False
Jawa Timur,13,2025,4,April,28,Belanja Bantuan Keuangan,508150206502.0,23111463000.0,4.55,False,False
Jawa Timur,13,2025,5,Mei,29,Belanja Bantuan Keuangan,508150206502.0,35593094000.0,7.0,False,False
Jawa Timur,13,2025,6,Juni,30,Belanja Bantuan Keuangan,508150206502.0,146304925000.0,28.79,False,False
Jawa Timur,13,2025,7,Juli,31,Belanja Bantuan Keuangan,508150206502.0,206606733000.0,40.66,False,False
Jawa Timur,13,2025,8,Agustus,32,Belanja Bantuan Keuangan,508150206502.0,299172401750.0,58.87,False,False
Jawa Timur,13,2025,9,September,33,Belanja Bantuan Keuangan,508150206502.0,389655557502.0,76.68,False,False
Jawa Timur,13,2025,10,Oktober,34,Belanja Bantuan Keuangan,508150206502.0,446945279502.0,87.96,False,False
Jawa Timur,13,2025,11,November,35,Belanja Bantuan Keuangan,508150206502.0,463945079502.0,91.3,False,False
Jawa Timur,13,2025,12,Desember,36,Belanja Bantuan Keuangan,508150206502.0,480549584502.0,94.57,False,False
Jawa Timur,13,2026,1,Januari,37,Belanja Bantuan Keuangan,631193636000.0,0.0,0.0,False,False
Jawa Timur,13,2026,2,Februari,38,Belanja Bantuan Keuangan,631193636000.0,0.0,0.0,False,False
Jawa Timur,13,2026,3,Maret,39,Belanja Bantuan Keuangan,631193636000.0,767866888.0,0.12,False,False
Jawa Timur,13,2026,4,April,40,Belanja Bantuan Keuangan,631193636000.0,32336094888.0,5.12,False,False
Jawa Timur,13,2026,5,Mei,41,Belanja Bantuan Keuangan,631193636000.0,72316288888.0,11.46,False,False
Jawa Timur,13,2026,6,Juni,42,Belanja Bantuan Keuangan,631193636000.0,101790240000.0,16.13,False,False
Jawa Timur,13,2026,7,Juli,43,Belanja Bantuan Keuangan,631193636000.0,175041394000.0,27.73,False,False
Jawa Timur,13,2026,8,Agustus,44,Belanja Bantuan Keuangan,631193636000.0,264922379000.0,41.97,False,False
Jawa Timur,13,2026,9,September,45,Belanja Bantuan Keuangan,631193636000.0,273447277000.0,43.32,False,False
Jawa Timur,13,2026,10,Oktober,46,Belanja Bantuan Keuangan,631193636000.0,273447277000.0,43.32,False,True
Jawa Timur,13,2026,11,November,47,Belanja Bantuan Keuangan,631193636000.0,273447277000.0,43.32,False,True
Jawa Timur,13,2026,12,Desember,48,Belanja Bantuan Keuangan,631193636000.0,273447277000.0,43.32,False,True
Jawa Timur,13,2023,1,Januari,1,Belanja Bantuan Sosial,143403942000.0,0.0,0.0,False,False
Jawa Timur,13,2023,2,Februari,2,Belanja Bantuan Sosial,143403942000.0,0.0,0.0,False,False
Jawa Timur,13,2023,3,Maret,3,Belanja Bantuan Sosial,143403942000.0,29359492000.0,20.47,False,False
Jawa Timur,13,2023,4,April,4,Belanja Bantuan Sosial,143403942000.0,29649492000.0,20.68,False,False
Jawa Timur,13,2023,5,Mei,5,Belanja Bantuan Sosial,143403942000.0,29649492000.0,20.68,False,False
Jawa Timur,13,2023,6,Juni,6,Belanja Bantuan Sosial,143403942000.0,37090992000.0,25.86,False,False
Jawa Timur,13,2023,7,Juli,7,Belanja Bantuan Sosial,143403942000.0,60405047000.0,42.12,False,False
Jawa Timur,13,2023,8,Agustus,8,Belanja Bantuan Sosial,143403942000.0,66025392000.0,46.04,False,False
Jawa Timur,13,2023,9,September,9,Belanja Bantuan Sosial,143403942000.0,66363492000.0,46.28,False,False
Jawa Timur,13,2023,10,Oktober,10,Belanja Bantuan Sosial,143403942000.0,89566522000.0,62.46,False,False
Jawa Timur,13,2023,11,November,11,Belanja Bantuan Sosial,143403942000.0,94584922000.0,65.96,False,False
Jawa Timur,13,2023,12,Desember,12,Belanja Bantuan Sosial,143403942000.0,115716322000.0,80.69,False,False
Jawa Timur,13,2024,1,Januari,13,Belanja Bantuan Sosial,168613000000.0,0.0,0.0,False,False
Jawa Timur,13,2024,2,Februari,14,Belanja Bantuan Sosial,168613000000.0,12706000000.0,7.54,False,False
Jawa Timur,13,2024,3,Maret,15,Belanja Bantuan Sosial,168613000000.0,28101700000.0,16.67,False,False
Jawa Timur,13,2024,4,April,16,Belanja Bantuan Sosial,168613000000.0,45683200000.0,27.09,False,False
Jawa Timur,13,2024,5,Mei,17,Belanja Bantuan Sosial,168613000000.0,74492800000.0,44.18,False,False
Jawa Timur,13,2024,6,Juni,18,Belanja Bantuan Sosial,168613000000.0,76537175000.0,45.39,False,False
Jawa Timur,13,2024,7,Juli,19,Belanja Bantuan Sosial,168613000000.0,76646450000.0,45.46,False,False
Jawa Timur,13,2024,8,Agustus,20,Belanja Bantuan Sosial,168613000000.0,99174950000.0,58.82,False,False
Jawa Timur,13,2024,9,September,21,Belanja Bantuan Sosial,168613000000.0,103014025000.0,61.09,False,False
Jawa Timur,13,2024,10,Oktober,22,Belanja Bantuan Sosial,168613000000.0,139448725000.0,82.7,False,False
Jawa Timur,13,2024,11,November,23,Belanja Bantuan Sosial,168613000000.0,144190025000.0,85.52,False,False
Jawa Timur,13,2024,12,Desember,24,Belanja Bantuan Sosial,168613000000.0,151174425000.0,89.66,False,False
Jawa Timur,13,2025,1,Januari,25,Belanja Bantuan Sosial,221041650000.0,0.0,0.0,False,False
Jawa Timur,13,2025,2,Februari,26,Belanja Bantuan Sosial,221041650000.0,34577500000.0,15.64,False,False
Jawa Timur,13,2025,3,Maret,27,Belanja Bantuan Sosial,221041650000.0,65919250000.0,29.82,False,False
Jawa Timur,13,2025,4,April,28,Belanja Bantuan Sosial,221041650000.0,65850750000.0,29.79,False,False
Jawa Timur,13,2025,5,Mei,29,Belanja Bantuan Sosial,221041650000.0,65569150000.0,29.66,False,False
Jawa Timur,13,2025,6,Juni,30,Belanja Bantuan Sosial,221041650000.0,92476850000.0,41.84,False,False
Jawa Timur,13,2025,7,Juli,31,Belanja Bantuan Sosial,221041650000.0,92476850000.0,41.84,False,False
Jawa Timur,13,2025,8,Agustus,32,Belanja Bantuan Sosial,221041650000.0,133699250000.0,60.49,False,False
Jawa Timur,13,2025,9,September,33,Belanja Bantuan Sosial,221041650000.0,149530850000.0,67.65,False,False
Jawa Timur,13,2025,10,Oktober,34,Belanja Bantuan Sosial,221041650000.0,148470950000.0,67.17,False,False
Jawa Timur,13,2025,11,November,35,Belanja Bantuan Sosial,221041650000.0,181500050000.0,82.11,False,False
Jawa Timur,13,2025,12,Desember,36,Belanja Bantuan Sosial,221041650000.0,204233375000.0,92.4,False,False
Jawa Timur,13,2026,1,Januari,37,Belanja Bantuan Sosial,149986500000.0,0.0,0.0,False,False
Jawa Timur,13,2026,2,Februari,38,Belanja Bantuan Sosial,149986500000.0,37449000000.0,24.97,False,False
Jawa Timur,13,2026,3,Maret,39,Belanja Bantuan Sosial,149986500000.0,52440900000.0,34.96,False,False
Jawa Timur,13,2026,4,April,40,Belanja Bantuan Sosial,149986500000.0,53945300000.0,35.97,False,False
Jawa Timur,13,2026,5,Mei,41,Belanja Bantuan Sosial,149986500000.0,82762625000.0,55.18,False,False
Jawa Timur,13,2026,6,Juni,42,Belanja Bantuan Sosial,149986500000.0,82691225000.0,55.13,False,False
Jawa Timur,13,2026,7,Juli,43,Belanja Bantuan Sosial,149986500000.0,82691225000.0,55.13,False,False
Jawa Timur,13,2026,8,Agustus,44,Belanja Bantuan Sosial,149986500000.0,107603225000.0,71.74,False,False
Jawa Timur,13,2026,9,September,45,Belanja Bantuan Sosial,149986500000.0,107603225000.0,71.74,False,True
Jawa Timur,13,2026,10,Oktober,46,Belanja Bantuan Sosial,149986500000.0,107603225000.0,71.74,False,True
Jawa Timur,13,2026,11,November,47,Belanja Bantuan Sosial,149986500000.0,107603225000.0,71.74,False,True
Jawa Timur,13,2026,12,Desember,48,Belanja Bantuan Sosial,149986500000.0,107603225000.0,71.74,False,True
Jawa Timur,13,2023,1,Januari,1,Belanja Barang dan Jasa,7976792931151.0,146476092894.74,1.84,False,False
Jawa Timur,13,2023,2,Februari,2,Belanja Barang dan Jasa,7976792931151.0,397665212894.74,4.99,False,False
Jawa Timur,13,2023,3,Maret,3,Belanja Barang dan Jasa,7976792931151.0,956273022820.74,11.99,False,False
Jawa Timur,13,2023,4,April,4,Belanja Barang dan Jasa,7976792931151.0,1395257683283.3,17.49,False,False
Jawa Timur,13,2023,5,Mei,5,Belanja Barang dan Jasa,7976792931151.0,1395257683283.3,17.49,False,False
Jawa Timur,13,2023,6,Juni,6,Belanja Barang dan Jasa,7976792931151.0,1965312724649.3,24.64,False,False
Jawa Timur,13,2023,7,Juli,7,Belanja Barang dan Jasa,7976792931151.0,2601035327665.3,32.61,False,False
Jawa Timur,13,2023,8,Agustus,8,Belanja Barang dan Jasa,7976792931151.0,3224678335204.2,40.43,False,False
Jawa Timur,13,2023,9,September,9,Belanja Barang dan Jasa,7976792931151.0,4168371100267.2,52.26,False,False
Jawa Timur,13,2023,10,Oktober,10,Belanja Barang dan Jasa,7976792931151.0,4858695136878.5,60.91,False,False
Jawa Timur,13,2023,11,November,11,Belanja Barang dan Jasa,7976792931151.0,5832242673344.0,73.12,False,False
Jawa Timur,13,2023,12,Desember,12,Belanja Barang dan Jasa,7976792931151.0,8624003918781.6,108.11,False,False
Jawa Timur,13,2024,1,Januari,13,Belanja Barang dan Jasa,10517586344039.0,153375080149.0,1.46,False,False
Jawa Timur,13,2024,2,Februari,14,Belanja Barang dan Jasa,10517586344039.0,499421798703.0,4.75,False,False
Jawa Timur,13,2024,3,Maret,15,Belanja Barang dan Jasa,10517586344039.0,1144282675294.0,10.88,False,False
Jawa Timur,13,2024,4,April,16,Belanja Barang dan Jasa,10517586344039.0,1722992009904.0,16.38,False,False
Jawa Timur,13,2024,5,Mei,17,Belanja Barang dan Jasa,10517586344039.0,2691417328231.0,25.59,False,False
Jawa Timur,13,2024,6,Juni,18,Belanja Barang dan Jasa,10517586344039.0,3422770950506.0,32.54,False,False
Jawa Timur,13,2024,7,Juli,19,Belanja Barang dan Jasa,10517586344039.0,4233521233749.0,40.25,False,False
Jawa Timur,13,2024,8,Agustus,20,Belanja Barang dan Jasa,10517586344039.0,5063873872503.1,48.15,False,False
Jawa Timur,13,2024,9,September,21,Belanja Barang dan Jasa,10517586344039.0,6046081316421.1,57.49,False,False
Jawa Timur,13,2024,10,Oktober,22,Belanja Barang dan Jasa,10517586344039.0,6749714337588.0,64.18,False,False
Jawa Timur,13,2024,11,November,23,Belanja Barang dan Jasa,10517586344039.0,7770016281157.6,73.88,False,False
Jawa Timur,13,2024,12,Desember,24,Belanja Barang dan Jasa,10517586344039.0,10072122704367.0,95.76,False,False
Jawa Timur,13,2025,1,Januari,25,Belanja Barang dan Jasa,11172560720902.0,219678501889.0,1.97,False,False
Jawa Timur,13,2025,2,Februari,26,Belanja Barang dan Jasa,11172560720902.0,674457720909.0,6.04,False,False
Jawa Timur,13,2025,3,Maret,27,Belanja Barang dan Jasa,11172560720902.0,1496046137110.0,13.39,False,False
Jawa Timur,13,2025,4,April,28,Belanja Barang dan Jasa,11172560720902.0,2247457060960.1,20.12,False,False
Jawa Timur,13,2025,5,Mei,29,Belanja Barang dan Jasa,11172560720902.0,2896320034577.4,25.92,False,False
Jawa Timur,13,2025,6,Juni,30,Belanja Barang dan Jasa,11172560720902.0,3749087578654.4,33.56,False,False
Jawa Timur,13,2025,7,Juli,31,Belanja Barang dan Jasa,11172560720902.0,4786996617834.4,42.85,False,False
Jawa Timur,13,2025,8,Agustus,32,Belanja Barang dan Jasa,11172560720902.0,5597813568382.0,50.1,False,False
Jawa Timur,13,2025,9,September,33,Belanja Barang dan Jasa,11172560720902.0,6235485046455.0,55.81,False,False
Jawa Timur,13,2025,10,Oktober,34,Belanja Barang dan Jasa,11172560720902.0,6863935171396.1,61.44,False,False
Jawa Timur,13,2025,11,November,35,Belanja Barang dan Jasa,11172560720902.0,8101353504424.6,72.51,False,False
Jawa Timur,13,2025,12,Desember,36,Belanja Barang dan Jasa,11172560720902.0,8379513982964.7,75.0,False,False
Jawa Timur,13,2026,1,Januari,37,Belanja Barang dan Jasa,8578296561801.0,204673654211.0,2.39,False,False
Jawa Timur,13,2026,2,Februari,38,Belanja Barang dan Jasa,8578296561801.0,502339585420.54,5.86,False,False
Jawa Timur,13,2026,3,Maret,39,Belanja Barang dan Jasa,8578296561801.0,1238385523743.2,14.44,False,False
Jawa Timur,13,2026,4,April,40,Belanja Barang dan Jasa,8578296561801.0,1775775578080.2,20.7,False,False
Jawa Timur,13,2026,5,Mei,41,Belanja Barang dan Jasa,8578296561801.0,2514690240916.9,29.31,False,False
Jawa Timur,13,2026,6,Juni,42,Belanja Barang dan Jasa,8578296561801.0,3246216591453.1,37.84,False,False
Jawa Timur,13,2026,7,Juli,43,Belanja Barang dan Jasa,8578296561801.0,3787805432527.9,44.16,False,False
Jawa Timur,13,2026,8,Agustus,44,Belanja Barang dan Jasa,8578296561801.0,4100982646134.4,47.81,False,False
Jawa Timur,13,2026,9,September,45,Belanja Barang dan Jasa,8578296561801.0,4148078363667.4,48.36,False,False
Jawa Timur,13,2026,10,Oktober,46,Belanja Barang dan Jasa,8578296561801.0,4148078363667.4,48.36,False,True
Jawa Timur,13,2026,11,November,47,Belanja Barang dan Jasa,8578296561801.0,4148078363667.4,48.36,False,True
Jawa Timur,13,2026,12,Desember,48,Belanja Barang dan Jasa,8578296561801.0,4148078363667.4,48.36,False,True
Jawa Timur,13,2023,1,Januari,1,Belanja Daerah,31120677901940.0,823742854787.74,2.65,False,False
Jawa Timur,13,2023,2,Februari,2,Belanja Daerah,31120677901940.0,1487399255025.7,4.78,False,False
Jawa Timur,13,2023,3,Maret,3,Belanja Daerah,31120677901940.0,2781181261651.7,8.94,False,False
Jawa Timur,13,2023,4,April,4,Belanja Daerah,31120677901940.0,5320249596028.3,17.1,False,False
Jawa Timur,13,2023,5,Mei,5,Belanja Daerah,31120677901940.0,5320249596028.3,17.1,False,False
Jawa Timur,13,2023,6,Juni,6,Belanja Daerah,31120677901940.0,6896996391172.3,22.16,False,False
Jawa Timur,13,2023,7,Juli,7,Belanja Daerah,31120677901940.0,11658536765399.0,37.46,False,False
Jawa Timur,13,2023,8,Agustus,8,Belanja Daerah,31120677901940.0,13668078742644.0,43.92,False,False
Jawa Timur,13,2023,9,September,9,Belanja Daerah,31120677901940.0,15779043765339.0,50.7,False,False
Jawa Timur,13,2023,10,Oktober,10,Belanja Daerah,31120677901940.0,17382371809985.0,55.85,False,False
Jawa Timur,13,2023,11,November,11,Belanja Daerah,31120677901940.0,21523706516117.0,69.16,False,False
Jawa Timur,13,2023,12,Desember,12,Belanja Daerah,31120677901940.0,30241653025885.0,97.18,False,False
Jawa Timur,13,2024,1,Januari,13,Belanja Daerah,35914936476916.0,481143814281.0,1.34,False,False
Jawa Timur,13,2024,2,Februari,14,Belanja Daerah,35914936476916.0,1171054783186.0,3.26,False,False
Jawa Timur,13,2024,3,Maret,15,Belanja Daerah,35914936476916.0,2664227984476.0,7.42,False,False
Jawa Timur,13,2024,4,April,16,Belanja Daerah,35914936476916.0,4477644653081.0,12.47,False,False
Jawa Timur,13,2024,5,Mei,17,Belanja Daerah,35914936476916.0,9821327887822.4,27.35,False,False
Jawa Timur,13,2024,6,Juni,18,Belanja Daerah,35914936476916.0,12354600393131.0,34.4,False,False
Jawa Timur,13,2024,7,Juli,19,Belanja Daerah,35914936476916.0,16572751216753.0,46.14,False,False
Jawa Timur,13,2024,8,Agustus,20,Belanja Daerah,35914936476916.0,18768930866937.0,52.26,False,False
Jawa Timur,13,2024,9,September,21,Belanja Daerah,35914936476916.0,20989509613646.0,58.44,False,False
Jawa Timur,13,2024,10,Oktober,22,Belanja Daerah,35914936476916.0,25544330208162.0,71.12,False,False
Jawa Timur,13,2024,11,November,23,Belanja Daerah,35914936476916.0,27988038102535.0,77.93,False,False
Jawa Timur,13,2024,12,Desember,24,Belanja Daerah,35914936476916.0,34561362004718.0,96.23,False,False
Jawa Timur,13,2025,1,Januari,25,Belanja Daerah,33296664683693.0,521708170187.0,1.57,False,False
Jawa Timur,13,2025,2,Februari,26,Belanja Daerah,33296664683693.0,1363902722197.0,4.1,False,False
Jawa Timur,13,2025,3,Maret,27,Belanja Daerah,33296664683693.0,3627407117762.5,10.89,False,False
Jawa Timur,13,2025,4,April,28,Belanja Daerah,33296664683693.0,5641321504552.6,16.94,False,False
Jawa Timur,13,2025,5,Mei,29,Belanja Daerah,33296664683693.0,8765197730130.0,26.32,False,False
Jawa Timur,13,2025,6,Juni,30,Belanja Daerah,33296664683693.0,10945339330797.0,32.87,False,False
Jawa Timur,13,2025,7,Juli,31,Belanja Daerah,33296664683693.0,13823310555999.0,41.52,False,False
Jawa Timur,13,2025,8,Agustus,32,Belanja Daerah,33296664683693.0,16742700545637.0,50.28,False,False
Jawa Timur,13,2025,9,September,33,Belanja Daerah,33296664683693.0,18197835276554.0,54.65,False,False
Jawa Timur,13,2025,10,Oktober,34,Belanja Daerah,33296664683693.0,20288305378708.0,60.93,False,False
Jawa Timur,13,2025,11,November,35,Belanja Daerah,33296664683693.0,24330951579734.0,73.07,False,False
Jawa Timur,13,2025,12,Desember,36,Belanja Daerah,33296664683693.0,25227935792373.0,75.77,False,False
Jawa Timur,13,2026,1,Januari,37,Belanja Daerah,27227708425426.0,491786106793.0,1.81,False,False
Jawa Timur,13,2026,2,Februari,38,Belanja Daerah,27227708425426.0,1268605790089.5,4.66,False,False
Jawa Timur,13,2026,3,Maret,39,Belanja Daerah,27227708425426.0,3189137080065.2,11.71,False,False
Jawa Timur,13,2026,4,April,40,Belanja Daerah,27227708425426.0,5051257250503.2,18.55,False,False
Jawa Timur,13,2026,5,Mei,41,Belanja Daerah,27227708425426.0,8435629850515.5,30.98,False,False
Jawa Timur,13,2026,6,Juni,42,Belanja Daerah,27227708425426.0,10337739615809.0,37.97,False,False
Jawa Timur,13,2026,7,Juli,43,Belanja Daerah,27227708425426.0,12888827837655.0,47.34,False,False
Jawa Timur,13,2026,8,Agustus,44,Belanja Daerah,27227708425426.0,14561075312253.0,53.48,False,False
Jawa Timur,13,2026,9,September,45,Belanja Daerah,27227708425426.0,14959397754445.0,54.94,False,False
Jawa Timur,13,2026,10,Oktober,46,Belanja Daerah,27227708425426.0,14959397754445.0,54.94,False,True
Jawa Timur,13,2026,11,November,47,Belanja Daerah,27227708425426.0,14959397754445.0,54.94,False,True
Jawa Timur,13,2026,12,Desember,48,Belanja Daerah,27227708425426.0,14959397754445.0,54.94,False,True
Jawa Timur,13,2023,1,Januari,1,Belanja Hibah,3365394584224.0,0.0,0.0,False,False
Jawa Timur,13,2023,2,Februari,2,Belanja Hibah,3365394584224.0,53100000000.0,1.58,False,False
Jawa Timur,13,2023,3,Maret,3,Belanja Hibah,3365394584224.0,110390000000.0,3.28,False,False
Jawa Timur,13,2023,4,April,4,Belanja Hibah,3365394584224.0,139434347500.0,4.14,False,False
Jawa Timur,13,2023,5,Mei,5,Belanja Hibah,3365394584224.0,139434347500.0,4.14,False,False
Jawa Timur,13,2023,6,Juni,6,Belanja Hibah,3365394584224.0,188420149500.0,5.6,False,False
Jawa Timur,13,2023,7,Juli,7,Belanja Hibah,3365394584224.0,264231174363.0,7.85,False,False
Jawa Timur,13,2023,8,Agustus,8,Belanja Hibah,3365394584224.0,983168513002.0,29.21,False,False
Jawa Timur,13,2023,9,September,9,Belanja Hibah,3365394584224.0,1406530835692.0,41.79,False,False
Jawa Timur,13,2023,10,Oktober,10,Belanja Hibah,3365394584224.0,1585987527860.0,47.13,False,False
Jawa Timur,13,2023,11,November,11,Belanja Hibah,3365394584224.0,1773003991824.0,52.68,False,False
Jawa Timur,13,2023,12,Desember,12,Belanja Hibah,3365394584224.0,3804589934525.0,113.05,False,False
Jawa Timur,13,2024,1,Januari,13,Belanja Hibah,4519459763496.0,0.0,0.0,False,False
Jawa Timur,13,2024,2,Februari,14,Belanja Hibah,4519459763496.0,18277000000.0,0.4,False,False
Jawa Timur,13,2024,3,Maret,15,Belanja Hibah,4519459763496.0,122693429200.0,2.71,False,False
Jawa Timur,13,2024,4,April,16,Belanja Hibah,4519459763496.0,213225629200.0,4.72,False,False
Jawa Timur,13,2024,5,Mei,17,Belanja Hibah,4519459763496.0,1477218703565.0,32.69,False,False
Jawa Timur,13,2024,6,Juni,18,Belanja Hibah,4519459763496.0,2133305667606.0,47.2,False,False
Jawa Timur,13,2024,7,Juli,19,Belanja Hibah,4519459763496.0,2512444015067.0,55.59,False,False
Jawa Timur,13,2024,8,Agustus,20,Belanja Hibah,4519459763496.0,3161326320064.0,69.95,False,False
Jawa Timur,13,2024,9,September,21,Belanja Hibah,4519459763496.0,3645643981053.0,80.67,False,False
Jawa Timur,13,2024,10,Oktober,22,Belanja Hibah,4519459763496.0,3938099773194.0,87.14,False,False
Jawa Timur,13,2024,11,November,23,Belanja Hibah,4519459763496.0,4108477075036.0,90.91,False,False
Jawa Timur,13,2024,12,Desember,24,Belanja Hibah,4519459763496.0,4409012748568.4,97.56,False,False
Jawa Timur,13,2025,1,Januari,25,Belanja Hibah,3280942015432.0,0.0,0.0,False,False
Jawa Timur,13,2025,2,Februari,26,Belanja Hibah,3280942015432.0,39945218800.0,1.22,False,False
Jawa Timur,13,2025,3,Maret,27,Belanja Hibah,3280942015432.0,50945218800.0,1.55,False,False
Jawa Timur,13,2025,4,April,28,Belanja Hibah,3280942015432.0,692309288800.0,21.1,False,False
Jawa Timur,13,2025,5,Mei,29,Belanja Hibah,3280942015432.0,1085214040461.0,33.08,False,False
Jawa Timur,13,2025,6,Juni,30,Belanja Hibah,3280942015432.0,1324219003604.0,40.36,False,False
Jawa Timur,13,2025,7,Juli,31,Belanja Hibah,3280942015432.0,1671078991398.0,50.93,False,False
Jawa Timur,13,2025,8,Agustus,32,Belanja Hibah,3280942015432.0,1913911685899.0,58.33,False,False
Jawa Timur,13,2025,9,September,33,Belanja Hibah,3280942015432.0,1966267487907.0,59.93,False,False
Jawa Timur,13,2025,10,Oktober,34,Belanja Hibah,3280942015432.0,2112046221327.0,64.37,False,False
Jawa Timur,13,2025,11,November,35,Belanja Hibah,3280942015432.0,2709001512177.0,82.57,False,False
Jawa Timur,13,2025,12,Desember,36,Belanja Hibah,3280942015432.0,2759041134229.0,84.09,False,False
Jawa Timur,13,2026,1,Januari,37,Belanja Hibah,3254897453298.0,0.0,0.0,False,False
Jawa Timur,13,2026,2,Februari,38,Belanja Hibah,3254897453298.0,103896731000.0,3.19,False,False
Jawa Timur,13,2026,3,Maret,39,Belanja Hibah,3254897453298.0,209769835473.0,6.44,False,False
Jawa Timur,13,2026,4,April,40,Belanja Hibah,3254897453298.0,225249835473.0,6.92,False,False
Jawa Timur,13,2026,5,Mei,41,Belanja Hibah,3254897453298.0,1250778917475.0,38.43,False,False
Jawa Timur,13,2026,6,Juni,42,Belanja Hibah,3254897453298.0,1452252187475.0,44.62,False,False
Jawa Timur,13,2026,7,Juli,43,Belanja Hibah,3254897453298.0,1686575299180.0,51.82,False,False
Jawa Timur,13,2026,8,Agustus,44,Belanja Hibah,3254897453298.0,1829424029516.0,56.21,False,False
Jawa Timur,13,2026,9,September,45,Belanja Hibah,3254897453298.0,1862560289476.0,57.22,False,False
Jawa Timur,13,2026,10,Oktober,46,Belanja Hibah,3254897453298.0,1862560289476.0,57.22,False,True
Jawa Timur,13,2026,11,November,47,Belanja Hibah,3254897453298.0,1862560289476.0,57.22,False,True
Jawa Timur,13,2026,12,Desember,48,Belanja Hibah,3254897453298.0,1862560289476.0,57.22,False,True
Jawa Timur,13,2023,1,Januari,1,Belanja Lainnya,12241945517044.0,411522430994.0,3.36,False,False
Jawa Timur,13,2023,2,Februari,2,Belanja Lainnya,12241945517044.0,494125848968.0,4.04,False,False
Jawa Timur,13,2023,3,Maret,3,Belanja Lainnya,12241945517044.0,664184851883.0,5.43,False,False
Jawa Timur,13,2023,4,April,4,Belanja Lainnya,12241945517044.0,1615258752106.0,13.19,False,False
Jawa Timur,13,2023,5,Mei,5,Belanja Lainnya,12241945517044.0,1615258752106.0,13.19,False,False
Jawa Timur,13,2023,6,Juni,6,Belanja Lainnya,12241945517044.0,1749517935452.0,14.29,False,False
Jawa Timur,13,2023,7,Juli,7,Belanja Lainnya,12241945517044.0,4960524471242.4,40.52,False,False
Jawa Timur,13,2023,8,Agustus,8,Belanja Lainnya,12241945517044.0,5752194620684.4,46.99,False,False
Jawa Timur,13,2023,9,September,9,Belanja Lainnya,12241945517044.0,6182636596402.4,50.5,False,False
Jawa Timur,13,2023,10,Oktober,10,Belanja Lainnya,12241945517044.0,6434046207476.4,52.56,False,False
Jawa Timur,13,2023,11,November,11,Belanja Lainnya,12241945517044.0,8603008570831.3,70.27,False,False
Jawa Timur,13,2023,12,Desember,12,Belanja Lainnya,12241945517044.0,12075819045876.0,98.64,False,False
Jawa Timur,13,2024,1,Januari,13,Belanja Lainnya,14088623152555.0,0.0,0.0,False,False
Jawa Timur,13,2024,2,Februari,14,Belanja Lainnya,14088623152555.0,31170449000.0,0.22,False,False
Jawa Timur,13,2024,3,Maret,15,Belanja Lainnya,14088623152555.0,197926922045.0,1.4,False,False
Jawa Timur,13,2024,4,April,16,Belanja Lainnya,14088623152555.0,324213304366.0,2.3,False,False
Jawa Timur,13,2024,5,Mei,17,Belanja Lainnya,14088623152555.0,3977359686601.4,28.23,False,False
Jawa Timur,13,2024,6,Juni,18,Belanja Lainnya,14088623152555.0,4749900927727.4,33.71,False,False
Jawa Timur,13,2024,7,Juli,19,Belanja Lainnya,14088623152555.0,7137689431452.9,50.66,False,False
Jawa Timur,13,2024,8,Agustus,20,Belanja Lainnya,14088623152555.0,7867062177949.9,55.84,False,False
Jawa Timur,13,2024,9,September,21,Belanja Lainnya,14088623152555.0,8380266536750.9,59.48,False,False
Jawa Timur,13,2024,10,Oktober,22,Belanja Lainnya,14088623152555.0,11483694727329.0,81.51,False,False
Jawa Timur,13,2024,11,November,23,Belanja Lainnya,14088623152555.0,11777667857952.0,83.6,False,False
Jawa Timur,13,2024,12,Desember,24,Belanja Lainnya,14088623152555.0,13849859904381.0,98.31,False,False
Jawa Timur,13,2025,1,Januari,25,Belanja Lainnya,9425806450359.5,0.0,0.0,False,False
Jawa Timur,13,2025,2,Februari,26,Belanja Lainnya,9425806450359.5,81522718800.0,0.86,False,False
Jawa Timur,13,2025,3,Maret,27,Belanja Lainnya,9425806450359.5,131944473742.0,1.4,False,False
Jawa Timur,13,2025,4,April,28,Belanja Lainnya,9425806450359.5,795384484742.0,8.44,False,False
Jawa Timur,13,2025,5,Mei,29,Belanja Lainnya,9425806450359.5,2739579090948.0,29.06,False,False
Jawa Timur,13,2025,6,Juni,30,Belanja Lainnya,9425806450359.5,3122623150005.0,33.13,False,False
Jawa Timur,13,2025,7,Juli,31,Belanja Lainnya,9425806450359.5,3547540108999.0,37.64,False,False
Jawa Timur,13,2025,8,Agustus,32,Belanja Lainnya,9425806450359.5,5020204618665.5,53.26,False,False
Jawa Timur,13,2025,9,September,33,Belanja Lainnya,9425806450359.5,5200948834106.5,55.18,False,False
Jawa Timur,13,2025,10,Oktober,34,Belanja Lainnya,9425806450359.5,5953960169995.5,63.17,False,False
Jawa Timur,13,2025,11,November,35,Belanja Lainnya,9425806450359.5,7749701925690.2,82.22,False,False
Jawa Timur,13,2025,12,Desember,36,Belanja Lainnya,9425806450359.5,7849698107742.2,83.28,False,False
Jawa Timur,13,2026,1,Januari,37,Belanja Lainnya,8651302704298.0,7641459030.0,0.09,False,False
Jawa Timur,13,2026,2,Februari,38,Belanja Lainnya,8651302704298.0,148987190030.0,1.72,False,False
Jawa Timur,13,2026,3,Maret,39,Belanja Lainnya,8651302704298.0,277495061391.0,3.21,False,False
Jawa Timur,13,2026,4,April,40,Belanja Lainnya,8651302704298.0,1054423347274.0,12.19,False,False
Jawa Timur,13,2026,5,Mei,41,Belanja Lainnya,8651302704298.0,2745435461895.6,31.73,False,False
Jawa Timur,13,2026,6,Juni,42,Belanja Lainnya,8651302704298.0,2991169846960.6,34.57,False,False
Jawa Timur,13,2026,7,Juli,43,Belanja Lainnya,8651302704298.0,3926904503021.0,45.39,False,False
Jawa Timur,13,2026,8,Agustus,44,Belanja Lainnya,8651302704298.0,4775002839384.0,55.19,False,False
Jawa Timur,13,2026,9,September,45,Belanja Lainnya,8651302704298.0,4816663997344.0,55.68,False,False
Jawa Timur,13,2026,10,Oktober,46,Belanja Lainnya,8651302704298.0,4816663997344.0,55.68,False,True
Jawa Timur,13,2026,11,November,47,Belanja Lainnya,8651302704298.0,4816663997344.0,55.68,False,True
Jawa Timur,13,2026,12,Desember,48,Belanja Lainnya,8651302704298.0,4816663997344.0,55.68,False,True
Jawa Timur,13,2023,1,Januari,1,Belanja Modal,2342700762373.0,257068990.0,0.01,False,False
Jawa Timur,13,2023,2,Februari,2,Belanja Modal,2342700762373.0,3132826181.0,0.13,False,False
Jawa Timur,13,2023,3,Maret,3,Belanja Modal,2342700762373.0,14033280896.0,0.6,False,False
Jawa Timur,13,2023,4,April,4,Belanja Modal,2342700762373.0,45651517283.0,1.95,False,False
Jawa Timur,13,2023,5,Mei,5,Belanja Modal,2342700762373.0,45651517283.0,1.95,False,False
Jawa Timur,13,2023,6,Juni,6,Belanja Modal,2342700762373.0,162054694339.0,6.92,False,False
Jawa Timur,13,2023,7,Juli,7,Belanja Modal,2342700762373.0,257264070922.0,10.98,False,False
Jawa Timur,13,2023,8,Agustus,8,Belanja Modal,2342700762373.0,405034819891.0,17.29,False,False
Jawa Timur,13,2023,9,September,9,Belanja Modal,2342700762373.0,696206043954.0,29.72,False,False
Jawa Timur,13,2023,10,Oktober,10,Belanja Modal,2342700762373.0,857919595185.0,36.62,False,False
Jawa Timur,13,2023,11,November,11,Belanja Modal,2342700762373.0,1160998760263.0,49.56,False,False
Jawa Timur,13,2023,12,Desember,12,Belanja Modal,2342700762373.0,2589471803742.7,110.53,False,False
Jawa Timur,13,2024,1,Januari,13,Belanja Modal,2445158294881.4,376517917.0,0.02,False,False
Jawa Timur,13,2024,2,Februari,14,Belanja Modal,2445158294881.4,7352081677.0,0.3,False,False
Jawa Timur,13,2024,3,Maret,15,Belanja Modal,2445158294881.4,39746117730.0,1.63,False,False
Jawa Timur,13,2024,4,April,16,Belanja Modal,2445158294881.4,57777750307.0,2.36,False,False
Jawa Timur,13,2024,5,Mei,17,Belanja Modal,2445158294881.4,152857029391.0,6.25,False,False
Jawa Timur,13,2024,6,Juni,18,Belanja Modal,2445158294881.4,232034344710.0,9.49,False,False
Jawa Timur,13,2024,7,Juli,19,Belanja Modal,2445158294881.4,359736242303.0,14.71,False,False
Jawa Timur,13,2024,8,Agustus,20,Belanja Modal,2445158294881.4,496336539005.0,20.3,False,False
Jawa Timur,13,2024,9,September,21,Belanja Modal,2445158294881.4,745690298540.0,30.5,False,False
Jawa Timur,13,2024,10,Oktober,22,Belanja Modal,2445158294881.4,957158257084.0,39.15,False,False
Jawa Timur,13,2024,11,November,23,Belanja Modal,2445158294881.4,1349296267035.5,55.18,False,False
Jawa Timur,13,2024,12,Desember,24,Belanja Modal,2445158294881.4,2307624349231.1,94.38,False,False
Jawa Timur,13,2025,1,Januari,25,Belanja Modal,3259595232096.3,31914620.0,0.0,False,False
Jawa Timur,13,2025,2,Februari,26,Belanja Modal,3259595232096.3,1999573328.0,0.06,False,False
Jawa Timur,13,2025,3,Maret,27,Belanja Modal,3259595232096.3,31980864195.0,0.98,False,False
Jawa Timur,13,2025,4,April,28,Belanja Modal,3259595232096.3,108160038508.0,3.32,False,False
Jawa Timur,13,2025,5,Mei,29,Belanja Modal,3259595232096.3,179659665190.0,5.51,False,False
Jawa Timur,13,2025,6,Juni,30,Belanja Modal,3259595232096.3,257111407051.0,7.89,False,False
Jawa Timur,13,2025,7,Juli,31,Belanja Modal,3259595232096.3,560620168845.0,17.2,False,False
Jawa Timur,13,2025,8,Agustus,32,Belanja Modal,3259595232096.3,727918197909.0,22.33,False,False
Jawa Timur,13,2025,9,September,33,Belanja Modal,3259595232096.3,879363703938.92,26.98,False,False
Jawa Timur,13,2025,10,Oktober,34,Belanja Modal,3259595232096.3,1045818496650.9,32.08,False,False
Jawa Timur,13,2025,11,November,35,Belanja Modal,3259595232096.3,1563961383742.0,47.98,False,False
Jawa Timur,13,2025,12,Desember,36,Belanja Modal,3259595232096.3,1775399589218.0,54.47,False,False
Jawa Timur,13,2026,1,Januari,37,Belanja Modal,1094647730787.0,145976390.0,0.01,False,False
Jawa Timur,13,2026,2,Februari,38,Belanja Modal,1094647730787.0,4811428268.0,0.44,False,False
Jawa Timur,13,2026,3,Maret,39,Belanja Modal,1094647730787.0,19702209542.0,1.8,False,False
Jawa Timur,13,2026,4,April,40,Belanja Modal,1094647730787.0,36315740966.0,3.32,False,False
Jawa Timur,13,2026,5,Mei,41,Belanja Modal,1094647730787.0,139548951111.0,12.75,False,False
Jawa Timur,13,2026,6,Juni,42,Belanja Modal,1094647730787.0,179255287424.0,16.38,False,False
Jawa Timur,13,2026,7,Juli,43,Belanja Modal,1094647730787.0,302558176160.0,27.64,False,False
Jawa Timur,13,2026,8,Agustus,44,Belanja Modal,1094647730787.0,350581109034.0,32.03,False,False
Jawa Timur,13,2026,9,September,45,Belanja Modal,1094647730787.0,353596203866.0,32.3,False,False
Jawa Timur,13,2026,10,Oktober,46,Belanja Modal,1094647730787.0,353596203866.0,32.3,False,True
Jawa Timur,13,2026,11,November,47,Belanja Modal,1094647730787.0,353596203866.0,32.3,False,True
Jawa Timur,13,2026,12,Desember,48,Belanja Modal,1094647730787.0,353596203866.0,32.3,False,True
Jawa Timur,13,2023,1,Januari,1,Belanja Pegawai,8559238691372.0,265487261909.0,3.1,False,False
Jawa Timur,13,2023,2,Februari,2,Belanja Pegawai,8559238691372.0,592475366982.0,6.92,False,False
Jawa Timur,13,2023,3,Maret,3,Belanja Pegawai,8559238691372.0,1146690106052.0,13.4,False,False
Jawa Timur,13,2023,4,April,4,Belanja Pegawai,8559238691372.0,2264081643356.0,26.45,False,False
Jawa Timur,13,2023,5,Mei,5,Belanja Pegawai,8559238691372.0,2264081643356.0,26.45,False,False
Jawa Timur,13,2023,6,Juni,6,Belanja Pegawai,8559238691372.0,3020111036732.0,35.28,False,False
Jawa Timur,13,2023,7,Juli,7,Belanja Pegawai,8559238691372.0,3839712895569.0,44.86,False,False
Jawa Timur,13,2023,8,Agustus,8,Belanja Pegawai,8559238691372.0,4286170966864.4,50.08,False,False
Jawa Timur,13,2023,9,September,9,Belanja Pegawai,8559238691372.0,4731830024715.4,55.28,False,False
Jawa Timur,13,2023,10,Oktober,10,Belanja Pegawai,8559238691372.0,5231710870445.4,61.12,False,False
Jawa Timur,13,2023,11,November,11,Belanja Pegawai,8559238691372.0,5927456511678.4,69.25,False,False
Jawa Timur,13,2023,12,Desember,12,Belanja Pegawai,8559238691372.0,6952358257484.4,81.23,False,False
Jawa Timur,13,2024,1,Januari,13,Belanja Pegawai,8863568685441.0,327392216215.0,3.69,False,False
Jawa Timur,13,2024,2,Februari,14,Belanja Pegawai,8863568685441.0,633110453806.0,7.14,False,False
Jawa Timur,13,2024,3,Maret,15,Belanja Pegawai,8863568685441.0,1282272269407.0,14.47,False,False
Jawa Timur,13,2024,4,April,16,Belanja Pegawai,8863568685441.0,2372661588504.0,26.77,False,False
Jawa Timur,13,2024,5,Mei,17,Belanja Pegawai,8863568685441.0,2999693843599.0,33.84,False,False
Jawa Timur,13,2024,6,Juni,18,Belanja Pegawai,8863568685441.0,3949894170188.0,44.56,False,False
Jawa Timur,13,2024,7,Juli,19,Belanja Pegawai,8863568685441.0,4841804309248.0,54.63,False,False
Jawa Timur,13,2024,8,Agustus,20,Belanja Pegawai,8863568685441.0,5341658277479.0,60.27,False,False
Jawa Timur,13,2024,9,September,21,Belanja Pegawai,8863568685441.0,5817471461934.0,65.63,False,False
Jawa Timur,13,2024,10,Oktober,22,Belanja Pegawai,8863568685441.0,6353762886161.0,71.68,False,False
Jawa Timur,13,2024,11,November,23,Belanja Pegawai,8863568685441.0,7091057696390.0,80.0,False,False
Jawa Timur,13,2024,12,Desember,24,Belanja Pegawai,8863568685441.0,8331755046739.0,94.0,False,False
Jawa Timur,13,2025,1,Januari,25,Belanja Pegawai,9438702280335.1,301997753678.0,3.2,False,False
Jawa Timur,13,2025,2,Februari,26,Belanja Pegawai,9438702280335.1,605922709160.0,6.42,False,False
Jawa Timur,13,2025,3,Maret,27,Belanja Pegawai,9438702280335.1,1967435642715.5,20.84,False,False
Jawa Timur,13,2025,4,April,28,Belanja Pegawai,9438702280335.1,2490319920342.5,26.38,False,False
Jawa Timur,13,2025,5,Mei,29,Belanja Pegawai,9438702280335.1,2949638939414.5,31.25,False,False
Jawa Timur,13,2025,6,Juni,30,Belanja Pegawai,9438702280335.1,3816517195086.5,40.43,False,False
Jawa Timur,13,2025,7,Juli,31,Belanja Pegawai,9438702280335.1,4928153660320.5,52.21,False,False
Jawa Timur,13,2025,8,Agustus,32,Belanja Pegawai,9438702280335.1,5396764160680.5,57.18,False,False
Jawa Timur,13,2025,9,September,33,Belanja Pegawai,9438702280335.1,5882037692053.5,62.32,False,False
Jawa Timur,13,2025,10,Oktober,34,Belanja Pegawai,9438702280335.1,6424591540665.5,68.07,False,False
Jawa Timur,13,2025,11,November,35,Belanja Pegawai,9438702280335.1,6915934765877.5,73.27,False,False
Jawa Timur,13,2025,12,Desember,36,Belanja Pegawai,9438702280335.1,7223324112448.5,76.53,False,False
Jawa Timur,13,2026,1,Januari,37,Belanja Pegawai,8903461428540.0,279325017162.0,3.14,False,False
Jawa Timur,13,2026,2,Februari,38,Belanja Pegawai,8903461428540.0,612467586371.0,6.88,False,False
Jawa Timur,13,2026,3,Maret,39,Belanja Pegawai,8903461428540.0,1653554285389.0,18.57,False,False
Jawa Timur,13,2026,4,April,40,Belanja Pegawai,8903461428540.0,2184742584183.0,24.54,False,False
Jawa Timur,13,2026,5,Mei,41,Belanja Pegawai,8903461428540.0,3035955196592.0,34.1,False,False
Jawa Timur,13,2026,6,Juni,42,Belanja Pegawai,8903461428540.0,3921097889971.0,44.04,False,False
Jawa Timur,13,2026,7,Juli,43,Belanja Pegawai,8903461428540.0,4871559725946.0,54.72,False,False
Jawa Timur,13,2026,8,Agustus,44,Belanja Pegawai,8903461428540.0,5334508717701.0,59.91,False,False
Jawa Timur,13,2026,9,September,45,Belanja Pegawai,8903461428540.0,5641059189568.0,63.36,False,False
Jawa Timur,13,2026,10,Oktober,46,Belanja Pegawai,8903461428540.0,5641059189568.0,63.36,False,True
Jawa Timur,13,2026,11,November,47,Belanja Pegawai,8903461428540.0,5641059189568.0,63.36,False,True
Jawa Timur,13,2026,12,Desember,48,Belanja Pegawai,8903461428540.0,5641059189568.0,63.36,False,True
Jawa Timur,13,2023,1,Januari,1,Belanja Subsidi,18500000000.0,0.0,0.0,False,False
Jawa Timur,13,2023,2,Februari,2,Belanja Subsidi,18500000000.0,0.0,0.0,False,False
Jawa Timur,13,2023,3,Maret,3,Belanja Subsidi,18500000000.0,0.0,0.0,False,False
Jawa Timur,13,2023,4,April,4,Belanja Subsidi,18500000000.0,3955065875.0,21.38,False,False
Jawa Timur,13,2023,5,Mei,5,Belanja Subsidi,18500000000.0,3955065875.0,21.38,False,False
Jawa Timur,13,2023,6,Juni,6,Belanja Subsidi,18500000000.0,5669010709.0,30.64,False,False
Jawa Timur,13,2023,7,Juli,7,Belanja Subsidi,18500000000.0,7258082084.0,39.23,False,False
Jawa Timur,13,2023,8,Agustus,8,Belanja Subsidi,18500000000.0,8424102397.0,45.54,False,False
Jawa Timur,13,2023,9,September,9,Belanja Subsidi,18500000000.0,9329262400.0,50.43,False,False
Jawa Timur,13,2023,10,Oktober,10,Belanja Subsidi,18500000000.0,10106882026.0,54.63,False,False
Jawa Timur,13,2023,11,November,11,Belanja Subsidi,18500000000.0,10819718872.0,58.48,False,False
Jawa Timur,13,2023,12,Desember,12,Belanja Subsidi,18500000000.0,11157702782.0,60.31,False,False
Jawa Timur,13,2024,1,Januari,13,Belanja Subsidi,31042000000.0,0.0,0.0,False,False
Jawa Timur,13,2024,2,Februari,14,Belanja Subsidi,31042000000.0,0.0,0.0,False,False
Jawa Timur,13,2024,3,Maret,15,Belanja Subsidi,31042000000.0,0.0,0.0,False,False
Jawa Timur,13,2024,4,April,16,Belanja Subsidi,31042000000.0,0.0,0.0,False,False
Jawa Timur,13,2024,5,Mei,17,Belanja Subsidi,31042000000.0,0.0,0.0,False,False
Jawa Timur,13,2024,6,Juni,18,Belanja Subsidi,31042000000.0,13150983085.0,42.37,False,False
Jawa Timur,13,2024,7,Juli,19,Belanja Subsidi,31042000000.0,15479681928.0,49.87,False,False
Jawa Timur,13,2024,8,Agustus,20,Belanja Subsidi,31042000000.0,15479681928.0,49.87,False,False
Jawa Timur,13,2024,9,September,21,Belanja Subsidi,31042000000.0,17940902934.0,57.8,False,False
Jawa Timur,13,2024,10,Oktober,22,Belanja Subsidi,31042000000.0,20980933716.0,67.59,False,False
Jawa Timur,13,2024,11,November,23,Belanja Subsidi,31042000000.0,23937110097.0,77.11,False,False
Jawa Timur,13,2024,12,Desember,24,Belanja Subsidi,31042000000.0,30007581864.0,96.67,False,False
Jawa Timur,13,2025,1,Januari,25,Belanja Subsidi,50043000000.0,0.0,0.0,False,False
Jawa Timur,13,2025,2,Februari,26,Belanja Subsidi,50043000000.0,0.0,0.0,False,False
Jawa Timur,13,2025,3,Maret,27,Belanja Subsidi,50043000000.0,0.0,0.0,False,False
Jawa Timur,13,2025,4,April,28,Belanja Subsidi,50043000000.0,0.0,0.0,False,False
Jawa Timur,13,2025,5,Mei,29,Belanja Subsidi,50043000000.0,11308391514.0,22.6,False,False
Jawa Timur,13,2025,6,Juni,30,Belanja Subsidi,50043000000.0,14672350933.0,29.32,False,False
Jawa Timur,13,2025,7,Juli,31,Belanja Subsidi,50043000000.0,14672350933.0,29.32,False,False
Jawa Timur,13,2025,8,Agustus,32,Belanja Subsidi,50043000000.0,22597943833.0,45.16,False,False
Jawa Timur,13,2025,9,September,33,Belanja Subsidi,50043000000.0,22597943833.0,45.16,False,True
Jawa Timur,13,2025,10,Oktober,34,Belanja Subsidi,50043000000.0,22597943833.0,45.16,False,True
Jawa Timur,13,2025,11,November,35,Belanja Subsidi,50043000000.0,22597943833.0,45.16,False,True
Jawa Timur,13,2025,12,Desember,36,Belanja Subsidi,50043000000.0,22597943833.0,45.16,False,True
Jawa Timur,13,2026,1,Januari,37,Belanja Subsidi,26475000000.0,0.0,0.0,False,False
Jawa Timur,13,2026,2,Februari,38,Belanja Subsidi,26475000000.0,0.0,0.0,False,False
Jawa Timur,13,2026,3,Maret,39,Belanja Subsidi,26475000000.0,0.0,0.0,False,False
Jawa Timur,13,2026,4,April,40,Belanja Subsidi,26475000000.0,0.0,0.0,False,False
Jawa Timur,13,2026,5,Mei,41,Belanja Subsidi,26475000000.0,0.0,0.0,False,False
Jawa Timur,13,2026,6,Juni,42,Belanja Subsidi,26475000000.0,14858563953.0,56.12,False,False
Jawa Timur,13,2026,7,Juli,43,Belanja Subsidi,26475000000.0,26386777344.0,99.67,False,False
Jawa Timur,13,2026,8,Agustus,44,Belanja Subsidi,26475000000.0,26386777344.0,99.67,False,True
Jawa Timur,13,2026,9,September,45,Belanja Subsidi,26475000000.0,26386777344.0,99.67,False,True
Jawa Timur,13,2026,10,Oktober,46,Belanja Subsidi,26475000000.0,26386777344.0,99.67,False,True
Jawa Timur,13,2026,11,November,47,Belanja Subsidi,26475000000.0,26386777344.0,99.67,False,True
Jawa Timur,13,2026,12,Desember,48,Belanja Subsidi,26475000000.0,26386777344.0,99.67,False,True
Jawa Timur,13,2023,1,Januari,1,Belanja Tidak Terduga,943207381922.0,0.0,0.0,False,False
Jawa Timur,13,2023,2,Februari,2,Belanja Tidak Terduga,943207381922.0,29503417974.0,3.13,False,False
Jawa Timur,13,2023,3,Maret,3,Belanja Tidak Terduga,943207381922.0,37996417974.0,4.03,False,False
Jawa Timur,13,2023,4,April,4,Belanja Tidak Terduga,943207381922.0,38969767974.0,4.13,False,False
Jawa Timur,13,2023,5,Mei,5,Belanja Tidak Terduga,943207381922.0,38969767974.0,4.13,False,False
Jawa Timur,13,2023,6,Juni,6,Belanja Tidak Terduga,943207381922.0,38941655974.0,4.13,False,False
Jawa Timur,13,2023,7,Juli,7,Belanja Tidak Terduga,943207381922.0,55284155974.0,5.86,False,False
Jawa Timur,13,2023,8,Agustus,8,Belanja Tidak Terduga,943207381922.0,72926416464.0,7.73,False,False
Jawa Timur,13,2023,9,September,9,Belanja Tidak Terduga,943207381922.0,78762488464.0,8.35,False,False
Jawa Timur,13,2023,10,Oktober,10,Belanja Tidak Terduga,943207381922.0,78577837744.0,8.33,False,False
Jawa Timur,13,2023,11,November,11,Belanja Tidak Terduga,943207381922.0,108354911834.0,11.49,False,False
Jawa Timur,13,2023,12,Desember,12,Belanja Tidak Terduga,943207381922.0,103325273455.0,10.95,False,False
Jawa Timur,13,2024,1,Januari,13,Belanja Tidak Terduga,204126495823.77,0.0,0.0,False,False
Jawa Timur,13,2024,2,Februari,14,Belanja Tidak Terduga,204126495823.77,187449000.0,0.09,False,False
Jawa Timur,13,2024,3,Maret,15,Belanja Tidak Terduga,204126495823.77,31625590345.0,15.49,False,False
Jawa Timur,13,2024,4,April,16,Belanja Tidak Terduga,204126495823.77,31625590345.0,15.49,False,False
Jawa Timur,13,2024,5,Mei,17,Belanja Tidak Terduga,204126495823.77,119211141139.0,58.4,False,False
Jawa Timur,13,2024,6,Juni,18,Belanja Tidak Terduga,204126495823.77,121961141139.0,59.75,False,False
Jawa Timur,13,2024,7,Juli,19,Belanja Tidak Terduga,204126495823.77,122065966139.0,59.8,False,False
Jawa Timur,13,2024,8,Agustus,20,Belanja Tidak Terduga,204126495823.77,122098466139.0,59.82,False,False
Jawa Timur,13,2024,9,September,21,Belanja Tidak Terduga,204126495823.77,121739738945.0,59.64,False,False
Jawa Timur,13,2024,10,Oktober,22,Belanja Tidak Terduga,204126495823.77,126422328695.0,61.93,False,False
Jawa Timur,13,2024,11,November,23,Belanja Tidak Terduga,204126495823.77,139600588695.0,68.39,False,False
Jawa Timur,13,2024,12,Desember,24,Belanja Tidak Terduga,204126495823.77,140538902290.15,68.85,False,False
Jawa Timur,13,2025,1,Januari,25,Belanja Tidak Terduga,335318685816.69,0.0,0.0,False,False
Jawa Timur,13,2025,2,Februari,26,Belanja Tidak Terduga,335318685816.69,7000000000.0,2.09,False,False
Jawa Timur,13,2025,3,Maret,27,Belanja Tidak Terduga,335318685816.69,10176296942.0,3.03,False,False
Jawa Timur,13,2025,4,April,28,Belanja Tidak Terduga,335318685816.69,14112982942.0,4.21,False,False
Jawa Timur,13,2025,5,Mei,29,Belanja Tidak Terduga,335318685816.69,59559998042.0,17.76,False,False
Jawa Timur,13,2025,6,Juni,30,Belanja Tidak Terduga,335318685816.69,62615603537.0,18.67,False,False
Jawa Timur,13,2025,7,Juli,31,Belanja Tidak Terduga,335318685816.69,80370693537.0,23.97,False,False
Jawa Timur,13,2025,8,Agustus,32,Belanja Tidak Terduga,335318685816.69,80370693537.0,23.97,False,False
Jawa Timur,13,2025,9,September,33,Belanja Tidak Terduga,335318685816.69,102444351218.0,30.55,False,False
Jawa Timur,13,2025,10,Oktober,34,Belanja Tidak Terduga,335318685816.69,112180620369.0,33.45,False,False
Jawa Timur,13,2025,11,November,35,Belanja Tidak Terduga,335318685816.69,119203620369.0,35.55,False,False
Jawa Timur,13,2025,12,Desember,36,Belanja Tidak Terduga,335318685816.69,129822350369.0,38.72,False,False
Jawa Timur,13,2026,1,Januari,37,Belanja Tidak Terduga,90750115000.0,7641459030.0,8.42,False,False
Jawa Timur,13,2026,2,Februari,38,Belanja Tidak Terduga,90750115000.0,7641459030.0,8.42,False,False
Jawa Timur,13,2026,3,Maret,39,Belanja Tidak Terduga,90750115000.0,14516459030.0,16.0,False,False
Jawa Timur,13,2026,4,April,40,Belanja Tidak Terduga,90750115000.0,23240877030.0,25.61,False,False
Jawa Timur,13,2026,5,Mei,41,Belanja Tidak Terduga,90750115000.0,31646784030.0,34.87,False,False
Jawa Timur,13,2026,6,Juni,42,Belanja Tidak Terduga,90750115000.0,31646784030.0,34.87,False,False
Jawa Timur,13,2026,7,Juli,43,Belanja Tidak Terduga,90750115000.0,39902129030.0,43.97,False,False
Jawa Timur,13,2026,8,Agustus,44,Belanja Tidak Terduga,90750115000.0,60022764030.0,66.14,False,False
Jawa Timur,13,2026,9,September,45,Belanja Tidak Terduga,90750115000.0,60022764030.0,66.14,False,True
Jawa Timur,13,2026,10,Oktober,46,Belanja Tidak Terduga,90750115000.0,60022764030.0,66.14,False,True
Jawa Timur,13,2026,11,November,47,Belanja Tidak Terduga,90750115000.0,60022764030.0,66.14,False,True
Jawa Timur,13,2026,12,Desember,48,Belanja Tidak Terduga,90750115000.0,60022764030.0,66.14,False,True
Jawa Timur,13,2023,1,Januari,1,Hasil Pengelolaan Kekayaan Daerah yang Dipisahkan,458147038568.0,0.0,0.0,False,False
Jawa Timur,13,2023,2,Februari,2,Hasil Pengelolaan Kekayaan Daerah yang Dipisahkan,458147038568.0,0.0,0.0,False,False
Jawa Timur,13,2023,3,Maret,3,Hasil Pengelolaan Kekayaan Daerah yang Dipisahkan,458147038568.0,0.0,0.0,False,False
Jawa Timur,13,2023,4,April,4,Hasil Pengelolaan Kekayaan Daerah yang Dipisahkan,458147038568.0,1250000000.0,0.27,False,False
Jawa Timur,13,2023,5,Mei,5,Hasil Pengelolaan Kekayaan Daerah yang Dipisahkan,458147038568.0,1250000000.0,0.27,False,False
Jawa Timur,13,2023,6,Juni,6,Hasil Pengelolaan Kekayaan Daerah yang Dipisahkan,458147038568.0,1250000000.0,0.27,False,False
Jawa Timur,13,2023,7,Juli,7,Hasil Pengelolaan Kekayaan Daerah yang Dipisahkan,458147038568.0,15036351564.0,3.28,False,False
Jawa Timur,13,2023,8,Agustus,8,Hasil Pengelolaan Kekayaan Daerah yang Dipisahkan,458147038568.0,15036351564.0,3.28,False,False
Jawa Timur,13,2023,9,September,9,Hasil Pengelolaan Kekayaan Daerah yang Dipisahkan,458147038568.0,15036351564.0,3.28,False,False
Jawa Timur,13,2023,10,Oktober,10,Hasil Pengelolaan Kekayaan Daerah yang Dipisahkan,458147038568.0,15036351564.0,3.28,False,False
Jawa Timur,13,2023,11,November,11,Hasil Pengelolaan Kekayaan Daerah yang Dipisahkan,458147038568.0,15036351564.0,3.28,False,False
Jawa Timur,13,2023,12,Desember,12,Hasil Pengelolaan Kekayaan Daerah yang Dipisahkan,458147038568.0,17231567564.0,3.76,False,False
Jawa Timur,13,2024,1,Januari,13,Hasil Pengelolaan Kekayaan Daerah yang Dipisahkan,473110452418.0,0.0,0.0,False,False
Jawa Timur,13,2024,2,Februari,14,Hasil Pengelolaan Kekayaan Daerah yang Dipisahkan,473110452418.0,0.0,0.0,False,False
Jawa Timur,13,2024,3,Maret,15,Hasil Pengelolaan Kekayaan Daerah yang Dipisahkan,473110452418.0,417547333314.72,88.26,False,False
Jawa Timur,13,2024,4,April,16,Hasil Pengelolaan Kekayaan Daerah yang Dipisahkan,473110452418.0,420549746314.72,88.89,False,False
Jawa Timur,13,2024,5,Mei,17,Hasil Pengelolaan Kekayaan Daerah yang Dipisahkan,473110452418.0,454034675745.72,95.97,False,False
Jawa Timur,13,2024,6,Juni,18,Hasil Pengelolaan Kekayaan Daerah yang Dipisahkan,473110452418.0,454034675745.72,95.97,False,False
Jawa Timur,13,2024,7,Juli,19,Hasil Pengelolaan Kekayaan Daerah yang Dipisahkan,473110452418.0,470620435732.72,99.47,False,False
Jawa Timur,13,2024,8,Agustus,20,Hasil Pengelolaan Kekayaan Daerah yang Dipisahkan,473110452418.0,471687455732.72,99.7,False,False
Jawa Timur,13,2024,9,September,21,Hasil Pengelolaan Kekayaan Daerah yang Dipisahkan,473110452418.0,471687455732.72,99.7,False,True
Jawa Timur,13,2024,10,Oktober,22,Hasil Pengelolaan Kekayaan Daerah yang Dipisahkan,473110452418.0,471687455732.72,99.7,False,True
Jawa Timur,13,2024,11,November,23,Hasil Pengelolaan Kekayaan Daerah yang Dipisahkan,473110452418.0,471687455732.72,99.7,False,True
Jawa Timur,13,2024,12,Desember,24,Hasil Pengelolaan Kekayaan Daerah yang Dipisahkan,473110452418.0,471687455732.72,99.7,False,True
Jawa Timur,13,2025,1,Januari,25,Hasil Pengelolaan Kekayaan Daerah yang Dipisahkan,488116592768.08,0.0,0.0,False,False
Jawa Timur,13,2025,2,Februari,26,Hasil Pengelolaan Kekayaan Daerah yang Dipisahkan,488116592768.08,0.0,0.0,False,False
Jawa Timur,13,2025,3,Maret,27,Hasil Pengelolaan Kekayaan Daerah yang Dipisahkan,488116592768.08,1650950000.0,0.34,False,False
Jawa Timur,13,2025,4,April,28,Hasil Pengelolaan Kekayaan Daerah yang Dipisahkan,488116592768.08,1650950000.0,0.34,False,False
Jawa Timur,13,2025,5,Mei,29,Hasil Pengelolaan Kekayaan Daerah yang Dipisahkan,488116592768.08,39382363086.0,8.07,False,False
Jawa Timur,13,2025,6,Juni,30,Hasil Pengelolaan Kekayaan Daerah yang Dipisahkan,488116592768.08,459386308768.08,94.11,False,False
Jawa Timur,13,2025,7,Juli,31,Hasil Pengelolaan Kekayaan Daerah yang Dipisahkan,488116592768.08,488116592768.08,100.0,False,False
Jawa Timur,13,2025,8,Agustus,32,Hasil Pengelolaan Kekayaan Daerah yang Dipisahkan,488116592768.08,488116592768.08,100.0,False,True
Jawa Timur,13,2025,9,September,33,Hasil Pengelolaan Kekayaan Daerah yang Dipisahkan,488116592768.08,488116592768.08,100.0,False,True
Jawa Timur,13,2025,10,Oktober,34,Hasil Pengelolaan Kekayaan Daerah yang Dipisahkan,488116592768.08,488116592768.08,100.0,False,True
Jawa Timur,13,2025,11,November,35,Hasil Pengelolaan Kekayaan Daerah yang Dipisahkan,488116592768.08,488116592768.08,100.0,False,True
Jawa Timur,13,2025,12,Desember,36,Hasil Pengelolaan Kekayaan Daerah yang Dipisahkan,488116592768.08,488116592768.08,100.0,False,True
Jawa Timur,13,2026,1,Januari,37,Hasil Pengelolaan Kekayaan Daerah yang Dipisahkan,497400000000.0,0.0,0.0,False,False
Jawa Timur,13,2026,2,Februari,38,Hasil Pengelolaan Kekayaan Daerah yang Dipisahkan,497400000000.0,0.0,0.0,False,False
Jawa Timur,13,2026,3,Maret,39,Hasil Pengelolaan Kekayaan Daerah yang Dipisahkan,497400000000.0,16172452000.0,3.25,False,False
Jawa Timur,13,2026,4,April,40,Hasil Pengelolaan Kekayaan Daerah yang Dipisahkan,497400000000.0,16172452000.0,3.25,False,False
Jawa Timur,13,2026,5,Mei,41,Hasil Pengelolaan Kekayaan Daerah yang Dipisahkan,497400000000.0,54623983750.0,10.98,False,False
Jawa Timur,13,2026,6,Juni,42,Hasil Pengelolaan Kekayaan Daerah yang Dipisahkan,497400000000.0,489290834499.76,98.37,False,False
Jawa Timur,13,2026,7,Juli,43,Hasil Pengelolaan Kekayaan Daerah yang Dipisahkan,497400000000.0,489290834499.76,98.37,False,True
Jawa Timur,13,2026,8,Agustus,44,Hasil Pengelolaan Kekayaan Daerah yang Dipisahkan,497400000000.0,489290834499.76,98.37,False,True
Jawa Timur,13,2026,9,September,45,Hasil Pengelolaan Kekayaan Daerah yang Dipisahkan,497400000000.0,489290834499.76,98.37,False,True
Jawa Timur,13,2026,10,Oktober,46,Hasil Pengelolaan Kekayaan Daerah yang Dipisahkan,497400000000.0,489290834499.76,98.37,False,True
Jawa Timur,13,2026,11,November,47,Hasil Pengelolaan Kekayaan Daerah yang Dipisahkan,497400000000.0,489290834499.76,98.37,False,True
Jawa Timur,13,2026,12,Desember,48,Hasil Pengelolaan Kekayaan Daerah yang Dipisahkan,497400000000.0,489290834499.76,98.37,False,True
Jawa Timur,13,2023,1,Januari,1,Lain-Lain PAD yang Sah,2592549232100.0,273686898109.02,10.56,False,False
Jawa Timur,13,2023,2,Februari,2,Lain-Lain PAD yang Sah,2592549232100.0,438566430760.76,16.92,False,False
Jawa Timur,13,2023,3,Maret,3,Lain-Lain PAD yang Sah,2592549232100.0,690975490794.03,26.65,False,False
Jawa Timur,13,2023,4,April,4,Lain-Lain PAD yang Sah,2592549232100.0,954747185198.09,36.83,False,False
Jawa Timur,13,2023,5,Mei,5,Lain-Lain PAD yang Sah,2592549232100.0,954747185198.09,36.83,False,False
Jawa Timur,13,2023,6,Juni,6,Lain-Lain PAD yang Sah,2592549232100.0,1197939007836.7,46.21,False,False
Jawa Timur,13,2023,7,Juli,7,Lain-Lain PAD yang Sah,2592549232100.0,1505007020471.3,58.05,False,False
Jawa Timur,13,2023,8,Agustus,8,Lain-Lain PAD yang Sah,2592549232100.0,1825301176107.4,70.41,False,False
Jawa Timur,13,2023,9,September,9,Lain-Lain PAD yang Sah,2592549232100.0,2131610287876.2,82.22,False,False
Jawa Timur,13,2023,10,Oktober,10,Lain-Lain PAD yang Sah,2592549232100.0,2468251747622.4,95.21,False,False
Jawa Timur,13,2023,11,November,11,Lain-Lain PAD yang Sah,2592549232100.0,2743658856715.2,105.83,False,False
Jawa Timur,13,2023,12,Desember,12,Lain-Lain PAD yang Sah,2592549232100.0,3162281867003.5,121.98,False,False
Jawa Timur,13,2024,1,Januari,13,Lain-Lain PAD yang Sah,643169601909.0,295414609238.46,45.93,False,False
Jawa Timur,13,2024,2,Februari,14,Lain-Lain PAD yang Sah,643169601909.0,569771072853.11,88.59,False,False
Jawa Timur,13,2024,3,Maret,15,Lain-Lain PAD yang Sah,643169601909.0,833908974096.6,129.66,False,False
Jawa Timur,13,2024,4,April,16,Lain-Lain PAD yang Sah,643169601909.0,869909707660.14,135.25,False,False
Jawa Timur,13,2024,5,Mei,17,Lain-Lain PAD yang Sah,643169601909.0,794225869111.92,123.49,False,False
Jawa Timur,13,2024,6,Juni,18,Lain-Lain PAD yang Sah,643169601909.0,506339688051.24,78.73,False,False
Jawa Timur,13,2024,7,Juli,19,Lain-Lain PAD yang Sah,643169601909.0,571758222040.36,88.9,False,False
Jawa Timur,13,2024,8,Agustus,20,Lain-Lain PAD yang Sah,643169601909.0,600260019836.73,93.33,False,False
Jawa Timur,13,2024,9,September,21,Lain-Lain PAD yang Sah,643169601909.0,669838995767.96,104.15,False,False
Jawa Timur,13,2024,10,Oktober,22,Lain-Lain PAD yang Sah,643169601909.0,747479212628.49,116.22,False,False
Jawa Timur,13,2024,11,November,23,Lain-Lain PAD yang Sah,643169601909.0,716569933528.19,111.41,False,False
Jawa Timur,13,2024,12,Desember,24,Lain-Lain PAD yang Sah,643169601909.0,791927800447.53,123.13,False,False
Jawa Timur,13,2025,1,Januari,25,Lain-Lain PAD yang Sah,707296805380.0,39247222897.8,5.55,False,False
Jawa Timur,13,2025,2,Februari,26,Lain-Lain PAD yang Sah,707296805380.0,91565328729.02,12.95,False,False
Jawa Timur,13,2025,3,Maret,27,Lain-Lain PAD yang Sah,707296805380.0,160320793879.07,22.67,False,False
Jawa Timur,13,2025,4,April,28,Lain-Lain PAD yang Sah,707296805380.0,223131171402.26,31.55,False,False
Jawa Timur,13,2025,5,Mei,29,Lain-Lain PAD yang Sah,707296805380.0,270635070897.01,38.26,False,False
Jawa Timur,13,2025,6,Juni,30,Lain-Lain PAD yang Sah,707296805380.0,341601733449.25,48.3,False,False
Jawa Timur,13,2025,7,Juli,31,Lain-Lain PAD yang Sah,707296805380.0,421626911215.77,59.61,False,False
Jawa Timur,13,2025,8,Agustus,32,Lain-Lain PAD yang Sah,707296805380.0,488581936897.49,69.08,False,False
Jawa Timur,13,2025,9,September,33,Lain-Lain PAD yang Sah,707296805380.0,550994020526.94,77.9,False,False
Jawa Timur,13,2025,10,Oktober,34,Lain-Lain PAD yang Sah,707296805380.0,629898808624.71,89.06,False,False
Jawa Timur,13,2025,11,November,35,Lain-Lain PAD yang Sah,707296805380.0,687543446000.57,97.21,False,False
Jawa Timur,13,2025,12,Desember,36,Lain-Lain PAD yang Sah,707296805380.0,687556546480.57,97.21,False,False
Jawa Timur,13,2026,1,Januari,37,Lain-Lain PAD yang Sah,701101198777.0,43038024571.8,6.14,False,False
Jawa Timur,13,2026,2,Februari,38,Lain-Lain PAD yang Sah,701101198777.0,98145032336.96,14.0,False,False
Jawa Timur,13,2026,3,Maret,39,Lain-Lain PAD yang Sah,701101198777.0,145745885608.81,20.79,False,False
Jawa Timur,13,2026,4,April,40,Lain-Lain PAD yang Sah,701101198777.0,200503660417.33,28.6,False,False
Jawa Timur,13,2026,5,Mei,41,Lain-Lain PAD yang Sah,701101198777.0,268422853608.03,38.29,False,False
Jawa Timur,13,2026,6,Juni,42,Lain-Lain PAD yang Sah,701101198777.0,329352802046.85,46.98,False,False
Jawa Timur,13,2026,7,Juli,43,Lain-Lain PAD yang Sah,701101198777.0,339308797552.5,48.4,False,False
Jawa Timur,13,2026,8,Agustus,44,Lain-Lain PAD yang Sah,701101198777.0,350502170166.07,49.99,False,False
Jawa Timur,13,2026,9,September,45,Lain-Lain PAD yang Sah,701101198777.0,350502170166.07,49.99,False,True
Jawa Timur,13,2026,10,Oktober,46,Lain-Lain PAD yang Sah,701101198777.0,350502170166.07,49.99,False,True
Jawa Timur,13,2026,11,November,47,Lain-Lain PAD yang Sah,701101198777.0,350502170166.07,49.99,False,True
Jawa Timur,13,2026,12,Desember,48,Lain-Lain PAD yang Sah,701101198777.0,350502170166.07,49.99,False,True
Jawa Timur,13,2023,1,Januari,1,Lain-lain Pendapatan Sesuai dengan Ketentuan Peraturan Perundang-Undangan,0.0,5602312364.74,0.0,False,False
Jawa Timur,13,2023,2,Februari,2,Lain-lain Pendapatan Sesuai dengan Ketentuan Peraturan Perundang-Undangan,0.0,7779985864.17,0.0,False,False
Jawa Timur,13,2023,3,Maret,3,Lain-lain Pendapatan Sesuai dengan Ketentuan Peraturan Perundang-Undangan,0.0,8579318018.95,0.0,False,False
Jawa Timur,13,2023,4,April,4,Lain-lain Pendapatan Sesuai dengan Ketentuan Peraturan Perundang-Undangan,0.0,9160686662.95,0.0,False,False
Jawa Timur,13,2023,5,Mei,5,Lain-lain Pendapatan Sesuai dengan Ketentuan Peraturan Perundang-Undangan,0.0,9160686662.95,0.0,False,False
Jawa Timur,13,2023,6,Juni,6,Lain-lain Pendapatan Sesuai dengan Ketentuan Peraturan Perundang-Undangan,0.0,9433734254.95,0.0,False,False
Jawa Timur,13,2023,7,Juli,7,Lain-lain Pendapatan Sesuai dengan Ketentuan Peraturan Perundang-Undangan,0.0,9590841634.95,0.0,False,False
Jawa Timur,13,2023,8,Agustus,8,Lain-lain Pendapatan Sesuai dengan Ketentuan Peraturan Perundang-Undangan,0.0,9688867614.04,0.0,False,False
Jawa Timur,13,2023,9,September,9,Lain-lain Pendapatan Sesuai dengan Ketentuan Peraturan Perundang-Undangan,0.0,9815823320.04,0.0,False,False
Jawa Timur,13,2023,10,Oktober,10,Lain-lain Pendapatan Sesuai dengan Ketentuan Peraturan Perundang-Undangan,0.0,9840823320.04,0.0,False,False
Jawa Timur,13,2023,11,November,11,Lain-lain Pendapatan Sesuai dengan Ketentuan Peraturan Perundang-Undangan,0.0,9900454029.04,0.0,False,False
Jawa Timur,13,2023,12,Desember,12,Lain-lain Pendapatan Sesuai dengan Ketentuan Peraturan Perundang-Undangan,0.0,9986428804.33,0.0,False,False
Jawa Timur,13,2024,1,Januari,13,Lain-lain Pendapatan Sesuai dengan Ketentuan Peraturan Perundang-Undangan,0.0,2261143465.8,0.0,False,False
Jawa Timur,13,2024,2,Februari,14,Lain-lain Pendapatan Sesuai dengan Ketentuan Peraturan Perundang-Undangan,0.0,2660797667.35,0.0,False,False
Jawa Timur,13,2024,3,Maret,15,Lain-lain Pendapatan Sesuai dengan Ketentuan Peraturan Perundang-Undangan,0.0,2772851211.33,0.0,False,False
Jawa Timur,13,2024,4,April,16,Lain-lain Pendapatan Sesuai dengan Ketentuan Peraturan Perundang-Undangan,0.0,3178239646.04,0.0,False,False
Jawa Timur,13,2024,5,Mei,17,Lain-lain Pendapatan Sesuai dengan Ketentuan Peraturan Perundang-Undangan,0.0,3893879604.04,0.0,False,False
Jawa Timur,13,2024,6,Juni,18,Lain-lain Pendapatan Sesuai dengan Ketentuan Peraturan Perundang-Undangan,0.0,4164305174.7,0.0,False,False
Jawa Timur,13,2024,7,Juli,19,Lain-lain Pendapatan Sesuai dengan Ketentuan Peraturan Perundang-Undangan,0.0,4734158496.7,0.0,False,False
Jawa Timur,13,2024,8,Agustus,20,Lain-lain Pendapatan Sesuai dengan Ketentuan Peraturan Perundang-Undangan,0.0,4891973350.9,0.0,False,False
Jawa Timur,13,2024,9,September,21,Lain-lain Pendapatan Sesuai dengan Ketentuan Peraturan Perundang-Undangan,0.0,4910118384.83,0.0,False,False
Jawa Timur,13,2024,10,Oktober,22,Lain-lain Pendapatan Sesuai dengan Ketentuan Peraturan Perundang-Undangan,0.0,5127231129.83,0.0,False,False
Jawa Timur,13,2024,11,November,23,Lain-lain Pendapatan Sesuai dengan Ketentuan Peraturan Perundang-Undangan,0.0,5221603217.83,0.0,False,False
Jawa Timur,13,2024,12,Desember,24,Lain-lain Pendapatan Sesuai dengan Ketentuan Peraturan Perundang-Undangan,0.0,5659436584.48,0.0,False,False
Jawa Timur,13,2025,1,Januari,25,Lain-lain Pendapatan Sesuai dengan Ketentuan Peraturan Perundang-Undangan,0.0,3171275141.18,0.0,False,False
Jawa Timur,13,2025,2,Februari,26,Lain-lain Pendapatan Sesuai dengan Ketentuan Peraturan Perundang-Undangan,0.0,4550373597.5,0.0,False,False
Jawa Timur,13,2025,3,Maret,27,Lain-lain Pendapatan Sesuai dengan Ketentuan Peraturan Perundang-Undangan,0.0,5015416943.47,0.0,False,False
Jawa Timur,13,2025,4,April,28,Lain-lain Pendapatan Sesuai dengan Ketentuan Peraturan Perundang-Undangan,0.0,5407903299.98,0.0,False,False
Jawa Timur,13,2025,5,Mei,29,Lain-lain Pendapatan Sesuai dengan Ketentuan Peraturan Perundang-Undangan,0.0,5442624047.38,0.0,False,False
Jawa Timur,13,2025,6,Juni,30,Lain-lain Pendapatan Sesuai dengan Ketentuan Peraturan Perundang-Undangan,0.0,2295775910.28,0.0,False,False
Jawa Timur,13,2025,7,Juli,31,Lain-lain Pendapatan Sesuai dengan Ketentuan Peraturan Perundang-Undangan,0.0,5522945252.38,0.0,False,False
Jawa Timur,13,2025,8,Agustus,32,Lain-lain Pendapatan Sesuai dengan Ketentuan Peraturan Perundang-Undangan,0.0,5527337254.38,0.0,False,False
Jawa Timur,13,2025,9,September,33,Lain-lain Pendapatan Sesuai dengan Ketentuan Peraturan Perundang-Undangan,0.0,5545244154.38,0.0,False,False
Jawa Timur,13,2025,10,Oktober,34,Lain-lain Pendapatan Sesuai dengan Ketentuan Peraturan Perundang-Undangan,0.0,5747344054.38,0.0,False,False
Jawa Timur,13,2025,11,November,35,Lain-lain Pendapatan Sesuai dengan Ketentuan Peraturan Perundang-Undangan,0.0,5817604166.22,0.0,False,False
Jawa Timur,13,2025,12,Desember,36,Lain-lain Pendapatan Sesuai dengan Ketentuan Peraturan Perundang-Undangan,0.0,5817604166.22,0.0,False,True
Jawa Timur,13,2026,1,Januari,37,Lain-lain Pendapatan Sesuai dengan Ketentuan Peraturan Perundang-Undangan,0.0,2277037219.0,0.0,False,False
Jawa Timur,13,2026,2,Februari,38,Lain-lain Pendapatan Sesuai dengan Ketentuan Peraturan Perundang-Undangan,0.0,2445458477.0,0.0,False,False
Jawa Timur,13,2026,3,Maret,39,Lain-lain Pendapatan Sesuai dengan Ketentuan Peraturan Perundang-Undangan,0.0,2454117017.14,0.0,False,False
Jawa Timur,13,2026,4,April,40,Lain-lain Pendapatan Sesuai dengan Ketentuan Peraturan Perundang-Undangan,0.0,2498201110.29,0.0,False,False
Jawa Timur,13,2026,5,Mei,41,Lain-lain Pendapatan Sesuai dengan Ketentuan Peraturan Perundang-Undangan,0.0,4135099608.21,0.0,False,False
Jawa Timur,13,2026,6,Juni,42,Lain-lain Pendapatan Sesuai dengan Ketentuan Peraturan Perundang-Undangan,0.0,4137731638.21,0.0,False,False
Jawa Timur,13,2026,7,Juli,43,Lain-lain Pendapatan Sesuai dengan Ketentuan Peraturan Perundang-Undangan,0.0,4169073338.21,0.0,False,False
Jawa Timur,13,2026,8,Agustus,44,Lain-lain Pendapatan Sesuai dengan Ketentuan Peraturan Perundang-Undangan,0.0,4169573338.21,0.0,False,False
Jawa Timur,13,2026,9,September,45,Lain-lain Pendapatan Sesuai dengan Ketentuan Peraturan Perundang-Undangan,0.0,4169573338.21,0.0,False,True
Jawa Timur,13,2026,10,Oktober,46,Lain-lain Pendapatan Sesuai dengan Ketentuan Peraturan Perundang-Undangan,0.0,4169573338.21,0.0,False,True
Jawa Timur,13,2026,11,November,47,Lain-lain Pendapatan Sesuai dengan Ketentuan Peraturan Perundang-Undangan,0.0,4169573338.21,0.0,False,True
Jawa Timur,13,2026,12,Desember,48,Lain-lain Pendapatan Sesuai dengan Ketentuan Peraturan Perundang-Undangan,0.0,4169573338.21,0.0,False,True
Jawa Timur,13,2023,1,Januari,1,PAD,19167287503940.0,1564528717218.0,8.16,False,False
Jawa Timur,13,2023,2,Februari,2,PAD,19167287503940.0,2895825978769.8,15.11,False,False
Jawa Timur,13,2023,3,Maret,3,PAD,19167287503940.0,4389082596078.0,22.9,False,False
Jawa Timur,13,2023,4,April,4,PAD,19167287503940.0,6945649135917.6,36.24,False,False
Jawa Timur,13,2023,5,Mei,5,PAD,19167287503940.0,6945649135917.6,36.24,False,False
Jawa Timur,13,2023,6,Juni,6,PAD,19167287503940.0,8458018152678.2,44.13,False,False
Jawa Timur,13,2023,7,Juli,7,PAD,19167287503940.0,10836958270020.0,56.54,False,False
Jawa Timur,13,2023,8,Agustus,8,PAD,19167287503940.0,12447863600292.0,64.94,False,False
Jawa Timur,13,2023,9,September,9,PAD,19167287503940.0,14006905008247.0,73.08,False,False
Jawa Timur,13,2023,10,Oktober,10,PAD,19167287503940.0,16380375941665.0,85.46,False,False
Jawa Timur,13,2023,11,November,11,PAD,19167287503940.0,17995377486087.0,93.89,False,False
Jawa Timur,13,2023,12,Desember,12,PAD,19167287503940.0,20322564839599.0,106.03,False,False
Jawa Timur,13,2024,1,Januari,13,PAD,21089692921043.0,1621213137081.5,7.69,False,False
Jawa Timur,13,2024,2,Februari,14,PAD,21089692921043.0,3072960824703.4,14.57,False,False
Jawa Timur,13,2024,3,Maret,15,PAD,21089692921043.0,5023608186852.9,23.82,False,False
Jawa Timur,13,2024,4,April,16,PAD,21089692921043.0,7683176340279.4,36.43,False,False
Jawa Timur,13,2024,5,Mei,17,PAD,21089692921043.0,9291099571289.5,44.06,False,False
Jawa Timur,13,2024,6,Juni,18,PAD,21089692921043.0,10887513607686.0,51.62,False,False
Jawa Timur,13,2024,7,Juli,19,PAD,21089692921043.0,13358248783788.0,63.34,False,False
Jawa Timur,13,2024,8,Agustus,20,PAD,21089692921043.0,15222797205279.0,72.18,False,False
Jawa Timur,13,2024,9,September,21,PAD,21089692921043.0,16783378523986.0,79.58,False,False
Jawa Timur,13,2024,10,Oktober,22,PAD,21089692921043.0,19329239263497.0,91.65,False,False
Jawa Timur,13,2024,11,November,23,PAD,21089692921043.0,21083670031459.0,99.97,False,False
Jawa Timur,13,2024,12,Desember,24,PAD,21089692921043.0,23454697630042.0,111.21,False,False
Jawa Timur,13,2025,1,Januari,25,PAD,17103858823667.0,1110742715315.7,6.49,False,False
Jawa Timur,13,2025,2,Februari,26,PAD,17103858823667.0,2227197618722.0,13.02,False,False
Jawa Timur,13,2025,3,Maret,27,PAD,17103858823667.0,3460797661094.6,20.23,False,False
Jawa Timur,13,2025,4,April,28,PAD,17103858823667.0,5762183400557.0,33.69,False,False
Jawa Timur,13,2025,5,Mei,29,PAD,17103858823667.0,6984903611803.1,40.84,False,False
Jawa Timur,13,2025,6,Juni,30,PAD,17103858823667.0,8575387022133.7,50.14,False,False
Jawa Timur,13,2025,7,Juli,31,PAD,17103858823667.0,10693029295761.0,62.52,False,False
Jawa Timur,13,2025,8,Agustus,32,PAD,17103858823667.0,11948458308381.0,69.86,False,False
Jawa Timur,13,2025,9,September,33,PAD,17103858823667.0,13129510045661.0,76.76,False,False
Jawa Timur,13,2025,10,Oktober,34,PAD,17103858823667.0,15173593174609.0,88.71,False,False
Jawa Timur,13,2025,11,November,35,PAD,17103858823667.0,16447178522743.0,96.16,False,False
Jawa Timur,13,2025,12,Desember,36,PAD,17103858823667.0,16447322160143.0,96.16,False,False
Jawa Timur,13,2026,1,Januari,37,PAD,17455975529666.0,1162496978422.3,6.66,False,False
Jawa Timur,13,2026,2,Februari,38,PAD,17455975529666.0,2263356383946.2,12.97,False,False
Jawa Timur,13,2026,3,Maret,39,PAD,17455975529666.0,3387818478627.7,19.41,False,False
Jawa Timur,13,2026,4,April,40,PAD,17455975529666.0,5621801459760.3,32.21,False,False
Jawa Timur,13,2026,5,Mei,41,PAD,17455975529666.0,6810008983820.6,39.01,False,False
Jawa Timur,13,2026,6,Juni,42,PAD,17455975529666.0,8493385406613.0,48.66,False,False
Jawa Timur,13,2026,7,Juli,43,PAD,17455975529666.0,9220061419410.6,52.82,False,False
Jawa Timur,13,2026,8,Agustus,44,PAD,17455975529666.0,9888300767828.3,56.65,False,False
Jawa Timur,13,2026,9,September,45,PAD,17455975529666.0,9888338355328.3,56.65,False,False
Jawa Timur,13,2026,10,Oktober,46,PAD,17455975529666.0,9888338355328.4,56.65,False,True
Jawa Timur,13,2026,11,November,47,PAD,17455975529666.0,9888338355328.3,56.65,False,True
Jawa Timur,13,2026,12,Desember,48,PAD,17455975529666.0,9888338355328.3,56.65,False,True
Jawa Timur,13,2023,1,Januari,1,Pajak Daerah,16029901333427.0,1284200525401.0,8.01,False,False
Jawa Timur,13,2023,2,Februari,2,Pajak Daerah,16029901333427.0,2444731811912.0,15.25,False,False
Jawa Timur,13,2023,3,Maret,3,Pajak Daerah,16029901333427.0,3678144923138.0,22.95,False,False
Jawa Timur,13,2023,4,April,4,Pajak Daerah,16029901333427.0,5963249852182.0,37.2,False,False
Jawa Timur,13,2023,5,Mei,5,Pajak Daerah,16029901333427.0,5963249852182.0,37.2,False,False
Jawa Timur,13,2023,6,Juni,6,Pajak Daerah,16029901333427.0,7223229590809.0,45.06,False,False
Jawa Timur,13,2023,7,Juli,7,Pajak Daerah,16029901333427.0,9270892870325.0,57.83,False,False
Jawa Timur,13,2023,8,Agustus,8,Pajak Daerah,16029901333427.0,10550100824585.0,65.82,False,False
Jawa Timur,13,2023,9,September,9,Pajak Daerah,16029901333427.0,11792308742783.0,73.56,False,False
Jawa Timur,13,2023,10,Oktober,10,Pajak Daerah,16029901333427.0,13818454281880.0,86.2,False,False
Jawa Timur,13,2023,11,November,11,Pajak Daerah,16029901333427.0,15142567483944.0,94.46,False,False
Jawa Timur,13,2023,12,Desember,12,Pajak Daerah,16029901333427.0,17036104098157.0,106.28,False,False
Jawa Timur,13,2024,1,Januari,13,Pajak Daerah,17242259690507.0,1302129216743.0,7.55,False,False
Jawa Timur,13,2024,2,Februari,14,Pajak Daerah,17242259690507.0,2443358440596.0,14.17,False,False
Jawa Timur,13,2024,3,Maret,15,Pajak Daerah,17242259690507.0,3677477237992.0,21.33,False,False
Jawa Timur,13,2024,4,April,16,Pajak Daerah,17242259690507.0,6011142267154.0,34.86,False,False
Jawa Timur,13,2024,5,Mei,17,Pajak Daerah,17242259690507.0,7311684312906.0,42.41,False,False
Jawa Timur,13,2024,6,Juni,18,Pajak Daerah,17242259690507.0,8574163118287.0,49.73,False,False
Jawa Timur,13,2024,7,Juli,19,Pajak Daerah,17242259690507.0,10695423675252.0,62.03,False,False
Jawa Timur,13,2024,8,Agustus,20,Pajak Daerah,17242259690507.0,12228548122627.0,70.92,False,False
Jawa Timur,13,2024,9,September,21,Pajak Daerah,17242259690507.0,13484212271798.0,78.2,False,False
Jawa Timur,13,2024,10,Oktober,22,Pajak Daerah,17242259690507.0,15689581172800.0,90.99,False,False
Jawa Timur,13,2024,11,November,23,Pajak Daerah,17242259690507.0,17116293654715.0,99.27,False,False
Jawa Timur,13,2024,12,Desember,24,Pajak Daerah,17242259690507.0,19102764790634.0,110.79,False,False
Jawa Timur,13,2025,1,Januari,25,Pajak Daerah,12975180937407.0,852600751851.4,6.57,False,False
Jawa Timur,13,2025,2,Februari,26,Pajak Daerah,12975180937407.0,1603151570210.8,12.36,False,False
Jawa Timur,13,2025,3,Maret,27,Pajak Daerah,12975180937407.0,2470144603059.0,19.04,False,False
Jawa Timur,13,2025,4,April,28,Pajak Daerah,12975180937407.0,4532845047305.3,34.93,False,False
Jawa Timur,13,2025,5,Mei,29,Pajak Daerah,12975180937407.0,5359792067740.2,41.31,False,False
Jawa Timur,13,2025,6,Juni,30,Pajak Daerah,12975180937407.0,6179708176403.0,47.63,False,False
Jawa Timur,13,2025,7,Juli,31,Pajak Daerah,12975180937407.0,7805620054921.7,60.16,False,False
Jawa Timur,13,2025,8,Agustus,32,Pajak Daerah,12975180937407.0,8709724171100.1,67.13,False,False
Jawa Timur,13,2025,9,September,33,Pajak Daerah,12975180937407.0,9547509501607.8,73.58,False,False
Jawa Timur,13,2025,10,Oktober,34,Pajak Daerah,12975180937407.0,11220323420150.0,86.48,False,False
Jawa Timur,13,2025,11,November,35,Pajak Daerah,12975180937407.0,12127663318101.0,93.47,False,False
Jawa Timur,13,2025,12,Desember,36,Pajak Daerah,12975180937407.0,12127663318101.0,93.47,False,True
Jawa Timur,13,2026,1,Januari,37,Pajak Daerah,13317000000000.0,852534011543.85,6.4,False,False
Jawa Timur,13,2026,2,Februari,38,Pajak Daerah,13317000000000.0,1637442401175.1,12.3,False,False
Jawa Timur,13,2026,3,Maret,39,Pajak Daerah,13317000000000.0,2410184901098.6,18.1,False,False
Jawa Timur,13,2026,4,April,40,Pajak Daerah,13317000000000.0,4329551416416.2,32.51,False,False
Jawa Timur,13,2026,5,Mei,41,Pajak Daerah,13317000000000.0,5129769694545.8,38.52,False,False
Jawa Timur,13,2026,6,Juni,42,Pajak Daerah,13317000000000.0,6024533582030.0,45.24,False,False
Jawa Timur,13,2026,7,Juli,43,Pajak Daerah,13317000000000.0,6726015929711.4,50.51,False,False
Jawa Timur,13,2026,8,Agustus,44,Pajak Daerah,13317000000000.0,7348071682920.5,55.18,False,False
Jawa Timur,13,2026,9,September,45,Pajak Daerah,13317000000000.0,7348071682920.5,55.18,False,True
Jawa Timur,13,2026,10,Oktober,46,Pajak Daerah,13317000000000.0,7348071682920.5,55.18,False,True
Jawa Timur,13,2026,11,November,47,Pajak Daerah,13317000000000.0,7348071682920.5,55.18,False,True
Jawa Timur,13,2026,12,Desember,48,Pajak Daerah,13317000000000.0,7348071682920.5,55.18,False,True
Jawa Timur,13,2023,1,Januari,1,Pendapatan Daerah,29848710018940.0,2101133980482.8,7.04,False,False
Jawa Timur,13,2023,2,Februari,2,Pendapatan Daerah,29848710018940.0,3859402722859.9,12.93,False,False
Jawa Timur,13,2023,3,Maret,3,Pendapatan Daerah,29848710018940.0,5781387512433.0,19.37,False,False
Jawa Timur,13,2023,4,April,4,Pendapatan Daerah,29848710018940.0,9427588404158.5,31.58,False,False
Jawa Timur,13,2023,5,Mei,5,Pendapatan Daerah,29848710018940.0,9427588404158.5,31.58,False,False
Jawa Timur,13,2023,6,Juni,6,Pendapatan Daerah,29848710018940.0,12209822480015.0,40.91,False,False
Jawa Timur,13,2023,7,Juli,7,Pendapatan Daerah,29848710018940.0,14987675290189.0,50.21,False,False
Jawa Timur,13,2023,8,Agustus,8,Pendapatan Daerah,29848710018940.0,17744950850340.0,59.45,False,False
Jawa Timur,13,2023,9,September,9,Pendapatan Daerah,29848710018940.0,20793103450351.0,69.66,False,False
Jawa Timur,13,2023,10,Oktober,10,Pendapatan Daerah,29848710018940.0,24460376135837.0,81.95,False,False
Jawa Timur,13,2023,11,November,11,Pendapatan Daerah,29848710018940.0,26991400727092.0,90.43,False,False
Jawa Timur,13,2023,12,Desember,12,Pendapatan Daerah,29848710018940.0,30081917798397.0,100.78,False,False
Jawa Timur,13,2024,1,Januari,13,Pendapatan Daerah,32127164085043.0,2317338189397.3,7.21,False,False
Jawa Timur,13,2024,2,Februari,14,Pendapatan Daerah,32127164085043.0,4197542605020.7,13.07,False,False
Jawa Timur,13,2024,3,Maret,15,Pendapatan Daerah,32127164085043.0,7301606650411.2,22.73,False,False
Jawa Timur,13,2024,4,April,16,Pendapatan Daerah,32127164085043.0,10692172535972.0,33.28,False,False
Jawa Timur,13,2024,5,Mei,17,Pendapatan Daerah,32127164085043.0,12877091208691.0,40.08,False,False
Jawa Timur,13,2024,6,Juni,18,Pendapatan Daerah,32127164085043.0,15711934252121.0,48.91,False,False
Jawa Timur,13,2024,7,Juli,19,Pendapatan Daerah,32127164085043.0,20003078519546.0,62.26,False,False
Jawa Timur,13,2024,8,Agustus,20,Pendapatan Daerah,32127164085043.0,22316367766512.0,69.46,False,False
Jawa Timur,13,2024,9,September,21,Pendapatan Daerah,32127164085043.0,25820849260389.0,80.37,False,False
Jawa Timur,13,2024,10,Oktober,22,Pendapatan Daerah,32127164085043.0,29610497281446.0,92.17,False,False
Jawa Timur,13,2024,11,November,23,Pendapatan Daerah,32127164085043.0,32338167852921.0,100.66,False,False
Jawa Timur,13,2024,12,Desember,24,Pendapatan Daerah,32127164085043.0,35479855679111.0,110.44,False,False
Jawa Timur,13,2025,1,Januari,25,Pendapatan Daerah,28599575239667.0,1830819991956.8,6.4,False,False
Jawa Timur,13,2025,2,Februari,26,Pendapatan Daerah,28599575239667.0,3494395688519.5,12.22,False,False
Jawa Timur,13,2025,3,Maret,27,Pendapatan Daerah,28599575239667.0,5171368850853.0,18.08,False,False
Jawa Timur,13,2025,4,April,28,Pendapatan Daerah,28599575239667.0,9314809667222.0,32.57,False,False
Jawa Timur,13,2025,5,Mei,29,Pendapatan Daerah,28599575239667.0,10967328884990.0,38.35,False,False
Jawa Timur,13,2025,6,Juni,30,Pendapatan Daerah,28599575239667.0,13521462414133.0,47.28,False,False
Jawa Timur,13,2025,7,Juli,31,Pendapatan Daerah,28599575239667.0,16767807201123.0,58.63,False,False
Jawa Timur,13,2025,8,Agustus,32,Pendapatan Daerah,28599575239667.0,18996322609997.0,66.42,False,False
Jawa Timur,13,2025,9,September,33,Pendapatan Daerah,28599575239667.0,20818757731176.0,72.79,False,False
Jawa Timur,13,2025,10,Oktober,34,Pendapatan Daerah,28599575239667.0,23702722976995.0,82.88,False,False
Jawa Timur,13,2025,11,November,35,Pendapatan Daerah,28599575239667.0,26153724942892.0,91.45,False,False
Jawa Timur,13,2025,12,Desember,36,Pendapatan Daerah,28599575239667.0,26153868580292.0,91.45,False,False
Jawa Timur,13,2026,1,Januari,37,Pendapatan Daerah,26310974126666.0,1782091752241.3,6.77,False,False
Jawa Timur,13,2026,2,Februari,38,Pendapatan Daerah,26310974126666.0,3173560501023.2,12.06,False,False
Jawa Timur,13,2026,3,Maret,39,Pendapatan Daerah,26310974126666.0,4652598430630.8,17.68,False,False
Jawa Timur,13,2026,4,April,40,Pendapatan Daerah,26310974126666.0,8595798150106.5,32.67,False,False
Jawa Timur,13,2026,5,Mei,41,Pendapatan Daerah,26310974126666.0,11552684380635.0,43.91,False,False
Jawa Timur,13,2026,6,Juni,42,Pendapatan Daerah,26310974126666.0,13644218033507.0,51.86,False,False
Jawa Timur,13,2026,7,Juli,43,Pendapatan Daerah,26310974126666.0,14465452778442.0,54.98,False,False
Jawa Timur,13,2026,8,Agustus,44,Pendapatan Daerah,26310974126666.0,15165402176830.0,57.64,False,False
Jawa Timur,13,2026,9,September,45,Pendapatan Daerah,26310974126666.0,15165439764330.0,57.64,False,False
Jawa Timur,13,2026,10,Oktober,46,Pendapatan Daerah,26310974126666.0,15165439764330.0,57.64,False,True
Jawa Timur,13,2026,11,November,47,Pendapatan Daerah,26310974126666.0,15165439764330.0,57.64,False,True
Jawa Timur,13,2026,12,Desember,48,Pendapatan Daerah,26310974126666.0,15165439764330.0,57.64,False,True
Jawa Timur,13,2023,1,Januari,1,Pendapatan Hibah,27132415000.0,13287900.0,0.05,False,False
Jawa Timur,13,2023,2,Februari,2,Pendapatan Hibah,27132415000.0,27581944.0,0.1,False,False
Jawa Timur,13,2023,3,Maret,3,Pendapatan Hibah,27132415000.0,27632032.0,0.1,False,False
Jawa Timur,13,2023,4,April,4,Pendapatan Hibah,27132415000.0,852247085.0,3.14,False,False
Jawa Timur,13,2023,5,Mei,5,Pendapatan Hibah,27132415000.0,852247085.0,3.14,False,False
Jawa Timur,13,2023,6,Juni,6,Pendapatan Hibah,27132415000.0,7895663835.0,29.1,False,False
Jawa Timur,13,2023,7,Juli,7,Pendapatan Hibah,27132415000.0,14114597787.0,52.02,False,False
Jawa Timur,13,2023,8,Agustus,8,Pendapatan Hibah,27132415000.0,18908567487.0,69.69,False,False
Jawa Timur,13,2023,9,September,9,Pendapatan Hibah,27132415000.0,21256217487.0,78.34,False,False
Jawa Timur,13,2023,10,Oktober,10,Pendapatan Hibah,27132415000.0,23606148107.0,87.0,False,False
Jawa Timur,13,2023,11,November,11,Pendapatan Hibah,27132415000.0,25881546775.0,95.39,False,False
Jawa Timur,13,2023,12,Desember,12,Pendapatan Hibah,27132415000.0,28262988524.04,104.17,False,False
Jawa Timur,13,2024,1,Januari,13,Pendapatan Hibah,29298672000.0,2465650.0,0.01,False,False
Jawa Timur,13,2024,2,Februari,14,Pendapatan Hibah,29298672000.0,2965650.0,0.01,False,False
Jawa Timur,13,2024,3,Maret,15,Pendapatan Hibah,29298672000.0,146950950.0,0.5,False,False
Jawa Timur,13,2024,4,April,16,Pendapatan Hibah,29298672000.0,146950950.0,0.5,False,False
Jawa Timur,13,2024,5,Mei,17,Pendapatan Hibah,29298672000.0,146950950.0,0.5,False,False
Jawa Timur,13,2024,6,Juni,18,Pendapatan Hibah,29298672000.0,0.0,0.0,False,False
Jawa Timur,13,2024,7,Juli,19,Pendapatan Hibah,29298672000.0,0.0,0.0,False,False
Jawa Timur,13,2024,8,Agustus,20,Pendapatan Hibah,29298672000.0,9568088000.0,32.66,False,False
Jawa Timur,13,2024,9,September,21,Pendapatan Hibah,29298672000.0,19136176000.0,65.31,False,False
Jawa Timur,13,2024,10,Oktober,22,Pendapatan Hibah,29298672000.0,21528198001.0,73.48,False,False
Jawa Timur,13,2024,11,November,23,Pendapatan Hibah,29298672000.0,23920220001.0,81.64,False,False
Jawa Timur,13,2024,12,Desember,24,Pendapatan Hibah,29298672000.0,63093500001.0,215.35,False,False
Jawa Timur,13,2025,1,Januari,25,Pendapatan Hibah,28000000000.0,0.0,0.0,False,False
Jawa Timur,13,2025,2,Februari,26,Pendapatan Hibah,28000000000.0,0.0,0.0,False,False
Jawa Timur,13,2025,3,Maret,27,Pendapatan Hibah,28000000000.0,0.0,0.0,False,False
Jawa Timur,13,2025,4,April,28,Pendapatan Hibah,28000000000.0,0.0,0.0,False,False
Jawa Timur,13,2025,5,Mei,29,Pendapatan Hibah,28000000000.0,0.0,0.0,False,False
Jawa Timur,13,2025,6,Juni,30,Pendapatan Hibah,28000000000.0,0.0,0.0,False,False
Jawa Timur,13,2025,7,Juli,31,Pendapatan Hibah,28000000000.0,14330154000.0,51.18,False,False
Jawa Timur,13,2025,8,Agustus,32,Pendapatan Hibah,28000000000.0,16718513000.0,59.71,False,False
Jawa Timur,13,2025,9,September,33,Pendapatan Hibah,28000000000.0,19106872000.0,68.24,False,False
Jawa Timur,13,2025,10,Oktober,34,Pendapatan Hibah,28000000000.0,21523449500.0,76.87,False,False
Jawa Timur,13,2025,11,November,35,Pendapatan Hibah,28000000000.0,21523449500.0,76.87,False,True
Jawa Timur,13,2025,12,Desember,36,Pendapatan Hibah,28000000000.0,21523449500.0,76.87,False,True
Jawa Timur,13,2026,1,Januari,37,Pendapatan Hibah,28000000000.0,0.0,0.0,False,False
Jawa Timur,13,2026,2,Februari,38,Pendapatan Hibah,28000000000.0,0.0,0.0,False,False
Jawa Timur,13,2026,3,Maret,39,Pendapatan Hibah,28000000000.0,0.0,0.0,False,False
Jawa Timur,13,2026,4,April,40,Pendapatan Hibah,28000000000.0,0.0,0.0,False,False
Jawa Timur,13,2026,5,Mei,41,Pendapatan Hibah,28000000000.0,0.0,0.0,False,False
Jawa Timur,13,2026,6,Juni,42,Pendapatan Hibah,28000000000.0,0.0,0.0,False,False
Jawa Timur,13,2026,7,Juli,43,Pendapatan Hibah,28000000000.0,3000000000.0,10.71,False,False
Jawa Timur,13,2026,8,Agustus,44,Pendapatan Hibah,28000000000.0,3000012570.0,10.71,False,False
Jawa Timur,13,2026,9,September,45,Pendapatan Hibah,28000000000.0,3000012570.0,10.71,False,True
Jawa Timur,13,2026,10,Oktober,46,Pendapatan Hibah,28000000000.0,3000012570.0,10.71,False,True
Jawa Timur,13,2026,11,November,47,Pendapatan Hibah,28000000000.0,3000012570.0,10.71,False,True
Jawa Timur,13,2026,12,Desember,48,Pendapatan Hibah,28000000000.0,3000012570.0,10.71,False,True
Jawa Timur,13,2023,1,Januari,1,Pendapatan Lainnya,27132415000.0,5615600264.74,20.7,False,False
Jawa Timur,13,2023,2,Februari,2,Pendapatan Lainnya,27132415000.0,7807567808.17,28.78,False,False
Jawa Timur,13,2023,3,Maret,3,Pendapatan Lainnya,27132415000.0,8606950050.95,31.72,False,False
Jawa Timur,13,2023,4,April,4,Pendapatan Lainnya,27132415000.0,10012933747.95,36.9,False,False
Jawa Timur,13,2023,5,Mei,5,Pendapatan Lainnya,27132415000.0,10012933747.95,36.9,False,False
Jawa Timur,13,2023,6,Juni,6,Pendapatan Lainnya,27132415000.0,17329398089.95,63.87,False,False
Jawa Timur,13,2023,7,Juli,7,Pendapatan Lainnya,27132415000.0,23705439421.95,87.37,False,False
Jawa Timur,13,2023,8,Agustus,8,Pendapatan Lainnya,27132415000.0,28597435101.04,105.4,False,False
Jawa Timur,13,2023,9,September,9,Pendapatan Lainnya,27132415000.0,31072040807.04,114.52,False,False
Jawa Timur,13,2023,10,Oktober,10,Pendapatan Lainnya,27132415000.0,33446971427.04,123.27,False,False
Jawa Timur,13,2023,11,November,11,Pendapatan Lainnya,27132415000.0,35782000804.04,131.88,False,False
Jawa Timur,13,2023,12,Desember,12,Pendapatan Lainnya,27132415000.0,38249417328.37,140.97,False,False
Jawa Timur,13,2024,1,Januari,13,Pendapatan Lainnya,29298672000.0,2263609115.8,7.73,False,False
Jawa Timur,13,2024,2,Februari,14,Pendapatan Lainnya,29298672000.0,2663763317.35,9.09,False,False
Jawa Timur,13,2024,3,Maret,15,Pendapatan Lainnya,29298672000.0,2919802161.33,9.97,False,False
Jawa Timur,13,2024,4,April,16,Pendapatan Lainnya,29298672000.0,3325190596.04,11.35,False,False
Jawa Timur,13,2024,5,Mei,17,Pendapatan Lainnya,29298672000.0,4040830554.04,13.79,False,False
Jawa Timur,13,2024,6,Juni,18,Pendapatan Lainnya,29298672000.0,4164305174.7,14.21,False,False
Jawa Timur,13,2024,7,Juli,19,Pendapatan Lainnya,29298672000.0,4734158496.7,16.16,False,False
Jawa Timur,13,2024,8,Agustus,20,Pendapatan Lainnya,29298672000.0,14460061350.9,49.35,False,False
Jawa Timur,13,2024,9,September,21,Pendapatan Lainnya,29298672000.0,24046294384.83,82.07,False,False
Jawa Timur,13,2024,10,Oktober,22,Pendapatan Lainnya,29298672000.0,26655429130.83,90.98,False,False
Jawa Timur,13,2024,11,November,23,Pendapatan Lainnya,29298672000.0,29141823218.83,99.46,False,False
Jawa Timur,13,2024,12,Desember,24,Pendapatan Lainnya,29298672000.0,68752936585.48,234.66,False,False
Jawa Timur,13,2025,1,Januari,25,Pendapatan Lainnya,55000000000.0,3171275141.18,5.77,False,False
Jawa Timur,13,2025,2,Februari,26,Pendapatan Lainnya,55000000000.0,4550373597.5,8.27,False,False
Jawa Timur,13,2025,3,Maret,27,Pendapatan Lainnya,55000000000.0,5015416943.47,9.12,False,False
Jawa Timur,13,2025,4,April,28,Pendapatan Lainnya,55000000000.0,5407903299.98,9.83,False,False
Jawa Timur,13,2025,5,Mei,29,Pendapatan Lainnya,55000000000.0,5442624047.38,9.9,False,False
Jawa Timur,13,2025,6,Juni,30,Pendapatan Lainnya,55000000000.0,2295775910.28,4.17,False,False
Jawa Timur,13,2025,7,Juli,31,Pendapatan Lainnya,55000000000.0,46853099252.38,85.19,False,False
Jawa Timur,13,2025,8,Agustus,32,Pendapatan Lainnya,55000000000.0,49245850254.38,89.54,False,False
Jawa Timur,13,2025,9,September,33,Pendapatan Lainnya,55000000000.0,51652116154.38,93.91,False,False
Jawa Timur,13,2025,10,Oktober,34,Pendapatan Lainnya,55000000000.0,54270793554.38,98.67,False,False
Jawa Timur,13,2025,11,November,35,Pendapatan Lainnya,55000000000.0,54341053666.22,98.8,False,False
Jawa Timur,13,2025,12,Desember,36,Pendapatan Lainnya,55000000000.0,54341053666.22,98.8,False,True
Jawa Timur,13,2026,1,Januari,37,Pendapatan Lainnya,38000000000.0,2277037219.0,5.99,False,False
Jawa Timur,13,2026,2,Februari,38,Pendapatan Lainnya,38000000000.0,2445458477.0,6.44,False,False
Jawa Timur,13,2026,3,Maret,39,Pendapatan Lainnya,38000000000.0,2454117017.14,6.46,False,False
Jawa Timur,13,2026,4,April,40,Pendapatan Lainnya,38000000000.0,2498201110.29,6.57,False,False
Jawa Timur,13,2026,5,Mei,41,Pendapatan Lainnya,38000000000.0,4135099608.21,10.88,False,False
Jawa Timur,13,2026,6,Juni,42,Pendapatan Lainnya,38000000000.0,4137731638.21,10.89,False,False
Jawa Timur,13,2026,7,Juli,43,Pendapatan Lainnya,38000000000.0,7169073338.21,18.87,False,False
Jawa Timur,13,2026,8,Agustus,44,Pendapatan Lainnya,38000000000.0,7169585908.21,18.87,False,False
Jawa Timur,13,2026,9,September,45,Pendapatan Lainnya,38000000000.0,7169585908.21,18.87,False,True
Jawa Timur,13,2026,10,Oktober,46,Pendapatan Lainnya,38000000000.0,7169585908.21,18.87,False,True
Jawa Timur,13,2026,11,November,47,Pendapatan Lainnya,38000000000.0,7169585908.21,18.87,False,True
Jawa Timur,13,2026,12,Desember,48,Pendapatan Lainnya,38000000000.0,7169585908.21,18.87,False,True
Jawa Timur,13,2025,1,Januari,25,Pendapatan Transfer Antar Daerah,27000000000.0,0.0,0.0,False,False
Jawa Timur,13,2025,2,Februari,26,Pendapatan Transfer Antar Daerah,27000000000.0,0.0,0.0,False,False
Jawa Timur,13,2025,3,Maret,27,Pendapatan Transfer Antar Daerah,27000000000.0,0.0,0.0,False,False
Jawa Timur,13,2025,4,April,28,Pendapatan Transfer Antar Daerah,27000000000.0,0.0,0.0,False,False
Jawa Timur,13,2025,5,Mei,29,Pendapatan Transfer Antar Daerah,27000000000.0,0.0,0.0,False,False
Jawa Timur,13,2025,6,Juni,30,Pendapatan Transfer Antar Daerah,27000000000.0,0.0,0.0,False,False
Jawa Timur,13,2025,7,Juli,31,Pendapatan Transfer Antar Daerah,27000000000.0,27000000000.0,100.0,False,False
Jawa Timur,13,2025,8,Agustus,32,Pendapatan Transfer Antar Daerah,27000000000.0,27000000000.0,100.0,False,True
Jawa Timur,13,2025,9,September,33,Pendapatan Transfer Antar Daerah,27000000000.0,27000000000.0,100.0,False,True
Jawa Timur,13,2025,10,Oktober,34,Pendapatan Transfer Antar Daerah,27000000000.0,27000000000.0,100.0,False,True
Jawa Timur,13,2025,11,November,35,Pendapatan Transfer Antar Daerah,27000000000.0,27000000000.0,100.0,False,True
Jawa Timur,13,2025,12,Desember,36,Pendapatan Transfer Antar Daerah,27000000000.0,27000000000.0,100.0,False,True
Jawa Timur,13,2026,1,Januari,37,Pendapatan Transfer Antar Daerah,10000000000.0,0.0,0.0,True,False
Jawa Timur,13,2026,2,Februari,38,Pendapatan Transfer Antar Daerah,10000000000.0,0.0,0.0,True,False
Jawa Timur,13,2026,3,Maret,39,Pendapatan Transfer Antar Daerah,10000000000.0,0.0,0.0,True,False
Jawa Timur,13,2026,4,April,40,Pendapatan Transfer Antar Daerah,10000000000.0,0.0,0.0,True,False
Jawa Timur,13,2026,5,Mei,41,Pendapatan Transfer Antar Daerah,10000000000.0,0.0,0.0,True,False
Jawa Timur,13,2026,6,Juni,42,Pendapatan Transfer Antar Daerah,10000000000.0,0.0,0.0,True,False
Jawa Timur,13,2026,7,Juli,43,Pendapatan Transfer Antar Daerah,10000000000.0,0.0,0.0,True,False
Jawa Timur,13,2026,8,Agustus,44,Pendapatan Transfer Antar Daerah,10000000000.0,0.0,0.0,True,False
Jawa Timur,13,2026,9,September,45,Pendapatan Transfer Antar Daerah,10000000000.0,0.0,0.0,True,False
Jawa Timur,13,2026,10,Oktober,46,Pendapatan Transfer Antar Daerah,10000000000.0,0.0,0.0,True,False
Jawa Timur,13,2026,11,November,47,Pendapatan Transfer Antar Daerah,10000000000.0,0.0,0.0,True,False
Jawa Timur,13,2026,12,Desember,48,Pendapatan Transfer Antar Daerah,10000000000.0,0.0,0.0,True,False
Jawa Timur,13,2023,1,Januari,1,Pendapatan Transfer Pemerintah Pusat,10654290100000.0,530989663000.0,4.98,False,False
Jawa Timur,13,2023,2,Februari,2,Pendapatan Transfer Pemerintah Pusat,10654290100000.0,955769176282.0,8.97,False,False
Jawa Timur,13,2023,3,Maret,3,Pendapatan Transfer Pemerintah Pusat,10654290100000.0,1383697966304.0,12.99,False,False
Jawa Timur,13,2023,4,April,4,Pendapatan Transfer Pemerintah Pusat,10654290100000.0,2471926334493.0,23.2,False,False
Jawa Timur,13,2023,5,Mei,5,Pendapatan Transfer Pemerintah Pusat,10654290100000.0,2471926334493.0,23.2,False,False
Jawa Timur,13,2023,6,Juni,6,Pendapatan Transfer Pemerintah Pusat,10654290100000.0,3734474929247.0,35.05,False,False
Jawa Timur,13,2023,7,Juli,7,Pendapatan Transfer Pemerintah Pusat,10654290100000.0,4127011580747.0,38.74,False,False
Jawa Timur,13,2023,8,Agustus,8,Pendapatan Transfer Pemerintah Pusat,10654290100000.0,5268489814947.0,49.45,False,False
Jawa Timur,13,2023,9,September,9,Pendapatan Transfer Pemerintah Pusat,10654290100000.0,6755126401297.0,63.4,False,False
Jawa Timur,13,2023,10,Oktober,10,Pendapatan Transfer Pemerintah Pusat,10654290100000.0,8046553222745.0,75.52,False,False
Jawa Timur,13,2023,11,November,11,Pendapatan Transfer Pemerintah Pusat,10654290100000.0,8960241240201.0,84.1,False,False
Jawa Timur,13,2023,12,Desember,12,Pendapatan Transfer Pemerintah Pusat,10654290100000.0,9721103541470.0,91.24,False,False
Jawa Timur,13,2024,1,Januari,13,Pendapatan Transfer Pemerintah Pusat,11008172492000.0,693861443200.0,6.3,False,False
Jawa Timur,13,2024,2,Februari,14,Pendapatan Transfer Pemerintah Pusat,11008172492000.0,1121918017000.0,10.19,False,False
Jawa Timur,13,2024,3,Maret,15,Pendapatan Transfer Pemerintah Pusat,11008172492000.0,2275078661397.0,20.67,False,False
Jawa Timur,13,2024,4,April,16,Pendapatan Transfer Pemerintah Pusat,11008172492000.0,3005671005097.0,27.3,False,False
Jawa Timur,13,2024,5,Mei,17,Pendapatan Transfer Pemerintah Pusat,11008172492000.0,3581950806847.0,32.54,False,False
Jawa Timur,13,2024,6,Juni,18,Pendapatan Transfer Pemerintah Pusat,11008172492000.0,4820256339261.0,43.79,False,False
Jawa Timur,13,2024,7,Juli,19,Pendapatan Transfer Pemerintah Pusat,11008172492000.0,6640095577261.0,60.32,False,False
Jawa Timur,13,2024,8,Agustus,20,Pendapatan Transfer Pemerintah Pusat,11008172492000.0,7079110499883.0,64.31,False,False
Jawa Timur,13,2024,9,September,21,Pendapatan Transfer Pemerintah Pusat,11008172492000.0,9013424442018.0,81.88,False,False
Jawa Timur,13,2024,10,Oktober,22,Pendapatan Transfer Pemerintah Pusat,11008172492000.0,10254602588819.0,93.15,False,False
Jawa Timur,13,2024,11,November,23,Pendapatan Transfer Pemerintah Pusat,11008172492000.0,11225355998243.0,101.97,False,False
Jawa Timur,13,2024,12,Desember,24,Pendapatan Transfer Pemerintah Pusat,11008172492000.0,11956405112483.0,108.61,False,False
Jawa Timur,13,2025,1,Januari,25,Pendapatan Transfer Pemerintah Pusat,11440716416000.0,716906001500.0,6.27,False,False
Jawa Timur,13,2025,2,Februari,26,Pendapatan Transfer Pemerintah Pusat,11440716416000.0,1262647696200.0,11.04,False,False
Jawa Timur,13,2025,3,Maret,27,Pendapatan Transfer Pemerintah Pusat,11440716416000.0,1705555772815.0,14.91,False,False
Jawa Timur,13,2025,4,April,28,Pendapatan Transfer Pemerintah Pusat,11440716416000.0,3547218363365.0,31.01,False,False
Jawa Timur,13,2025,5,Mei,29,Pendapatan Transfer Pemerintah Pusat,11440716416000.0,3976982649139.0,34.76,False,False
Jawa Timur,13,2025,6,Juni,30,Pendapatan Transfer Pemerintah Pusat,11440716416000.0,4943779616089.0,43.21,False,False
Jawa Timur,13,2025,7,Juli,31,Pendapatan Transfer Pemerintah Pusat,11440716416000.0,6027924806109.0,52.69,False,False
Jawa Timur,13,2025,8,Agustus,32,Pendapatan Transfer Pemerintah Pusat,11440716416000.0,6998618451361.0,61.17,False,False
Jawa Timur,13,2025,9,September,33,Pendapatan Transfer Pemerintah Pusat,11440716416000.0,7637595569361.0,66.76,False,False
Jawa Timur,13,2025,10,Oktober,34,Pendapatan Transfer Pemerintah Pusat,11440716416000.0,8474859008831.0,74.08,False,False
Jawa Timur,13,2025,11,November,35,Pendapatan Transfer Pemerintah Pusat,11440716416000.0,9652205366483.0,84.37,False,False
Jawa Timur,13,2025,12,Desember,36,Pendapatan Transfer Pemerintah Pusat,11440716416000.0,9652205366483.0,84.37,False,True
Jawa Timur,13,2026,1,Januari,37,Pendapatan Transfer Pemerintah Pusat,8816998597000.0,617317736600.0,7.0,False,False
Jawa Timur,13,2026,2,Februari,38,Pendapatan Transfer Pemerintah Pusat,8816998597000.0,907758658600.0,10.3,False,False
Jawa Timur,13,2026,3,Maret,39,Pendapatan Transfer Pemerintah Pusat,8816998597000.0,1262325834986.0,14.32,False,False
Jawa Timur,13,2026,4,April,40,Pendapatan Transfer Pemerintah Pusat,8816998597000.0,2971498489236.0,33.7,False,False
Jawa Timur,13,2026,5,Mei,41,Pendapatan Transfer Pemerintah Pusat,8816998597000.0,4738540297206.0,53.74,False,False
Jawa Timur,13,2026,6,Juni,42,Pendapatan Transfer Pemerintah Pusat,8816998597000.0,5146694895256.0,58.37,False,False
Jawa Timur,13,2026,7,Juli,43,Pendapatan Transfer Pemerintah Pusat,8816998597000.0,5238222285693.0,59.41,False,False
Jawa Timur,13,2026,8,Agustus,44,Pendapatan Transfer Pemerintah Pusat,8816998597000.0,5269931823093.0,59.77,False,False
Jawa Timur,13,2026,9,September,45,Pendapatan Transfer Pemerintah Pusat,8816998597000.0,5269931823093.0,59.77,False,True
Jawa Timur,13,2026,10,Oktober,46,Pendapatan Transfer Pemerintah Pusat,8816998597000.0,5269931823093.0,59.77,False,True
Jawa Timur,13,2026,11,November,47,Pendapatan Transfer Pemerintah Pusat,8816998597000.0,5269931823093.0,59.77,False,True
Jawa Timur,13,2026,12,Desember,48,Pendapatan Transfer Pemerintah Pusat,8816998597000.0,5269931823093.0,59.77,False,True
Jawa Timur,13,2023,1,Januari,1,Retribusi Daerah,86689899845.0,6641293708.0,7.66,False,False
Jawa Timur,13,2023,2,Februari,2,Retribusi Daerah,86689899845.0,12527736097.0,14.45,False,False
Jawa Timur,13,2023,3,Maret,3,Retribusi Daerah,86689899845.0,19962182146.0,23.03,False,False
Jawa Timur,13,2023,4,April,4,Retribusi Daerah,86689899845.0,26402098537.5,30.46,False,False
Jawa Timur,13,2023,5,Mei,5,Retribusi Daerah,86689899845.0,26402098537.5,30.46,False,False
Jawa Timur,13,2023,6,Juni,6,Retribusi Daerah,86689899845.0,35599554032.5,41.07,False,False
Jawa Timur,13,2023,7,Juli,7,Retribusi Daerah,86689899845.0,46022027659.9,53.09,False,False
Jawa Timur,13,2023,8,Agustus,8,Retribusi Daerah,86689899845.0,57425248035.9,66.24,False,False
Jawa Timur,13,2023,9,September,9,Retribusi Daerah,86689899845.0,67949626023.9,78.38,False,False
Jawa Timur,13,2023,10,Oktober,10,Retribusi Daerah,86689899845.0,78633560598.3,90.71,False,False
Jawa Timur,13,2023,11,November,11,Retribusi Daerah,86689899845.0,94114793864.3,108.56,False,False
Jawa Timur,13,2023,12,Desember,12,Retribusi Daerah,86689899845.0,106947306874.3,123.37,False,False
Jawa Timur,13,2024,1,Januari,13,Retribusi Daerah,2731153176209.0,23669311100.04,0.87,False,False
Jawa Timur,13,2024,2,Februari,14,Retribusi Daerah,2731153176209.0,59831311254.28,2.19,False,False
Jawa Timur,13,2024,3,Maret,15,Retribusi Daerah,2731153176209.0,94674641449.54,3.47,False,False
Jawa Timur,13,2024,4,April,16,Retribusi Daerah,2731153176209.0,381574619150.52,13.97,False,False
Jawa Timur,13,2024,5,Mei,17,Retribusi Daerah,2731153176209.0,731154713525.9,26.77,False,False
Jawa Timur,13,2024,6,Juni,18,Retribusi Daerah,2731153176209.0,1352976125601.8,49.54,False,False
Jawa Timur,13,2024,7,Juli,19,Retribusi Daerah,2731153176209.0,1620446450763.4,59.33,False,False
Jawa Timur,13,2024,8,Agustus,20,Retribusi Daerah,2731153176209.0,1922301607082.1,70.38,False,False
Jawa Timur,13,2024,9,September,21,Retribusi Daerah,2731153176209.0,2157639800687.0,79.0,False,False
Jawa Timur,13,2024,10,Oktober,22,Retribusi Daerah,2731153176209.0,2420491422335.3,88.63,False,False
Jawa Timur,13,2024,11,November,23,Retribusi Daerah,2731153176209.0,2779118987482.9,101.76,False,False
Jawa Timur,13,2024,12,Desember,24,Retribusi Daerah,2731153176209.0,3088317583227.9,113.08,False,False
Jawa Timur,13,2025,1,Januari,25,Retribusi Daerah,2933264488112.0,218894740566.46,7.46,False,False
Jawa Timur,13,2025,2,Februari,26,Retribusi Daerah,2933264488112.0,532480719782.21,18.15,False,False
Jawa Timur,13,2025,3,Maret,27,Retribusi Daerah,2933264488112.0,828681314156.55,28.25,False,False
Jawa Timur,13,2025,4,April,28,Retribusi Daerah,2933264488112.0,1004556231849.4,34.25,False,False
Jawa Timur,13,2025,5,Mei,29,Retribusi Daerah,2933264488112.0,1315094110079.9,44.83,False,False
Jawa Timur,13,2025,6,Juni,30,Retribusi Daerah,2933264488112.0,1594690803513.3,54.37,False,False
Jawa Timur,13,2025,7,Juli,31,Retribusi Daerah,2933264488112.0,1977665736855.7,67.42,False,False
Jawa Timur,13,2025,8,Agustus,32,Retribusi Daerah,2933264488112.0,2262035607615.6,77.12,False,False
Jawa Timur,13,2025,9,September,33,Retribusi Daerah,2933264488112.0,2542889930758.0,86.69,False,False
Jawa Timur,13,2025,10,Oktober,34,Retribusi Daerah,2933264488112.0,2835254353066.8,96.66,False,False
Jawa Timur,13,2025,11,November,35,Retribusi Daerah,2933264488112.0,3143855165873.6,107.18,False,False
Jawa Timur,13,2025,12,Desember,36,Retribusi Daerah,2933264488112.0,3143985702793.6,107.18,False,False
Jawa Timur,13,2026,1,Januari,37,Retribusi Daerah,2940474330889.0,266924942306.62,9.08,False,False
Jawa Timur,13,2026,2,Februari,38,Retribusi Daerah,2940474330889.0,527768950434.1,17.95,False,False
Jawa Timur,13,2026,3,Maret,39,Retribusi Daerah,2940474330889.0,815715239920.3,27.74,False,False
Jawa Timur,13,2026,4,April,40,Retribusi Daerah,2940474330889.0,1075573930926.8,36.58,False,False
Jawa Timur,13,2026,5,Mei,41,Retribusi Daerah,2940474330889.0,1357192451916.8,46.16,False,False
Jawa Timur,13,2026,6,Juni,42,Retribusi Daerah,2940474330889.0,1650208188036.4,56.12,False,False
Jawa Timur,13,2026,7,Juli,43,Retribusi Daerah,2940474330889.0,1665445857646.9,56.64,False,False
Jawa Timur,13,2026,8,Agustus,44,Retribusi Daerah,2940474330889.0,1700436080242.0,57.83,False,False
Jawa Timur,13,2026,9,September,45,Retribusi Daerah,2940474330889.0,1700473667742.0,57.83,False,False
Jawa Timur,13,2026,10,Oktober,46,Retribusi Daerah,2940474330889.0,1700473667742.0,57.83,False,True
Jawa Timur,13,2026,11,November,47,Retribusi Daerah,2940474330889.0,1700473667742.0,57.83,False,True
Jawa Timur,13,2026,12,Desember,48,Retribusi Daerah,2940474330889.0,1700473667742.0,57.83,False,True
Jawa Timur,13,2023,1,Januari,1,TKDD,10654290100000.0,530989663000.0,4.98,False,False
Jawa Timur,13,2023,2,Februari,2,TKDD,10654290100000.0,955769176282.0,8.97,False,False
Jawa Timur,13,2023,3,Maret,3,TKDD,10654290100000.0,1383697966304.0,12.99,False,False
Jawa Timur,13,2023,4,April,4,TKDD,10654290100000.0,2471926334493.0,23.2,False,False
Jawa Timur,13,2023,5,Mei,5,TKDD,10654290100000.0,2471926334493.0,23.2,False,False
Jawa Timur,13,2023,6,Juni,6,TKDD,10654290100000.0,3734474929247.0,35.05,False,False
Jawa Timur,13,2023,7,Juli,7,TKDD,10654290100000.0,4127011580747.0,38.74,False,False
Jawa Timur,13,2023,8,Agustus,8,TKDD,10654290100000.0,5268489814947.0,49.45,False,False
Jawa Timur,13,2023,9,September,9,TKDD,10654290100000.0,6755126401297.0,63.4,False,False
Jawa Timur,13,2023,10,Oktober,10,TKDD,10654290100000.0,8046553222745.0,75.52,False,False
Jawa Timur,13,2023,11,November,11,TKDD,10654290100000.0,8960241240201.0,84.1,False,False
Jawa Timur,13,2023,12,Desember,12,TKDD,10654290100000.0,9721103541470.0,91.24,False,False
Jawa Timur,13,2024,1,Januari,13,TKDD,11008172492000.0,693861443200.0,6.3,False,False
Jawa Timur,13,2024,2,Februari,14,TKDD,11008172492000.0,1121918017000.0,10.19,False,False
Jawa Timur,13,2024,3,Maret,15,TKDD,11008172492000.0,2275078661397.0,20.67,False,False
Jawa Timur,13,2024,4,April,16,TKDD,11008172492000.0,3005671005097.0,27.3,False,False
Jawa Timur,13,2024,5,Mei,17,TKDD,11008172492000.0,3581950806847.0,32.54,False,False
Jawa Timur,13,2024,6,Juni,18,TKDD,11008172492000.0,4820256339261.0,43.79,False,False
Jawa Timur,13,2024,7,Juli,19,TKDD,11008172492000.0,6640095577261.0,60.32,False,False
Jawa Timur,13,2024,8,Agustus,20,TKDD,11008172492000.0,7079110499883.0,64.31,False,False
Jawa Timur,13,2024,9,September,21,TKDD,11008172492000.0,9013424442018.0,81.88,False,False
Jawa Timur,13,2024,10,Oktober,22,TKDD,11008172492000.0,10254602588819.0,93.15,False,False
Jawa Timur,13,2024,11,November,23,TKDD,11008172492000.0,11225355998243.0,101.97,False,False
Jawa Timur,13,2024,12,Desember,24,TKDD,11008172492000.0,11956405112483.0,108.61,False,False
Jawa Timur,13,2025,1,Januari,25,TKDD,11440716416000.0,716906001500.0,6.27,False,False
Jawa Timur,13,2025,2,Februari,26,TKDD,11440716416000.0,1262647696200.0,11.04,False,False
Jawa Timur,13,2025,3,Maret,27,TKDD,11440716416000.0,1705555772815.0,14.91,False,False
Jawa Timur,13,2025,4,April,28,TKDD,11440716416000.0,3547218363365.0,31.01,False,False
Jawa Timur,13,2025,5,Mei,29,TKDD,11440716416000.0,3976982649139.0,34.76,False,False
Jawa Timur,13,2025,6,Juni,30,TKDD,11440716416000.0,4943779616089.0,43.21,False,False
Jawa Timur,13,2025,7,Juli,31,TKDD,11440716416000.0,6027924806109.0,52.69,False,False
Jawa Timur,13,2025,8,Agustus,32,TKDD,11440716416000.0,6998618451361.0,61.17,False,False
Jawa Timur,13,2025,9,September,33,TKDD,11440716416000.0,7637595569361.0,66.76,False,False
Jawa Timur,13,2025,10,Oktober,34,TKDD,11440716416000.0,8474859008831.0,74.08,False,False
Jawa Timur,13,2025,11,November,35,TKDD,11440716416000.0,9652205366483.0,84.37,False,False
Jawa Timur,13,2025,12,Desember,36,TKDD,11440716416000.0,9652205366483.0,84.37,False,True
Jawa Timur,13,2026,1,Januari,37,TKDD,8816998597000.0,617317736600.0,7.0,False,False
Jawa Timur,13,2026,2,Februari,38,TKDD,8816998597000.0,907758658600.0,10.3,False,False
Jawa Timur,13,2026,3,Maret,39,TKDD,8816998597000.0,1262325834986.0,14.32,False,False
Jawa Timur,13,2026,4,April,40,TKDD,8816998597000.0,2971498489236.0,33.7,False,False
Jawa Timur,13,2026,5,Mei,41,TKDD,8816998597000.0,4738540297206.0,53.74,False,False
Jawa Timur,13,2026,6,Juni,42,TKDD,8816998597000.0,5146694895256.0,58.37,False,False
Jawa Timur,13,2026,7,Juli,43,TKDD,8816998597000.0,5238222285693.0,59.41,False,False
Jawa Timur,13,2026,8,Agustus,44,TKDD,8816998597000.0,5269931823093.0,59.77,False,False
Jawa Timur,13,2026,9,September,45,TKDD,8816998597000.0,5269931823093.0,59.77,False,True
Jawa Timur,13,2026,10,Oktober,46,TKDD,8816998597000.0,5269931823093.0,59.77,False,True
Jawa Timur,13,2026,11,November,47,TKDD,8816998597000.0,5269931823093.0,59.77,False,True
Jawa Timur,13,2026,12,Desember,48,TKDD,8816998597000.0,5269931823093.0,59.77,False,True
