provinsi,kode_prov,tahun,bulan,nama_bulan,urutan,akun,anggaran,realisasi,persentase,datar_tahunan,belum_final
Kepulauan Riau,31,2023,1,Januari,1,Belanja Bantuan Keuangan,7400000000.0,0.0,0.0,False,False
Kepulauan Riau,31,2023,2,Februari,2,Belanja Bantuan Keuangan,7400000000.0,0.0,0.0,False,False
Kepulauan Riau,31,2023,3,Maret,3,Belanja Bantuan Keuangan,7400000000.0,1000000000.0,13.51,False,False
Kepulauan Riau,31,2023,4,April,4,Belanja Bantuan Keuangan,7400000000.0,1000000000.0,13.51,False,False
Kepulauan Riau,31,2023,5,Mei,5,Belanja Bantuan Keuangan,7400000000.0,1000000000.0,13.51,False,False
Kepulauan Riau,31,2023,6,Juni,6,Belanja Bantuan Keuangan,7400000000.0,1056000000.0,14.27,False,False
Kepulauan Riau,31,2023,7,Juli,7,Belanja Bantuan Keuangan,7400000000.0,1056000000.0,14.27,False,False
Kepulauan Riau,31,2023,8,Agustus,8,Belanja Bantuan Keuangan,7400000000.0,1272000000.0,17.19,False,False
Kepulauan Riau,31,2023,9,September,9,Belanja Bantuan Keuangan,7400000000.0,1944000000.0,26.27,False,False
Kepulauan Riau,31,2023,10,Oktober,10,Belanja Bantuan Keuangan,7400000000.0,2608000000.0,35.24,False,False
Kepulauan Riau,31,2023,11,November,11,Belanja Bantuan Keuangan,7400000000.0,2960000000.0,40.0,False,False
Kepulauan Riau,31,2023,12,Desember,12,Belanja Bantuan Keuangan,7400000000.0,8352581914.0,112.87,False,False
Kepulauan Riau,31,2024,1,Januari,13,Belanja Bantuan Keuangan,29330500000.0,0.0,0.0,False,False
Kepulauan Riau,31,2024,2,Februari,14,Belanja Bantuan Keuangan,29330500000.0,0.0,0.0,False,False
Kepulauan Riau,31,2024,3,Maret,15,Belanja Bantuan Keuangan,29330500000.0,0.0,0.0,False,False
Kepulauan Riau,31,2024,4,April,16,Belanja Bantuan Keuangan,29330500000.0,0.0,0.0,False,False
Kepulauan Riau,31,2024,5,Mei,17,Belanja Bantuan Keuangan,29330500000.0,0.0,0.0,False,False
Kepulauan Riau,31,2024,6,Juni,18,Belanja Bantuan Keuangan,29330500000.0,500000000.0,1.7,False,False
Kepulauan Riau,31,2024,7,Juli,19,Belanja Bantuan Keuangan,29330500000.0,500000000.0,1.7,False,False
Kepulauan Riau,31,2024,8,Agustus,20,Belanja Bantuan Keuangan,29330500000.0,894500000.0,3.05,False,False
Kepulauan Riau,31,2024,9,September,21,Belanja Bantuan Keuangan,29330500000.0,12100500000.0,41.26,False,False
Kepulauan Riau,31,2024,10,Oktober,22,Belanja Bantuan Keuangan,29330500000.0,24619000000.0,83.94,False,False
Kepulauan Riau,31,2024,11,November,23,Belanja Bantuan Keuangan,29330500000.0,25823000000.0,88.04,False,False
Kepulauan Riau,31,2024,12,Desember,24,Belanja Bantuan Keuangan,29330500000.0,26853000000.0,91.55,False,False
Kepulauan Riau,31,2025,1,Januari,25,Belanja Bantuan Keuangan,16610000000.0,0.0,0.0,False,False
Kepulauan Riau,31,2025,2,Februari,26,Belanja Bantuan Keuangan,16610000000.0,0.0,0.0,False,False
Kepulauan Riau,31,2025,3,Maret,27,Belanja Bantuan Keuangan,16610000000.0,0.0,0.0,False,False
Kepulauan Riau,31,2025,4,April,28,Belanja Bantuan Keuangan,16610000000.0,0.0,0.0,False,False
Kepulauan Riau,31,2025,5,Mei,29,Belanja Bantuan Keuangan,16610000000.0,0.0,0.0,False,False
Kepulauan Riau,31,2025,6,Juni,30,Belanja Bantuan Keuangan,16610000000.0,0.0,0.0,False,False
Kepulauan Riau,31,2025,7,Juli,31,Belanja Bantuan Keuangan,16610000000.0,0.0,0.0,False,False
Kepulauan Riau,31,2025,8,Agustus,32,Belanja Bantuan Keuangan,16610000000.0,0.0,0.0,False,False
Kepulauan Riau,31,2025,9,September,33,Belanja Bantuan Keuangan,16610000000.0,605000000.0,3.64,False,False
Kepulauan Riau,31,2025,10,Oktober,34,Belanja Bantuan Keuangan,16610000000.0,10486000000.0,63.13,False,False
Kepulauan Riau,31,2025,11,November,35,Belanja Bantuan Keuangan,16610000000.0,11767000000.0,70.84,False,False
Kepulauan Riau,31,2025,12,Desember,36,Belanja Bantuan Keuangan,16610000000.0,13236478700.0,79.69,False,False
Kepulauan Riau,31,2026,1,Januari,37,Belanja Bantuan Keuangan,19190448480.0,0.0,0.0,False,False
Kepulauan Riau,31,2026,2,Februari,38,Belanja Bantuan Keuangan,19190448480.0,0.0,0.0,False,False
Kepulauan Riau,31,2026,3,Maret,39,Belanja Bantuan Keuangan,19190448480.0,0.0,0.0,False,False
Kepulauan Riau,31,2026,4,April,40,Belanja Bantuan Keuangan,19190448480.0,0.0,0.0,False,False
Kepulauan Riau,31,2026,5,Mei,41,Belanja Bantuan Keuangan,19190448480.0,0.0,0.0,False,False
Kepulauan Riau,31,2026,6,Juni,42,Belanja Bantuan Keuangan,19190448480.0,0.0,0.0,False,False
Kepulauan Riau,31,2026,7,Juli,43,Belanja Bantuan Keuangan,19190448480.0,4669448480.0,24.33,False,False
Kepulauan Riau,31,2026,8,Agustus,44,Belanja Bantuan Keuangan,19190448480.0,6089448480.0,31.73,False,False
Kepulauan Riau,31,2026,9,September,45,Belanja Bantuan Keuangan,19190448480.0,6309448480.0,32.88,False,False
Kepulauan Riau,31,2026,10,Oktober,46,Belanja Bantuan Keuangan,19190448480.0,6309448480.0,32.88,False,True
Kepulauan Riau,31,2026,11,November,47,Belanja Bantuan Keuangan,19190448480.0,6309448480.0,32.88,False,True
Kepulauan Riau,31,2026,12,Desember,48,Belanja Bantuan Keuangan,19190448480.0,6309448480.0,32.88,False,True
Kepulauan Riau,31,2023,1,Januari,1,Belanja Bantuan Sosial,798572000.0,0.0,0.0,False,False
Kepulauan Riau,31,2023,2,Februari,2,Belanja Bantuan Sosial,798572000.0,0.0,0.0,False,False
Kepulauan Riau,31,2023,3,Maret,3,Belanja Bantuan Sosial,798572000.0,0.0,0.0,False,False
Kepulauan Riau,31,2023,4,April,4,Belanja Bantuan Sosial,798572000.0,0.0,0.0,False,False
Kepulauan Riau,31,2023,5,Mei,5,Belanja Bantuan Sosial,798572000.0,0.0,0.0,False,False
Kepulauan Riau,31,2023,6,Juni,6,Belanja Bantuan Sosial,798572000.0,0.0,0.0,False,False
Kepulauan Riau,31,2023,7,Juli,7,Belanja Bantuan Sosial,798572000.0,0.0,0.0,False,False
Kepulauan Riau,31,2023,8,Agustus,8,Belanja Bantuan Sosial,798572000.0,0.0,0.0,False,False
Kepulauan Riau,31,2023,9,September,9,Belanja Bantuan Sosial,798572000.0,100000000.0,12.52,False,False
Kepulauan Riau,31,2023,10,Oktober,10,Belanja Bantuan Sosial,798572000.0,168900000.0,21.15,False,False
Kepulauan Riau,31,2023,11,November,11,Belanja Bantuan Sosial,798572000.0,6075430000.0,760.79,False,False
Kepulauan Riau,31,2023,12,Desember,12,Belanja Bantuan Sosial,798572000.0,7217430000.0,903.79,False,False
Kepulauan Riau,31,2024,1,Januari,13,Belanja Bantuan Sosial,5645223750.0,0.0,0.0,False,False
Kepulauan Riau,31,2024,2,Februari,14,Belanja Bantuan Sosial,5645223750.0,0.0,0.0,False,False
Kepulauan Riau,31,2024,3,Maret,15,Belanja Bantuan Sosial,5645223750.0,0.0,0.0,False,False
Kepulauan Riau,31,2024,4,April,16,Belanja Bantuan Sosial,5645223750.0,0.0,0.0,False,False
Kepulauan Riau,31,2024,5,Mei,17,Belanja Bantuan Sosial,5645223750.0,0.0,0.0,False,False
Kepulauan Riau,31,2024,6,Juni,18,Belanja Bantuan Sosial,5645223750.0,0.0,0.0,False,False
Kepulauan Riau,31,2024,7,Juli,19,Belanja Bantuan Sosial,5645223750.0,134325000.0,2.38,False,False
Kepulauan Riau,31,2024,8,Agustus,20,Belanja Bantuan Sosial,5645223750.0,134325000.0,2.38,False,False
Kepulauan Riau,31,2024,9,September,21,Belanja Bantuan Sosial,5645223750.0,2412625000.0,42.74,False,False
Kepulauan Riau,31,2024,10,Oktober,22,Belanja Bantuan Sosial,5645223750.0,2412625000.0,42.74,False,False
Kepulauan Riau,31,2024,11,November,23,Belanja Bantuan Sosial,5645223750.0,2412625000.0,42.74,False,False
Kepulauan Riau,31,2024,12,Desember,24,Belanja Bantuan Sosial,5645223750.0,4002925000.0,70.91,False,False
Kepulauan Riau,31,2025,1,Januari,25,Belanja Bantuan Sosial,2856445000.0,0.0,0.0,False,False
Kepulauan Riau,31,2025,2,Februari,26,Belanja Bantuan Sosial,2856445000.0,0.0,0.0,False,False
Kepulauan Riau,31,2025,3,Maret,27,Belanja Bantuan Sosial,2856445000.0,0.0,0.0,False,False
Kepulauan Riau,31,2025,4,April,28,Belanja Bantuan Sosial,2856445000.0,0.0,0.0,False,False
Kepulauan Riau,31,2025,5,Mei,29,Belanja Bantuan Sosial,2856445000.0,0.0,0.0,False,False
Kepulauan Riau,31,2025,6,Juni,30,Belanja Bantuan Sosial,2856445000.0,0.0,0.0,False,False
Kepulauan Riau,31,2025,7,Juli,31,Belanja Bantuan Sosial,2856445000.0,0.0,0.0,False,False
Kepulauan Riau,31,2025,8,Agustus,32,Belanja Bantuan Sosial,2856445000.0,0.0,0.0,False,False
Kepulauan Riau,31,2025,9,September,33,Belanja Bantuan Sosial,2856445000.0,321000000.0,11.24,False,False
Kepulauan Riau,31,2025,10,Oktober,34,Belanja Bantuan Sosial,2856445000.0,321000000.0,11.24,False,False
Kepulauan Riau,31,2025,11,November,35,Belanja Bantuan Sosial,2856445000.0,321000000.0,11.24,False,False
Kepulauan Riau,31,2025,12,Desember,36,Belanja Bantuan Sosial,2856445000.0,1834940000.0,64.24,False,False
Kepulauan Riau,31,2026,1,Januari,37,Belanja Bantuan Sosial,689746655.0,0.0,0.0,True,False
Kepulauan Riau,31,2026,2,Februari,38,Belanja Bantuan Sosial,689746655.0,0.0,0.0,True,False
Kepulauan Riau,31,2026,3,Maret,39,Belanja Bantuan Sosial,689746655.0,0.0,0.0,True,False
Kepulauan Riau,31,2026,4,April,40,Belanja Bantuan Sosial,689746655.0,0.0,0.0,True,False
Kepulauan Riau,31,2026,5,Mei,41,Belanja Bantuan Sosial,689746655.0,0.0,0.0,True,False
Kepulauan Riau,31,2026,6,Juni,42,Belanja Bantuan Sosial,689746655.0,0.0,0.0,True,False
Kepulauan Riau,31,2026,7,Juli,43,Belanja Bantuan Sosial,689746655.0,0.0,0.0,True,False
Kepulauan Riau,31,2026,8,Agustus,44,Belanja Bantuan Sosial,689746655.0,0.0,0.0,True,False
Kepulauan Riau,31,2026,9,September,45,Belanja Bantuan Sosial,689746655.0,0.0,0.0,True,False
Kepulauan Riau,31,2026,10,Oktober,46,Belanja Bantuan Sosial,689746655.0,0.0,0.0,True,False
Kepulauan Riau,31,2026,11,November,47,Belanja Bantuan Sosial,689746655.0,0.0,0.0,True,False
Kepulauan Riau,31,2026,12,Desember,48,Belanja Bantuan Sosial,689746655.0,0.0,0.0,True,False
Kepulauan Riau,31,2023,1,Januari,1,Belanja Barang dan Jasa,1465540448194.0,-8859550.0,0.0,False,False
Kepulauan Riau,31,2023,2,Februari,2,Belanja Barang dan Jasa,1465540448194.0,39635402725.0,2.7,False,False
Kepulauan Riau,31,2023,3,Maret,3,Belanja Barang dan Jasa,1465540448194.0,102032040503.0,6.96,False,False
Kepulauan Riau,31,2023,4,April,4,Belanja Barang dan Jasa,1465540448194.0,210604754469.89,14.37,False,False
Kepulauan Riau,31,2023,5,Mei,5,Belanja Barang dan Jasa,1465540448194.0,210604754469.89,14.37,False,False
Kepulauan Riau,31,2023,6,Juni,6,Belanja Barang dan Jasa,1465540448194.0,351296386957.57,23.97,False,False
Kepulauan Riau,31,2023,7,Juli,7,Belanja Barang dan Jasa,1465540448194.0,458043570442.79,31.25,False,False
Kepulauan Riau,31,2023,8,Agustus,8,Belanja Barang dan Jasa,1465540448194.0,558828969276.04,38.13,False,False
Kepulauan Riau,31,2023,9,September,9,Belanja Barang dan Jasa,1465540448194.0,673237819587.47,45.94,False,False
Kepulauan Riau,31,2023,10,Oktober,10,Belanja Barang dan Jasa,1465540448194.0,785785270550.37,53.62,False,False
Kepulauan Riau,31,2023,11,November,11,Belanja Barang dan Jasa,1465540448194.0,904562805461.23,61.72,False,False
Kepulauan Riau,31,2023,12,Desember,12,Belanja Barang dan Jasa,1465540448194.0,1311212311460.7,89.47,False,False
Kepulauan Riau,31,2024,1,Januari,13,Belanja Barang dan Jasa,1602299255428.0,8060937049.0,0.5,False,False
Kepulauan Riau,31,2024,2,Februari,14,Belanja Barang dan Jasa,1602299255428.0,57010597390.0,3.56,False,False
Kepulauan Riau,31,2024,3,Maret,15,Belanja Barang dan Jasa,1602299255428.0,161504969537.95,10.08,False,False
Kepulauan Riau,31,2024,4,April,16,Belanja Barang dan Jasa,1602299255428.0,255019774338.95,15.92,False,False
Kepulauan Riau,31,2024,5,Mei,17,Belanja Barang dan Jasa,1602299255428.0,362229188262.86,22.61,False,False
Kepulauan Riau,31,2024,6,Juni,18,Belanja Barang dan Jasa,1602299255428.0,386625672208.48,24.13,False,False
Kepulauan Riau,31,2024,7,Juli,19,Belanja Barang dan Jasa,1602299255428.0,578449799745.41,36.1,False,False
Kepulauan Riau,31,2024,8,Agustus,20,Belanja Barang dan Jasa,1602299255428.0,681105198264.26,42.51,False,False
Kepulauan Riau,31,2024,9,September,21,Belanja Barang dan Jasa,1602299255428.0,830622473251.88,51.84,False,False
Kepulauan Riau,31,2024,10,Oktober,22,Belanja Barang dan Jasa,1602299255428.0,959774509133.2,59.9,False,False
Kepulauan Riau,31,2024,11,November,23,Belanja Barang dan Jasa,1602299255428.0,1084332733861.5,67.67,False,False
Kepulauan Riau,31,2024,12,Desember,24,Belanja Barang dan Jasa,1602299255428.0,1311138772714.2,81.83,False,False
Kepulauan Riau,31,2025,1,Januari,25,Belanja Barang dan Jasa,1294788524618.6,4601880790.0,0.36,False,False
Kepulauan Riau,31,2025,2,Februari,26,Belanja Barang dan Jasa,1294788524618.6,34312109383.0,2.65,False,False
Kepulauan Riau,31,2025,3,Maret,27,Belanja Barang dan Jasa,1294788524618.6,206397585993.29,15.94,False,False
Kepulauan Riau,31,2025,4,April,28,Belanja Barang dan Jasa,1294788524618.6,249200339990.15,19.25,False,False
Kepulauan Riau,31,2025,5,Mei,29,Belanja Barang dan Jasa,1294788524618.6,360645081186.49,27.85,False,False
Kepulauan Riau,31,2025,6,Juni,30,Belanja Barang dan Jasa,1294788524618.6,449410869228.96,34.71,False,False
Kepulauan Riau,31,2025,7,Juli,31,Belanja Barang dan Jasa,1294788524618.6,542654093988.91,41.91,False,False
Kepulauan Riau,31,2025,8,Agustus,32,Belanja Barang dan Jasa,1294788524618.6,604036843493.78,46.65,False,False
Kepulauan Riau,31,2025,9,September,33,Belanja Barang dan Jasa,1294788524618.6,728852121591.96,56.29,False,False
Kepulauan Riau,31,2025,10,Oktober,34,Belanja Barang dan Jasa,1294788524618.6,852668240143.33,65.85,False,False
Kepulauan Riau,31,2025,11,November,35,Belanja Barang dan Jasa,1294788524618.6,953884156349.73,73.67,False,False
Kepulauan Riau,31,2025,12,Desember,36,Belanja Barang dan Jasa,1294788524618.6,1161921240159.4,89.74,False,False
Kepulauan Riau,31,2026,1,Januari,37,Belanja Barang dan Jasa,986667349026.54,9458670134.0,0.96,False,False
Kepulauan Riau,31,2026,2,Februari,38,Belanja Barang dan Jasa,986667349026.54,24552670167.0,2.49,False,False
Kepulauan Riau,31,2026,3,Maret,39,Belanja Barang dan Jasa,986667349026.54,65217079053.0,6.61,False,False
Kepulauan Riau,31,2026,4,April,40,Belanja Barang dan Jasa,986667349026.54,116178313979.52,11.77,False,False
Kepulauan Riau,31,2026,5,Mei,41,Belanja Barang dan Jasa,986667349026.54,226471970825.19,22.95,False,False
Kepulauan Riau,31,2026,6,Juni,42,Belanja Barang dan Jasa,986667349026.54,301918818649.19,30.6,False,False
Kepulauan Riau,31,2026,7,Juli,43,Belanja Barang dan Jasa,986667349026.54,372852807721.54,37.79,False,False
Kepulauan Riau,31,2026,8,Agustus,44,Belanja Barang dan Jasa,986667349026.54,424640210003.91,43.04,False,False
Kepulauan Riau,31,2026,9,September,45,Belanja Barang dan Jasa,986667349026.54,427445608474.66,43.32,False,False
Kepulauan Riau,31,2026,10,Oktober,46,Belanja Barang dan Jasa,986667349026.54,427445608474.66,43.32,False,True
Kepulauan Riau,31,2026,11,November,47,Belanja Barang dan Jasa,986667349026.54,427445608474.66,43.32,False,True
Kepulauan Riau,31,2026,12,Desember,48,Belanja Barang dan Jasa,986667349026.54,427445608474.66,43.32,False,True
Kepulauan Riau,31,2023,1,Januari,1,Belanja Bunga,13141911555.0,0.0,0.0,False,False
Kepulauan Riau,31,2023,2,Februari,2,Belanja Bunga,13141911555.0,2143246484.0,16.31,False,False
Kepulauan Riau,31,2023,3,Maret,3,Belanja Bunga,13141911555.0,2143246484.0,16.31,False,False
Kepulauan Riau,31,2023,4,April,4,Belanja Bunga,13141911555.0,2143246484.0,16.31,False,False
Kepulauan Riau,31,2023,5,Mei,5,Belanja Bunga,13141911555.0,2143246484.0,16.31,False,False
Kepulauan Riau,31,2023,6,Juni,6,Belanja Bunga,13141911555.0,2143246484.0,16.31,False,False
Kepulauan Riau,31,2023,7,Juli,7,Belanja Bunga,13141911555.0,2143246484.0,16.31,False,False
Kepulauan Riau,31,2023,8,Agustus,8,Belanja Bunga,13141911555.0,4335159495.0,32.99,False,False
Kepulauan Riau,31,2023,9,September,9,Belanja Bunga,13141911555.0,4335159495.0,32.99,False,False
Kepulauan Riau,31,2023,10,Oktober,10,Belanja Bunga,13141911555.0,4335159495.0,32.99,False,False
Kepulauan Riau,31,2023,11,November,11,Belanja Bunga,13141911555.0,6205045005.0,47.22,False,False
Kepulauan Riau,31,2023,12,Desember,12,Belanja Bunga,13141911555.0,6205045005.0,47.22,False,True
Kepulauan Riau,31,2024,1,Januari,13,Belanja Bunga,4680999440.0,0.0,0.0,False,False
Kepulauan Riau,31,2024,2,Februari,14,Belanja Bunga,4680999440.0,1535409985.0,32.8,False,False
Kepulauan Riau,31,2024,3,Maret,15,Belanja Bunga,4680999440.0,1535409985.0,32.8,False,False
Kepulauan Riau,31,2024,4,April,16,Belanja Bunga,4680999440.0,1535409985.0,32.8,False,False
Kepulauan Riau,31,2024,5,Mei,17,Belanja Bunga,4680999440.0,2666343187.0,56.96,False,False
Kepulauan Riau,31,2024,6,Juni,18,Belanja Bunga,4680999440.0,2666343187.0,56.96,False,False
Kepulauan Riau,31,2024,7,Juli,19,Belanja Bunga,4680999440.0,2666343187.0,56.96,False,False
Kepulauan Riau,31,2024,8,Agustus,20,Belanja Bunga,4680999440.0,3437053233.0,73.43,False,False
Kepulauan Riau,31,2024,9,September,21,Belanja Bunga,4680999440.0,3437053233.0,73.43,False,False
Kepulauan Riau,31,2024,10,Oktober,22,Belanja Bunga,4680999440.0,3692560273.0,78.88,False,False
Kepulauan Riau,31,2024,11,November,23,Belanja Bunga,4680999440.0,3692560273.0,78.88,False,True
Kepulauan Riau,31,2024,12,Desember,24,Belanja Bunga,4680999440.0,3692560273.0,78.88,False,True
Kepulauan Riau,31,2026,1,Januari,37,Belanja Bunga,25586596280.0,0.0,0.0,False,False
Kepulauan Riau,31,2026,2,Februari,38,Belanja Bunga,25586596280.0,0.0,0.0,False,False
Kepulauan Riau,31,2026,3,Maret,39,Belanja Bunga,25586596280.0,0.0,0.0,False,False
Kepulauan Riau,31,2026,4,April,40,Belanja Bunga,25586596280.0,0.0,0.0,False,False
Kepulauan Riau,31,2026,5,Mei,41,Belanja Bunga,25586596280.0,0.0,0.0,False,False
Kepulauan Riau,31,2026,6,Juni,42,Belanja Bunga,25586596280.0,0.0,0.0,False,False
Kepulauan Riau,31,2026,7,Juli,43,Belanja Bunga,25586596280.0,202047875.0,0.79,False,False
Kepulauan Riau,31,2026,8,Agustus,44,Belanja Bunga,25586596280.0,202047875.0,0.79,False,True
Kepulauan Riau,31,2026,9,September,45,Belanja Bunga,25586596280.0,202047875.0,0.79,False,True
Kepulauan Riau,31,2026,10,Oktober,46,Belanja Bunga,25586596280.0,202047875.0,0.79,False,True
Kepulauan Riau,31,2026,11,November,47,Belanja Bunga,25586596280.0,202047875.0,0.79,False,True
Kepulauan Riau,31,2026,12,Desember,48,Belanja Bunga,25586596280.0,202047875.0,0.79,False,True
Kepulauan Riau,31,2023,1,Januari,1,Belanja Daerah,4151643181028.0,29402809615.0,0.71,False,False
Kepulauan Riau,31,2023,2,Februari,2,Belanja Daerah,4151643181028.0,102656899722.0,2.47,False,False
Kepulauan Riau,31,2023,3,Maret,3,Belanja Daerah,4151643181028.0,504311028481.98,12.15,False,False
Kepulauan Riau,31,2023,4,April,4,Belanja Daerah,4151643181028.0,875651024524.87,21.09,False,False
Kepulauan Riau,31,2023,5,Mei,5,Belanja Daerah,4151643181028.0,875651024524.87,21.09,False,False
Kepulauan Riau,31,2023,6,Juni,6,Belanja Daerah,4151643181028.0,1200719360805.7,28.92,False,False
Kepulauan Riau,31,2023,7,Juli,7,Belanja Daerah,4151643181028.0,1663952388276.6,40.08,False,False
Kepulauan Riau,31,2023,8,Agustus,8,Belanja Daerah,4151643181028.0,1926996003476.6,46.42,False,False
Kepulauan Riau,31,2023,9,September,9,Belanja Daerah,4151643181028.0,2155686607902.8,51.92,False,False
Kepulauan Riau,31,2023,10,Oktober,10,Belanja Daerah,4151643181028.0,2492383624784.1,60.03,False,False
Kepulauan Riau,31,2023,11,November,11,Belanja Daerah,4151643181028.0,3086653861260.2,74.35,False,False
Kepulauan Riau,31,2023,12,Desember,12,Belanja Daerah,4151643181028.0,3981178790741.1,95.89,False,False
Kepulauan Riau,31,2024,1,Januari,13,Belanja Daerah,4569470066351.0,56730416011.0,1.24,False,False
Kepulauan Riau,31,2024,2,Februari,14,Belanja Daerah,4569470066351.0,193929072118.0,4.24,False,False
Kepulauan Riau,31,2024,3,Maret,15,Belanja Daerah,4569470066351.0,626709222204.95,13.72,False,False
Kepulauan Riau,31,2024,4,April,16,Belanja Daerah,4569470066351.0,1003809231447.9,21.97,False,False
Kepulauan Riau,31,2024,5,Mei,17,Belanja Daerah,4569470066351.0,1455411450169.9,31.85,False,False
Kepulauan Riau,31,2024,6,Juni,18,Belanja Daerah,4569470066351.0,1624172930414.7,35.54,False,False
Kepulauan Riau,31,2024,7,Juli,19,Belanja Daerah,4569470066351.0,2117623625532.2,46.34,False,False
Kepulauan Riau,31,2024,8,Agustus,20,Belanja Daerah,4569470066351.0,2453611161541.1,53.7,False,False
Kepulauan Riau,31,2024,9,September,21,Belanja Daerah,4569470066351.0,2747334287800.6,60.12,False,False
Kepulauan Riau,31,2024,10,Oktober,22,Belanja Daerah,4569470066351.0,3110611829250.0,68.07,False,False
Kepulauan Riau,31,2024,11,November,23,Belanja Daerah,4569470066351.0,3502509727245.1,76.65,False,False
Kepulauan Riau,31,2024,12,Desember,24,Belanja Daerah,4569470066351.0,4071747457825.3,89.11,False,False
Kepulauan Riau,31,2025,1,Januari,25,Belanja Daerah,3933376601900.4,60552840309.0,1.54,False,False
Kepulauan Riau,31,2025,2,Februari,26,Belanja Daerah,3933376601900.4,160750743597.0,4.09,False,False
Kepulauan Riau,31,2025,3,Maret,27,Belanja Daerah,3933376601900.4,689016751735.58,17.52,False,False
Kepulauan Riau,31,2025,4,April,28,Belanja Daerah,3933376601900.4,861649003440.44,21.91,False,False
Kepulauan Riau,31,2025,5,Mei,29,Belanja Daerah,3933376601900.4,1211636791822.5,30.8,False,False
Kepulauan Riau,31,2025,6,Juni,30,Belanja Daerah,3933376601900.4,1441906853197.7,36.66,False,False
Kepulauan Riau,31,2025,7,Juli,31,Belanja Daerah,3933376601900.4,1822395019802.7,46.33,False,False
Kepulauan Riau,31,2025,8,Agustus,32,Belanja Daerah,3933376601900.4,2107094295491.7,53.57,False,False
Kepulauan Riau,31,2025,9,September,33,Belanja Daerah,3933376601900.4,2432569516252.0,61.84,False,False
Kepulauan Riau,31,2025,10,Oktober,34,Belanja Daerah,3933376601900.4,2887205462364.1,73.4,False,False
Kepulauan Riau,31,2025,11,November,35,Belanja Daerah,3933376601900.4,3154136251239.6,80.19,False,False
Kepulauan Riau,31,2025,12,Desember,36,Belanja Daerah,3933376601900.4,3715604258925.5,94.46,False,False
Kepulauan Riau,31,2026,1,Januari,37,Belanja Daerah,3547209624327.0,62755840541.0,1.77,False,False
Kepulauan Riau,31,2026,2,Februari,38,Belanja Daerah,3547209624327.0,191072526978.0,5.39,False,False
Kepulauan Riau,31,2026,3,Maret,39,Belanja Daerah,3547209624327.0,533196642949.0,15.03,False,False
Kepulauan Riau,31,2026,4,April,40,Belanja Daerah,3547209624327.0,781744998614.52,22.04,False,False
Kepulauan Riau,31,2026,5,Mei,41,Belanja Daerah,3547209624327.0,1081632348484.7,30.49,False,False
Kepulauan Riau,31,2026,6,Juni,42,Belanja Daerah,3547209624327.0,1379396831524.4,38.89,False,False
Kepulauan Riau,31,2026,7,Juli,43,Belanja Daerah,3547209624327.0,1719880914269.8,48.49,False,False
Kepulauan Riau,31,2026,8,Agustus,44,Belanja Daerah,3547209624327.0,1895332385250.2,53.43,False,False
Kepulauan Riau,31,2026,9,September,45,Belanja Daerah,3547209624327.0,1968783175176.9,55.5,False,False
Kepulauan Riau,31,2026,10,Oktober,46,Belanja Daerah,3547209624327.0,1968783175176.9,55.5,False,True
Kepulauan Riau,31,2026,11,November,47,Belanja Daerah,3547209624327.0,1968783175176.9,55.5,False,True
Kepulauan Riau,31,2026,12,Desember,48,Belanja Daerah,3547209624327.0,1968783175176.9,55.5,False,True
Kepulauan Riau,31,2023,1,Januari,1,Belanja Hibah,254010544201.0,0.0,0.0,False,False
Kepulauan Riau,31,2023,2,Februari,2,Belanja Hibah,254010544201.0,1935000000.0,0.76,False,False
Kepulauan Riau,31,2023,3,Maret,3,Belanja Hibah,254010544201.0,12436506414.0,4.9,False,False
Kepulauan Riau,31,2023,4,April,4,Belanja Hibah,254010544201.0,29885952414.0,11.77,False,False
Kepulauan Riau,31,2023,5,Mei,5,Belanja Hibah,254010544201.0,29885952414.0,11.77,False,False
Kepulauan Riau,31,2023,6,Juni,6,Belanja Hibah,254010544201.0,65355313215.73,25.73,False,False
Kepulauan Riau,31,2023,7,Juli,7,Belanja Hibah,254010544201.0,83950158715.73,33.05,False,False
Kepulauan Riau,31,2023,8,Agustus,8,Belanja Hibah,254010544201.0,105894517612.45,41.69,False,False
Kepulauan Riau,31,2023,9,September,9,Belanja Hibah,254010544201.0,124230479664.2,48.91,False,False
Kepulauan Riau,31,2023,10,Oktober,10,Belanja Hibah,254010544201.0,138730070892.57,54.62,False,False
Kepulauan Riau,31,2023,11,November,11,Belanja Hibah,254010544201.0,266573182161.19,104.95,False,False
Kepulauan Riau,31,2023,12,Desember,12,Belanja Hibah,254010544201.0,344250201701.06,135.53,False,False
Kepulauan Riau,31,2024,1,Januari,13,Belanja Hibah,393269387486.0,17224370000.0,4.38,False,False
Kepulauan Riau,31,2024,2,Februari,14,Belanja Hibah,393269387486.0,22611840000.0,5.75,False,False
Kepulauan Riau,31,2024,3,Maret,15,Belanja Hibah,393269387486.0,36188285000.0,9.2,False,False
Kepulauan Riau,31,2024,4,April,16,Belanja Hibah,393269387486.0,69020881000.0,17.55,False,False
Kepulauan Riau,31,2024,5,Mei,17,Belanja Hibah,393269387486.0,204857609200.0,52.09,False,False
Kepulauan Riau,31,2024,6,Juni,18,Belanja Hibah,393269387486.0,208631837893.22,53.05,False,False
Kepulauan Riau,31,2024,7,Juli,19,Belanja Hibah,393269387486.0,242091195925.22,61.56,False,False
Kepulauan Riau,31,2024,8,Agustus,20,Belanja Hibah,393269387486.0,284772171713.22,72.41,False,False
Kepulauan Riau,31,2024,9,September,21,Belanja Hibah,393269387486.0,300594366937.16,76.43,False,False
Kepulauan Riau,31,2024,10,Oktober,22,Belanja Hibah,393269387486.0,310794926772.59,79.03,False,False
Kepulauan Riau,31,2024,11,November,23,Belanja Hibah,393269387486.0,344964171711.16,87.72,False,False
Kepulauan Riau,31,2024,12,Desember,24,Belanja Hibah,393269387486.0,357581329209.27,90.93,False,False
Kepulauan Riau,31,2025,1,Januari,25,Belanja Hibah,174868035279.01,18179630000.0,10.4,False,False
Kepulauan Riau,31,2025,2,Februari,26,Belanja Hibah,174868035279.01,18377645000.0,10.51,False,False
Kepulauan Riau,31,2025,3,Maret,27,Belanja Hibah,174868035279.01,35242619500.0,20.15,False,False
Kepulauan Riau,31,2025,4,April,28,Belanja Hibah,174868035279.01,39607819500.0,22.65,False,False
Kepulauan Riau,31,2025,5,Mei,29,Belanja Hibah,174868035279.01,45486815307.29,26.01,False,False
Kepulauan Riau,31,2025,6,Juni,30,Belanja Hibah,174868035279.01,55773793307.29,31.89,False,False
Kepulauan Riau,31,2025,7,Juli,31,Belanja Hibah,174868035279.01,82793443688.29,47.35,False,False
Kepulauan Riau,31,2025,8,Agustus,32,Belanja Hibah,174868035279.01,93468173688.29,53.45,False,False
Kepulauan Riau,31,2025,9,September,33,Belanja Hibah,174868035279.01,117793491636.14,67.36,False,False
Kepulauan Riau,31,2025,10,Oktober,34,Belanja Hibah,174868035279.01,138719041220.14,79.33,False,False
Kepulauan Riau,31,2025,11,November,35,Belanja Hibah,174868035279.01,152777930123.96,87.37,False,False
Kepulauan Riau,31,2025,12,Desember,36,Belanja Hibah,174868035279.01,165767273907.96,94.8,False,False
Kepulauan Riau,31,2026,1,Januari,37,Belanja Hibah,124477499661.6,0.0,0.0,False,False
Kepulauan Riau,31,2026,2,Februari,38,Belanja Hibah,124477499661.6,0.0,0.0,False,False
Kepulauan Riau,31,2026,3,Maret,39,Belanja Hibah,124477499661.6,20581325000.0,16.53,False,False
Kepulauan Riau,31,2026,4,April,40,Belanja Hibah,124477499661.6,26471285000.0,21.27,False,False
Kepulauan Riau,31,2026,5,Mei,41,Belanja Hibah,124477499661.6,33648100232.0,27.03,False,False
Kepulauan Riau,31,2026,6,Juni,42,Belanja Hibah,124477499661.6,35878709698.73,28.82,False,False
Kepulauan Riau,31,2026,7,Juli,43,Belanja Hibah,124477499661.6,45838709698.73,36.82,False,False
Kepulauan Riau,31,2026,8,Agustus,44,Belanja Hibah,124477499661.6,59715764011.73,47.97,False,False
Kepulauan Riau,31,2026,9,September,45,Belanja Hibah,124477499661.6,60325764011.73,48.46,False,False
Kepulauan Riau,31,2026,10,Oktober,46,Belanja Hibah,124477499661.6,60325764011.73,48.46,False,True
Kepulauan Riau,31,2026,11,November,47,Belanja Hibah,124477499661.6,60325764011.73,48.46,False,True
Kepulauan Riau,31,2026,12,Desember,48,Belanja Hibah,124477499661.6,60325764011.73,48.46,False,True
Kepulauan Riau,31,2023,1,Januari,1,Belanja Lainnya,928587370786.0,0.0,0.0,False,False
Kepulauan Riau,31,2023,2,Februari,2,Belanja Lainnya,928587370786.0,4078246484.0,0.44,False,False
Kepulauan Riau,31,2023,3,Maret,3,Belanja Lainnya,928587370786.0,182821014496.0,19.69,False,False
Kepulauan Riau,31,2023,4,April,4,Belanja Lainnya,928587370786.0,330007532029.0,35.54,False,False
Kepulauan Riau,31,2023,5,Mei,5,Belanja Lainnya,928587370786.0,330007532029.0,35.54,False,False
Kepulauan Riau,31,2023,6,Juni,6,Belanja Lainnya,928587370786.0,365642330955.73,39.38,False,False
Kepulauan Riau,31,2023,7,Juli,7,Belanja Lainnya,928587370786.0,567423956572.73,61.11,False,False
Kepulauan Riau,31,2023,8,Agustus,8,Belanja Lainnya,928587370786.0,591802319105.45,63.73,False,False
Kepulauan Riau,31,2023,9,September,9,Belanja Lainnya,928587370786.0,611365072973.2,65.84,False,False
Kepulauan Riau,31,2023,10,Oktober,10,Belanja Lainnya,928587370786.0,648948155122.57,69.89,False,False
Kepulauan Riau,31,2023,11,November,11,Belanja Lainnya,928587370786.0,971868921816.19,104.66,False,False
Kepulauan Riau,31,2023,12,Desember,12,Belanja Lainnya,928587370786.0,1091804322946.1,117.58,False,False
Kepulauan Riau,31,2024,1,Januari,13,Belanja Lainnya,1245749288756.0,17224370000.0,1.38,False,False
Kepulauan Riau,31,2024,2,Februari,14,Belanja Lainnya,1245749288756.0,24147249985.0,1.94,False,False
Kepulauan Riau,31,2024,3,Maret,15,Belanja Lainnya,1245749288756.0,189270547220.0,15.19,False,False
Kepulauan Riau,31,2024,4,April,16,Belanja Lainnya,1245749288756.0,348080807936.0,27.94,False,False
Kepulauan Riau,31,2024,5,Mei,17,Belanja Lainnya,1245749288756.0,551803279197.0,44.29,False,False
Kepulauan Riau,31,2024,6,Juni,18,Belanja Lainnya,1245749288756.0,556088570030.22,44.64,False,False
Kepulauan Riau,31,2024,7,Juli,19,Belanja Lainnya,1245749288756.0,677688355980.22,54.4,False,False
Kepulauan Riau,31,2024,8,Agustus,20,Belanja Lainnya,1245749288756.0,835107183830.22,67.04,False,False
Kepulauan Riau,31,2024,9,September,21,Belanja Lainnya,1245749288756.0,864413679054.16,69.39,False,False
Kepulauan Riau,31,2024,10,Oktober,22,Belanja Lainnya,1245749288756.0,972187778638.59,78.04,False,False
Kepulauan Riau,31,2024,11,November,23,Belanja Lainnya,1245749288756.0,1094154812957.2,87.83,False,False
Kepulauan Riau,31,2024,12,Desember,24,Belanja Lainnya,1245749288756.0,1143430739817.3,91.79,False,False
Kepulauan Riau,31,2025,1,Januari,25,Belanja Lainnya,899686421776.99,18179630000.0,2.02,False,False
Kepulauan Riau,31,2025,2,Februari,26,Belanja Lainnya,899686421776.99,18377645000.0,2.04,False,False
Kepulauan Riau,31,2025,3,Maret,27,Belanja Lainnya,899686421776.99,167808671351.0,18.65,False,False
Kepulauan Riau,31,2025,4,April,28,Belanja Lainnya,899686421776.99,207853901600.0,23.1,False,False
Kepulauan Riau,31,2025,5,Mei,29,Belanja Lainnya,899686421776.99,344085410386.29,38.25,False,False
Kepulauan Riau,31,2025,6,Juni,30,Belanja Lainnya,899686421776.99,372820406023.29,41.44,False,False
Kepulauan Riau,31,2025,7,Juli,31,Belanja Lainnya,899686421776.99,459333012858.29,51.05,False,False
Kepulauan Riau,31,2025,8,Agustus,32,Belanja Lainnya,899686421776.99,530846404746.29,59.0,False,False
Kepulauan Riau,31,2025,9,September,33,Belanja Lainnya,899686421776.99,605081693321.14,67.25,False,False
Kepulauan Riau,31,2025,10,Oktober,34,Belanja Lainnya,899686421776.99,759927357678.14,84.47,False,False
Kepulauan Riau,31,2025,11,November,35,Belanja Lainnya,899686421776.99,775305842030.96,86.18,False,False
Kepulauan Riau,31,2025,12,Desember,36,Belanja Lainnya,899686421776.99,872625497542.96,96.99,False,False
Kepulauan Riau,31,2026,1,Januari,37,Belanja Lainnya,645954784253.76,0.0,0.0,False,False
Kepulauan Riau,31,2026,2,Februari,38,Belanja Lainnya,645954784253.76,0.0,0.0,False,False
Kepulauan Riau,31,2026,3,Maret,39,Belanja Lainnya,645954784253.76,81280200497.0,12.58,False,False
Kepulauan Riau,31,2026,4,April,40,Belanja Lainnya,645954784253.76,156934620867.0,24.29,False,False
Kepulauan Riau,31,2026,5,Mei,41,Belanja Lainnya,645954784253.76,203243455862.0,31.46,False,False
Kepulauan Riau,31,2026,6,Juni,42,Belanja Lainnya,645954784253.76,205474065328.73,31.81,False,False
Kepulauan Riau,31,2026,7,Juli,43,Belanja Lainnya,645954784253.76,355107931084.73,54.97,False,False
Kepulauan Riau,31,2026,8,Agustus,44,Belanja Lainnya,645954784253.76,370404985397.73,57.34,False,False
Kepulauan Riau,31,2026,9,September,45,Belanja Lainnya,645954784253.76,371234985397.73,57.47,False,False
Kepulauan Riau,31,2026,10,Oktober,46,Belanja Lainnya,645954784253.76,371234985397.73,57.47,False,True
Kepulauan Riau,31,2026,11,November,47,Belanja Lainnya,645954784253.76,371234985397.73,57.47,False,True
Kepulauan Riau,31,2026,12,Desember,48,Belanja Lainnya,645954784253.76,371234985397.73,57.47,False,True
Kepulauan Riau,31,2023,1,Januari,1,Belanja Modal,581565471186.0,906827620.0,0.16,False,False
Kepulauan Riau,31,2023,2,Februari,2,Belanja Modal,581565471186.0,1120307620.0,0.19,False,False
Kepulauan Riau,31,2023,3,Maret,3,Belanja Modal,581565471186.0,13391299047.98,2.3,False,False
Kepulauan Riau,31,2023,4,April,4,Belanja Modal,581565471186.0,30769736581.98,5.29,False,False
Kepulauan Riau,31,2023,5,Mei,5,Belanja Modal,581565471186.0,30769736581.98,5.29,False,False
Kepulauan Riau,31,2023,6,Juni,6,Belanja Modal,581565471186.0,81390937903.38,14.0,False,False
Kepulauan Riau,31,2023,7,Juli,7,Belanja Modal,581565471186.0,113605306375.06,19.53,False,False
Kepulauan Riau,31,2023,8,Agustus,8,Belanja Modal,581565471186.0,181063188595.13,31.13,False,False
Kepulauan Riau,31,2023,9,September,9,Belanja Modal,581565471186.0,207151282587.12,35.62,False,False
Kepulauan Riau,31,2023,10,Oktober,10,Belanja Modal,581565471186.0,284909196219.13,48.99,False,False
Kepulauan Riau,31,2023,11,November,11,Belanja Modal,581565471186.0,360311797646.83,61.96,False,False
Kepulauan Riau,31,2023,12,Desember,12,Belanja Modal,581565471186.0,601335959896.26,103.4,False,False
Kepulauan Riau,31,2024,1,Januari,13,Belanja Modal,378756061379.0,7912500.0,0.0,False,False
Kepulauan Riau,31,2024,2,Februari,14,Belanja Modal,378756061379.0,1434916020.0,0.38,False,False
Kepulauan Riau,31,2024,3,Maret,15,Belanja Modal,378756061379.0,12061596050.0,3.18,False,False
Kepulauan Riau,31,2024,4,April,16,Belanja Modal,378756061379.0,24817999015.0,6.55,False,False
Kepulauan Riau,31,2024,5,Mei,17,Belanja Modal,378756061379.0,34577758915.0,9.13,False,False
Kepulauan Riau,31,2024,6,Juni,18,Belanja Modal,378756061379.0,44042622787.0,11.63,False,False
Kepulauan Riau,31,2024,7,Juli,19,Belanja Modal,378756061379.0,74260987894.58,19.61,False,False
Kepulauan Riau,31,2024,8,Agustus,20,Belanja Modal,378756061379.0,100087398028.58,26.43,False,False
Kepulauan Riau,31,2024,9,September,21,Belanja Modal,378756061379.0,113518012869.58,29.97,False,False
Kepulauan Riau,31,2024,10,Oktober,22,Belanja Modal,378756061379.0,155082393838.2,40.95,False,False
Kepulauan Riau,31,2024,11,November,23,Belanja Modal,378756061379.0,183140181854.44,48.35,False,False
Kepulauan Riau,31,2024,12,Desember,24,Belanja Modal,378756061379.0,307344075589.86,81.15,False,False
Kepulauan Riau,31,2025,1,Januari,25,Belanja Modal,269313511475.33,0.0,0.0,False,False
Kepulauan Riau,31,2025,2,Februari,26,Belanja Modal,269313511475.33,6307997.0,0.0,False,False
Kepulauan Riau,31,2025,3,Maret,27,Belanja Modal,269313511475.33,16717179081.29,6.21,False,False
Kepulauan Riau,31,2025,4,April,28,Belanja Modal,269313511475.33,18414035171.29,6.84,False,False
Kepulauan Riau,31,2025,5,Mei,29,Belanja Modal,269313511475.33,25591021495.68,9.5,False,False
Kepulauan Riau,31,2025,6,Juni,30,Belanja Modal,269313511475.33,40906414106.45,15.19,False,False
Kepulauan Riau,31,2025,7,Juli,31,Belanja Modal,269313511475.33,66961622115.45,24.86,False,False
Kepulauan Riau,31,2025,8,Agustus,32,Belanja Modal,269313511475.33,74240037802.65,27.57,False,False
Kepulauan Riau,31,2025,9,September,33,Belanja Modal,269313511475.33,101406873927.92,37.65,False,False
Kepulauan Riau,31,2025,10,Oktober,34,Belanja Modal,269313511475.33,143043035918.62,53.11,False,False
Kepulauan Riau,31,2025,11,November,35,Belanja Modal,269313511475.33,178776869243.87,66.38,False,False
Kepulauan Riau,31,2025,12,Desember,36,Belanja Modal,269313511475.33,232159877710.16,86.2,False,False
Kepulauan Riau,31,2026,1,Januari,37,Belanja Modal,330135457627.19,0.0,0.0,False,False
Kepulauan Riau,31,2026,2,Februari,38,Belanja Modal,330135457627.19,12700000.0,0.0,False,False
Kepulauan Riau,31,2026,3,Maret,39,Belanja Modal,330135457627.19,9728257250.0,2.95,False,False
Kepulauan Riau,31,2026,4,April,40,Belanja Modal,330135457627.19,13276934944.0,4.02,False,False
Kepulauan Riau,31,2026,5,Mei,41,Belanja Modal,330135457627.19,42230921831.51,12.79,False,False
Kepulauan Riau,31,2026,6,Juni,42,Belanja Modal,330135457627.19,68819105412.51,20.85,False,False
Kepulauan Riau,31,2026,7,Juli,43,Belanja Modal,330135457627.19,81151561553.51,24.58,False,False
Kepulauan Riau,31,2026,8,Agustus,44,Belanja Modal,330135457627.19,87007950264.51,26.36,False,False
Kepulauan Riau,31,2026,9,September,45,Belanja Modal,330135457627.19,105593332455.51,31.98,False,False
Kepulauan Riau,31,2026,10,Oktober,46,Belanja Modal,330135457627.19,105593332455.51,31.98,False,True
Kepulauan Riau,31,2026,11,November,47,Belanja Modal,330135457627.19,105593332455.51,31.98,False,True
Kepulauan Riau,31,2026,12,Desember,48,Belanja Modal,330135457627.19,105593332455.51,31.98,False,True
Kepulauan Riau,31,2023,1,Januari,1,Belanja Pegawai,1175949890862.0,28504841545.0,2.42,False,False
Kepulauan Riau,31,2023,2,Februari,2,Belanja Pegawai,1175949890862.0,57822942893.0,4.92,False,False
Kepulauan Riau,31,2023,3,Maret,3,Belanja Pegawai,1175949890862.0,206066674435.0,17.52,False,False
Kepulauan Riau,31,2023,4,April,4,Belanja Pegawai,1175949890862.0,304269001444.0,25.87,False,False
Kepulauan Riau,31,2023,5,Mei,5,Belanja Pegawai,1175949890862.0,304269001444.0,25.87,False,False
Kepulauan Riau,31,2023,6,Juni,6,Belanja Pegawai,1175949890862.0,402389704989.0,34.22,False,False
Kepulauan Riau,31,2023,7,Juli,7,Belanja Pegawai,1175949890862.0,524879554886.0,44.63,False,False
Kepulauan Riau,31,2023,8,Agustus,8,Belanja Pegawai,1175949890862.0,595301526500.0,50.62,False,False
Kepulauan Riau,31,2023,9,September,9,Belanja Pegawai,1175949890862.0,663932432755.0,56.46,False,False
Kepulauan Riau,31,2023,10,Oktober,10,Belanja Pegawai,1175949890862.0,772741002892.0,65.71,False,False
Kepulauan Riau,31,2023,11,November,11,Belanja Pegawai,1175949890862.0,849910336336.0,72.27,False,False
Kepulauan Riau,31,2023,12,Desember,12,Belanja Pegawai,1175949890862.0,976826196438.05,83.07,False,False
Kepulauan Riau,31,2024,1,Januari,13,Belanja Pegawai,1342665460788.0,31437196462.0,2.34,False,False
Kepulauan Riau,31,2024,2,Februari,14,Belanja Pegawai,1342665460788.0,111336308723.0,8.29,False,False
Kepulauan Riau,31,2024,3,Maret,15,Belanja Pegawai,1342665460788.0,263872109397.0,19.65,False,False
Kepulauan Riau,31,2024,4,April,16,Belanja Pegawai,1342665460788.0,375890650158.0,28.0,False,False
Kepulauan Riau,31,2024,5,Mei,17,Belanja Pegawai,1342665460788.0,506801223795.0,37.75,False,False
Kepulauan Riau,31,2024,6,Juni,18,Belanja Pegawai,1342665460788.0,637416065389.0,47.47,False,False
Kepulauan Riau,31,2024,7,Juli,19,Belanja Pegawai,1342665460788.0,787224481912.0,58.63,False,False
Kepulauan Riau,31,2024,8,Agustus,20,Belanja Pegawai,1342665460788.0,837311381418.0,62.36,False,False
Kepulauan Riau,31,2024,9,September,21,Belanja Pegawai,1342665460788.0,938780122625.0,69.92,False,False
Kepulauan Riau,31,2024,10,Oktober,22,Belanja Pegawai,1342665460788.0,1023567147640.0,76.23,False,False
Kepulauan Riau,31,2024,11,November,23,Belanja Pegawai,1342665460788.0,1140881998572.0,84.97,False,False
Kepulauan Riau,31,2024,12,Desember,24,Belanja Pegawai,1342665460788.0,1309833869704.0,97.55,False,False
Kepulauan Riau,31,2025,1,Januari,25,Belanja Pegawai,1469588144029.5,37771329519.0,2.57,False,False
Kepulauan Riau,31,2025,2,Februari,26,Belanja Pegawai,1469588144029.5,108054681217.0,7.35,False,False
Kepulauan Riau,31,2025,3,Maret,27,Belanja Pegawai,1469588144029.5,298093315310.0,20.28,False,False
Kepulauan Riau,31,2025,4,April,28,Belanja Pegawai,1469588144029.5,386180726679.0,26.28,False,False
Kepulauan Riau,31,2025,5,Mei,29,Belanja Pegawai,1469588144029.5,481315278754.0,32.75,False,False
Kepulauan Riau,31,2025,6,Juni,30,Belanja Pegawai,1469588144029.5,578769163839.0,39.38,False,False
Kepulauan Riau,31,2025,7,Juli,31,Belanja Pegawai,1469588144029.5,753446290840.0,51.27,False,False
Kepulauan Riau,31,2025,8,Agustus,32,Belanja Pegawai,1469588144029.5,897971009449.0,61.1,False,False
Kepulauan Riau,31,2025,9,September,33,Belanja Pegawai,1469588144029.5,997228827411.0,67.86,False,False
Kepulauan Riau,31,2025,10,Oktober,34,Belanja Pegawai,1469588144029.5,1131566828624.0,77.0,False,False
Kepulauan Riau,31,2025,11,November,35,Belanja Pegawai,1469588144029.5,1246169383615.0,84.8,False,False
Kepulauan Riau,31,2025,12,Desember,36,Belanja Pegawai,1469588144029.5,1448897643513.0,98.59,False,False
Kepulauan Riau,31,2026,1,Januari,37,Belanja Pegawai,1584452033419.5,53297170407.0,3.36,False,False
Kepulauan Riau,31,2026,2,Februari,38,Belanja Pegawai,1584452033419.5,166507156811.0,10.51,False,False
Kepulauan Riau,31,2026,3,Maret,39,Belanja Pegawai,1584452033419.5,376971106149.0,23.79,False,False
Kepulauan Riau,31,2026,4,April,40,Belanja Pegawai,1584452033419.5,495355128824.0,31.26,False,False
Kepulauan Riau,31,2026,5,Mei,41,Belanja Pegawai,1584452033419.5,609685999966.0,38.48,False,False
Kepulauan Riau,31,2026,6,Juni,42,Belanja Pegawai,1584452033419.5,803184842134.0,50.69,False,False
Kepulauan Riau,31,2026,7,Juli,43,Belanja Pegawai,1584452033419.5,910768613910.0,57.48,False,False
Kepulauan Riau,31,2026,8,Agustus,44,Belanja Pegawai,1584452033419.5,1013279239584.0,63.95,False,False
Kepulauan Riau,31,2026,9,September,45,Belanja Pegawai,1584452033419.5,1064509248849.0,67.18,False,False
Kepulauan Riau,31,2026,10,Oktober,46,Belanja Pegawai,1584452033419.5,1064509248849.0,67.18,False,True
Kepulauan Riau,31,2026,11,November,47,Belanja Pegawai,1584452033419.5,1064509248849.0,67.18,False,True
Kepulauan Riau,31,2026,12,Desember,48,Belanja Pegawai,1584452033419.5,1064509248849.0,67.18,False,True
Kepulauan Riau,31,2023,1,Januari,1,Belanja Subsidi,1000000000.0,0.0,0.0,False,False
Kepulauan Riau,31,2023,2,Februari,2,Belanja Subsidi,1000000000.0,0.0,0.0,False,False
Kepulauan Riau,31,2023,3,Maret,3,Belanja Subsidi,1000000000.0,0.0,0.0,False,False
Kepulauan Riau,31,2023,4,April,4,Belanja Subsidi,1000000000.0,611876250.0,61.19,False,False
Kepulauan Riau,31,2023,5,Mei,5,Belanja Subsidi,1000000000.0,611876250.0,61.19,False,False
Kepulauan Riau,31,2023,6,Juni,6,Belanja Subsidi,1000000000.0,721314375.0,72.13,False,False
Kepulauan Riau,31,2023,7,Juli,7,Belanja Subsidi,1000000000.0,761304375.0,76.13,False,False
Kepulauan Riau,31,2023,8,Agustus,8,Belanja Subsidi,1000000000.0,787395000.0,78.74,False,False
Kepulauan Riau,31,2023,9,September,9,Belanja Subsidi,1000000000.0,790199687.0,79.02,False,False
Kepulauan Riau,31,2023,10,Oktober,10,Belanja Subsidi,1000000000.0,808204375.0,80.82,False,False
Kepulauan Riau,31,2023,11,November,11,Belanja Subsidi,1000000000.0,810407500.0,81.04,False,False
Kepulauan Riau,31,2023,12,Desember,12,Belanja Subsidi,1000000000.0,4143883000.0,414.39,False,False
Kepulauan Riau,31,2024,1,Januari,13,Belanja Subsidi,1551064650.0,0.0,0.0,False,False
Kepulauan Riau,31,2024,2,Februari,14,Belanja Subsidi,1551064650.0,0.0,0.0,False,False
Kepulauan Riau,31,2024,3,Maret,15,Belanja Subsidi,1551064650.0,61343746.0,3.95,False,False
Kepulauan Riau,31,2024,4,April,16,Belanja Subsidi,1551064650.0,703714371.0,45.37,False,False
Kepulauan Riau,31,2024,5,Mei,17,Belanja Subsidi,1551064650.0,871735203.0,56.2,False,False
Kepulauan Riau,31,2024,6,Juni,18,Belanja Subsidi,1551064650.0,871735203.0,56.2,False,False
Kepulauan Riau,31,2024,7,Juli,19,Belanja Subsidi,1551064650.0,944301180.0,60.88,False,False
Kepulauan Riau,31,2024,8,Agustus,20,Belanja Subsidi,1551064650.0,944301180.0,60.88,False,True
Kepulauan Riau,31,2024,9,September,21,Belanja Subsidi,1551064650.0,944301180.0,60.88,False,True
Kepulauan Riau,31,2024,10,Oktober,22,Belanja Subsidi,1551064650.0,944301180.0,60.88,False,True
Kepulauan Riau,31,2024,11,November,23,Belanja Subsidi,1551064650.0,944301180.0,60.88,False,True
Kepulauan Riau,31,2024,12,Desember,24,Belanja Subsidi,1551064650.0,944301180.0,60.88,False,True
Kepulauan Riau,31,2025,1,Januari,25,Belanja Subsidi,2864494061.38,0.0,0.0,False,False
Kepulauan Riau,31,2025,2,Februari,26,Belanja Subsidi,2864494061.38,0.0,0.0,False,False
Kepulauan Riau,31,2025,3,Maret,27,Belanja Subsidi,2864494061.38,0.0,0.0,False,False
Kepulauan Riau,31,2025,4,April,28,Belanja Subsidi,2864494061.38,0.0,0.0,False,False
Kepulauan Riau,31,2025,5,Mei,29,Belanja Subsidi,2864494061.38,0.0,0.0,False,False
Kepulauan Riau,31,2025,6,Juni,30,Belanja Subsidi,2864494061.38,0.0,0.0,False,False
Kepulauan Riau,31,2025,7,Juli,31,Belanja Subsidi,2864494061.38,444753715.0,15.53,False,False
Kepulauan Riau,31,2025,8,Agustus,32,Belanja Subsidi,2864494061.38,598095403.0,20.88,False,False
Kepulauan Riau,31,2025,9,September,33,Belanja Subsidi,2864494061.38,737675272.0,25.75,False,False
Kepulauan Riau,31,2025,10,Oktober,34,Belanja Subsidi,2864494061.38,778524222.0,27.18,False,False
Kepulauan Riau,31,2025,11,November,35,Belanja Subsidi,2864494061.38,817119671.0,28.53,False,False
Kepulauan Riau,31,2025,12,Desember,36,Belanja Subsidi,2864494061.38,834852991.0,29.14,False,False
Kepulauan Riau,31,2026,1,Januari,37,Belanja Subsidi,1839505525.0,0.0,0.0,True,False
Kepulauan Riau,31,2026,2,Februari,38,Belanja Subsidi,1839505525.0,0.0,0.0,True,False
Kepulauan Riau,31,2026,3,Maret,39,Belanja Subsidi,1839505525.0,0.0,0.0,True,False
Kepulauan Riau,31,2026,4,April,40,Belanja Subsidi,1839505525.0,0.0,0.0,True,False
Kepulauan Riau,31,2026,5,Mei,41,Belanja Subsidi,1839505525.0,0.0,0.0,True,False
Kepulauan Riau,31,2026,6,Juni,42,Belanja Subsidi,1839505525.0,0.0,0.0,True,False
Kepulauan Riau,31,2026,7,Juli,43,Belanja Subsidi,1839505525.0,0.0,0.0,True,False
Kepulauan Riau,31,2026,8,Agustus,44,Belanja Subsidi,1839505525.0,0.0,0.0,True,False
Kepulauan Riau,31,2026,9,September,45,Belanja Subsidi,1839505525.0,0.0,0.0,True,False
Kepulauan Riau,31,2026,10,Oktober,46,Belanja Subsidi,1839505525.0,0.0,0.0,True,False
Kepulauan Riau,31,2026,11,November,47,Belanja Subsidi,1839505525.0,0.0,0.0,True,False
Kepulauan Riau,31,2026,12,Desember,48,Belanja Subsidi,1839505525.0,0.0,0.0,True,False
Kepulauan Riau,31,2023,1,Januari,1,Belanja Tidak Terduga,10000000000.0,0.0,0.0,False,False
Kepulauan Riau,31,2023,2,Februari,2,Belanja Tidak Terduga,10000000000.0,0.0,0.0,False,False
Kepulauan Riau,31,2023,3,Maret,3,Belanja Tidak Terduga,10000000000.0,0.0,0.0,False,False
Kepulauan Riau,31,2023,4,April,4,Belanja Tidak Terduga,10000000000.0,0.0,0.0,False,False
Kepulauan Riau,31,2023,5,Mei,5,Belanja Tidak Terduga,10000000000.0,0.0,0.0,False,False
Kepulauan Riau,31,2023,6,Juni,6,Belanja Tidak Terduga,10000000000.0,0.0,0.0,False,False
Kepulauan Riau,31,2023,7,Juli,7,Belanja Tidak Terduga,10000000000.0,1961042000.0,19.61,False,False
Kepulauan Riau,31,2023,8,Agustus,8,Belanja Tidak Terduga,10000000000.0,1961042000.0,19.61,False,False
Kepulauan Riau,31,2023,9,September,9,Belanja Tidak Terduga,10000000000.0,2413029129.0,24.13,False,False
Kepulauan Riau,31,2023,10,Oktober,10,Belanja Tidak Terduga,10000000000.0,2413029129.0,24.13,False,True
Kepulauan Riau,31,2023,11,November,11,Belanja Tidak Terduga,10000000000.0,2413029129.0,24.13,False,True
Kepulauan Riau,31,2023,12,Desember,12,Belanja Tidak Terduga,10000000000.0,2413029129.0,24.13,False,True
Kepulauan Riau,31,2024,1,Januari,13,Belanja Tidak Terduga,4500000000.0,0.0,0.0,False,False
Kepulauan Riau,31,2024,2,Februari,14,Belanja Tidak Terduga,4500000000.0,0.0,0.0,False,False
Kepulauan Riau,31,2024,3,Maret,15,Belanja Tidak Terduga,4500000000.0,0.0,0.0,False,False
Kepulauan Riau,31,2024,4,April,16,Belanja Tidak Terduga,4500000000.0,0.0,0.0,False,False
Kepulauan Riau,31,2024,5,Mei,17,Belanja Tidak Terduga,4500000000.0,1441217200.0,32.03,False,False
Kepulauan Riau,31,2024,6,Juni,18,Belanja Tidak Terduga,4500000000.0,1452279340.0,32.27,False,False
Kepulauan Riau,31,2024,7,Juli,19,Belanja Tidak Terduga,4500000000.0,1452279340.0,32.27,False,False
Kepulauan Riau,31,2024,8,Agustus,20,Belanja Tidak Terduga,4500000000.0,1616259340.0,35.92,False,False
Kepulauan Riau,31,2024,9,September,21,Belanja Tidak Terduga,4500000000.0,1616259340.0,35.92,False,False
Kepulauan Riau,31,2024,10,Oktober,22,Belanja Tidak Terduga,4500000000.0,1636284140.0,36.36,False,False
Kepulauan Riau,31,2024,11,November,23,Belanja Tidak Terduga,4500000000.0,1975423140.0,43.9,False,False
Kepulauan Riau,31,2024,12,Desember,24,Belanja Tidak Terduga,4500000000.0,2065423140.0,45.9,False,False
Kepulauan Riau,31,2025,1,Januari,25,Belanja Tidak Terduga,3781396903.6,0.0,0.0,True,False
Kepulauan Riau,31,2025,2,Februari,26,Belanja Tidak Terduga,3781396903.6,0.0,0.0,True,False
Kepulauan Riau,31,2025,3,Maret,27,Belanja Tidak Terduga,3781396903.6,0.0,0.0,True,False
Kepulauan Riau,31,2025,4,April,28,Belanja Tidak Terduga,3781396903.6,0.0,0.0,True,False
Kepulauan Riau,31,2025,5,Mei,29,Belanja Tidak Terduga,3781396903.6,0.0,0.0,True,False
Kepulauan Riau,31,2025,6,Juni,30,Belanja Tidak Terduga,3781396903.6,0.0,0.0,True,False
Kepulauan Riau,31,2025,7,Juli,31,Belanja Tidak Terduga,3781396903.6,0.0,0.0,True,False
Kepulauan Riau,31,2025,8,Agustus,32,Belanja Tidak Terduga,3781396903.6,0.0,0.0,True,False
Kepulauan Riau,31,2025,9,September,33,Belanja Tidak Terduga,3781396903.6,0.0,0.0,True,False
Kepulauan Riau,31,2025,10,Oktober,34,Belanja Tidak Terduga,3781396903.6,0.0,0.0,True,False
Kepulauan Riau,31,2025,11,November,35,Belanja Tidak Terduga,3781396903.6,0.0,0.0,True,False
Kepulauan Riau,31,2025,12,Desember,36,Belanja Tidak Terduga,3781396903.6,0.0,0.0,True,False
Kepulauan Riau,31,2026,1,Januari,37,Belanja Tidak Terduga,7087887937.16,0.0,0.0,True,False
Kepulauan Riau,31,2026,2,Februari,38,Belanja Tidak Terduga,7087887937.16,0.0,0.0,True,False
Kepulauan Riau,31,2026,3,Maret,39,Belanja Tidak Terduga,7087887937.16,0.0,0.0,True,False
Kepulauan Riau,31,2026,4,April,40,Belanja Tidak Terduga,7087887937.16,0.0,0.0,True,False
Kepulauan Riau,31,2026,5,Mei,41,Belanja Tidak Terduga,7087887937.16,0.0,0.0,True,False
Kepulauan Riau,31,2026,6,Juni,42,Belanja Tidak Terduga,7087887937.16,0.0,0.0,True,False
Kepulauan Riau,31,2026,7,Juli,43,Belanja Tidak Terduga,7087887937.16,0.0,0.0,True,False
Kepulauan Riau,31,2026,8,Agustus,44,Belanja Tidak Terduga,7087887937.16,0.0,0.0,True,False
Kepulauan Riau,31,2026,9,September,45,Belanja Tidak Terduga,7087887937.16,0.0,0.0,True,False
Kepulauan Riau,31,2026,10,Oktober,46,Belanja Tidak Terduga,7087887937.16,0.0,0.0,True,False
Kepulauan Riau,31,2026,11,November,47,Belanja Tidak Terduga,7087887937.16,0.0,0.0,True,False
Kepulauan Riau,31,2026,12,Desember,48,Belanja Tidak Terduga,7087887937.16,0.0,0.0,True,False
Kepulauan Riau,31,2023,1,Januari,1,Hasil Pengelolaan Kekayaan Daerah yang Dipisahkan,18300000000.0,0.0,0.0,True,False
Kepulauan Riau,31,2023,2,Februari,2,Hasil Pengelolaan Kekayaan Daerah yang Dipisahkan,18300000000.0,0.0,0.0,True,False
Kepulauan Riau,31,2023,3,Maret,3,Hasil Pengelolaan Kekayaan Daerah yang Dipisahkan,18300000000.0,0.0,0.0,True,False
Kepulauan Riau,31,2023,4,April,4,Hasil Pengelolaan Kekayaan Daerah yang Dipisahkan,18300000000.0,0.0,0.0,True,False
Kepulauan Riau,31,2023,5,Mei,5,Hasil Pengelolaan Kekayaan Daerah yang Dipisahkan,18300000000.0,0.0,0.0,True,False
Kepulauan Riau,31,2023,6,Juni,6,Hasil Pengelolaan Kekayaan Daerah yang Dipisahkan,18300000000.0,0.0,0.0,True,False
Kepulauan Riau,31,2023,7,Juli,7,Hasil Pengelolaan Kekayaan Daerah yang Dipisahkan,18300000000.0,0.0,0.0,True,False
Kepulauan Riau,31,2023,8,Agustus,8,Hasil Pengelolaan Kekayaan Daerah yang Dipisahkan,18300000000.0,0.0,0.0,True,False
Kepulauan Riau,31,2023,9,September,9,Hasil Pengelolaan Kekayaan Daerah yang Dipisahkan,18300000000.0,0.0,0.0,True,False
Kepulauan Riau,31,2023,10,Oktober,10,Hasil Pengelolaan Kekayaan Daerah yang Dipisahkan,18300000000.0,0.0,0.0,True,False
Kepulauan Riau,31,2023,11,November,11,Hasil Pengelolaan Kekayaan Daerah yang Dipisahkan,18300000000.0,0.0,0.0,True,False
Kepulauan Riau,31,2023,12,Desember,12,Hasil Pengelolaan Kekayaan Daerah yang Dipisahkan,18300000000.0,0.0,0.0,True,False
Kepulauan Riau,31,2024,1,Januari,13,Hasil Pengelolaan Kekayaan Daerah yang Dipisahkan,36250000000.0,0.0,0.0,False,False
Kepulauan Riau,31,2024,2,Februari,14,Hasil Pengelolaan Kekayaan Daerah yang Dipisahkan,36250000000.0,0.0,0.0,False,False
Kepulauan Riau,31,2024,3,Maret,15,Hasil Pengelolaan Kekayaan Daerah yang Dipisahkan,36250000000.0,0.0,0.0,False,False
Kepulauan Riau,31,2024,4,April,16,Hasil Pengelolaan Kekayaan Daerah yang Dipisahkan,36250000000.0,0.0,0.0,False,False
Kepulauan Riau,31,2024,5,Mei,17,Hasil Pengelolaan Kekayaan Daerah yang Dipisahkan,36250000000.0,0.0,0.0,False,False
Kepulauan Riau,31,2024,6,Juni,18,Hasil Pengelolaan Kekayaan Daerah yang Dipisahkan,36250000000.0,0.0,0.0,False,False
Kepulauan Riau,31,2024,7,Juli,19,Hasil Pengelolaan Kekayaan Daerah yang Dipisahkan,36250000000.0,1904909335.0,5.25,False,False
Kepulauan Riau,31,2024,8,Agustus,20,Hasil Pengelolaan Kekayaan Daerah yang Dipisahkan,36250000000.0,1904909335.0,5.25,False,True
Kepulauan Riau,31,2024,9,September,21,Hasil Pengelolaan Kekayaan Daerah yang Dipisahkan,36250000000.0,1904909335.0,5.25,False,True
Kepulauan Riau,31,2024,10,Oktober,22,Hasil Pengelolaan Kekayaan Daerah yang Dipisahkan,36250000000.0,1904909335.0,5.25,False,True
Kepulauan Riau,31,2024,11,November,23,Hasil Pengelolaan Kekayaan Daerah yang Dipisahkan,36250000000.0,1904909335.0,5.25,False,True
Kepulauan Riau,31,2024,12,Desember,24,Hasil Pengelolaan Kekayaan Daerah yang Dipisahkan,36250000000.0,1904909335.0,5.25,False,True
Kepulauan Riau,31,2025,1,Januari,25,Hasil Pengelolaan Kekayaan Daerah yang Dipisahkan,3100000000.0,0.0,0.0,False,False
Kepulauan Riau,31,2025,2,Februari,26,Hasil Pengelolaan Kekayaan Daerah yang Dipisahkan,3100000000.0,0.0,0.0,False,False
Kepulauan Riau,31,2025,3,Maret,27,Hasil Pengelolaan Kekayaan Daerah yang Dipisahkan,3100000000.0,0.0,0.0,False,False
Kepulauan Riau,31,2025,4,April,28,Hasil Pengelolaan Kekayaan Daerah yang Dipisahkan,3100000000.0,0.0,0.0,False,False
Kepulauan Riau,31,2025,5,Mei,29,Hasil Pengelolaan Kekayaan Daerah yang Dipisahkan,3100000000.0,2275536541.0,73.4,False,False
Kepulauan Riau,31,2025,6,Juni,30,Hasil Pengelolaan Kekayaan Daerah yang Dipisahkan,3100000000.0,2275536541.0,73.4,False,True
Kepulauan Riau,31,2025,7,Juli,31,Hasil Pengelolaan Kekayaan Daerah yang Dipisahkan,3100000000.0,2275536541.0,73.4,False,True
Kepulauan Riau,31,2025,8,Agustus,32,Hasil Pengelolaan Kekayaan Daerah yang Dipisahkan,3100000000.0,2275536541.0,73.4,False,True
Kepulauan Riau,31,2025,9,September,33,Hasil Pengelolaan Kekayaan Daerah yang Dipisahkan,3100000000.0,2275536541.0,73.4,False,True
Kepulauan Riau,31,2025,10,Oktober,34,Hasil Pengelolaan Kekayaan Daerah yang Dipisahkan,3100000000.0,2275536541.0,73.4,False,True
Kepulauan Riau,31,2025,11,November,35,Hasil Pengelolaan Kekayaan Daerah yang Dipisahkan,3100000000.0,2275536541.0,73.4,False,True
Kepulauan Riau,31,2025,12,Desember,36,Hasil Pengelolaan Kekayaan Daerah yang Dipisahkan,3100000000.0,2275536541.0,73.4,False,True
Kepulauan Riau,31,2026,1,Januari,37,Hasil Pengelolaan Kekayaan Daerah yang Dipisahkan,4000000000.0,0.0,0.0,False,False
Kepulauan Riau,31,2026,2,Februari,38,Hasil Pengelolaan Kekayaan Daerah yang Dipisahkan,4000000000.0,0.0,0.0,False,False
Kepulauan Riau,31,2026,3,Maret,39,Hasil Pengelolaan Kekayaan Daerah yang Dipisahkan,4000000000.0,0.0,0.0,False,False
Kepulauan Riau,31,2026,4,April,40,Hasil Pengelolaan Kekayaan Daerah yang Dipisahkan,4000000000.0,0.0,0.0,False,False
Kepulauan Riau,31,2026,5,Mei,41,Hasil Pengelolaan Kekayaan Daerah yang Dipisahkan,4000000000.0,0.0,0.0,False,False
Kepulauan Riau,31,2026,6,Juni,42,Hasil Pengelolaan Kekayaan Daerah yang Dipisahkan,4000000000.0,2057360572.0,51.43,False,False
Kepulauan Riau,31,2026,7,Juli,43,Hasil Pengelolaan Kekayaan Daerah yang Dipisahkan,4000000000.0,2057360572.0,51.43,False,True
Kepulauan Riau,31,2026,8,Agustus,44,Hasil Pengelolaan Kekayaan Daerah yang Dipisahkan,4000000000.0,2057360572.0,51.43,False,True
Kepulauan Riau,31,2026,9,September,45,Hasil Pengelolaan Kekayaan Daerah yang Dipisahkan,4000000000.0,2057360572.0,51.43,False,True
Kepulauan Riau,31,2026,10,Oktober,46,Hasil Pengelolaan Kekayaan Daerah yang Dipisahkan,4000000000.0,2057360572.0,51.43,False,True
Kepulauan Riau,31,2026,11,November,47,Hasil Pengelolaan Kekayaan Daerah yang Dipisahkan,4000000000.0,2057360572.0,51.43,False,True
Kepulauan Riau,31,2026,12,Desember,48,Hasil Pengelolaan Kekayaan Daerah yang Dipisahkan,4000000000.0,2057360572.0,51.43,False,True
Kepulauan Riau,31,2023,1,Januari,1,Lain-Lain PAD yang Sah,135075000000.0,2414185794.61,1.79,False,False
Kepulauan Riau,31,2023,2,Februari,2,Lain-Lain PAD yang Sah,135075000000.0,4937962977.81,3.66,False,False
Kepulauan Riau,31,2023,3,Maret,3,Lain-Lain PAD yang Sah,135075000000.0,25282012959.09,18.72,False,False
Kepulauan Riau,31,2023,4,April,4,Lain-Lain PAD yang Sah,135075000000.0,27492619117.44,20.35,False,False
Kepulauan Riau,31,2023,5,Mei,5,Lain-Lain PAD yang Sah,135075000000.0,27492619117.44,20.35,False,False
Kepulauan Riau,31,2023,6,Juni,6,Lain-Lain PAD yang Sah,135075000000.0,50875274690.35,37.66,False,False
Kepulauan Riau,31,2023,7,Juli,7,Lain-Lain PAD yang Sah,135075000000.0,53375910969.01,39.52,False,False
Kepulauan Riau,31,2023,8,Agustus,8,Lain-Lain PAD yang Sah,135075000000.0,56178544033.85,41.59,False,False
Kepulauan Riau,31,2023,9,September,9,Lain-Lain PAD yang Sah,135075000000.0,92523301002.53,68.5,False,False
Kepulauan Riau,31,2023,10,Oktober,10,Lain-Lain PAD yang Sah,135075000000.0,93878963705.59,69.5,False,False
Kepulauan Riau,31,2023,11,November,11,Lain-Lain PAD yang Sah,135075000000.0,95341323174.91,70.58,False,False
Kepulauan Riau,31,2023,12,Desember,12,Lain-Lain PAD yang Sah,135075000000.0,158370007342.24,117.25,False,False
Kepulauan Riau,31,2024,1,Januari,13,Lain-Lain PAD yang Sah,92364477084.0,2056694920.3,2.23,False,False
Kepulauan Riau,31,2024,2,Februari,14,Lain-Lain PAD yang Sah,92364477084.0,4573096803.78,4.95,False,False
Kepulauan Riau,31,2024,3,Maret,15,Lain-Lain PAD yang Sah,92364477084.0,7763910827.86,8.41,False,False
Kepulauan Riau,31,2024,4,April,16,Lain-Lain PAD yang Sah,92364477084.0,12618588643.93,13.66,False,False
Kepulauan Riau,31,2024,5,Mei,17,Lain-Lain PAD yang Sah,92364477084.0,15779401551.42,17.08,False,False
Kepulauan Riau,31,2024,6,Juni,18,Lain-Lain PAD yang Sah,92364477084.0,19957938522.0,21.61,False,False
Kepulauan Riau,31,2024,7,Juli,19,Lain-Lain PAD yang Sah,92364477084.0,23086459856.33,24.99,False,False
Kepulauan Riau,31,2024,8,Agustus,20,Lain-Lain PAD yang Sah,92364477084.0,24342785906.76,26.36,False,False
Kepulauan Riau,31,2024,9,September,21,Lain-Lain PAD yang Sah,92364477084.0,24863702431.83,26.92,False,False
Kepulauan Riau,31,2024,10,Oktober,22,Lain-Lain PAD yang Sah,92364477084.0,28908999636.74,31.3,False,False
Kepulauan Riau,31,2024,11,November,23,Lain-Lain PAD yang Sah,92364477084.0,30177125219.0,32.67,False,False
Kepulauan Riau,31,2024,12,Desember,24,Lain-Lain PAD yang Sah,92364477084.0,52566226972.38,56.91,False,False
Kepulauan Riau,31,2025,1,Januari,25,Lain-Lain PAD yang Sah,115484556088.19,17724739903.48,15.35,False,False
Kepulauan Riau,31,2025,2,Februari,26,Lain-Lain PAD yang Sah,115484556088.19,19963812190.05,17.29,False,False
Kepulauan Riau,31,2025,3,Maret,27,Lain-Lain PAD yang Sah,115484556088.19,43852617038.15,37.97,False,False
Kepulauan Riau,31,2025,4,April,28,Lain-Lain PAD yang Sah,115484556088.19,100407926795.68,86.94,False,False
Kepulauan Riau,31,2025,5,Mei,29,Lain-Lain PAD yang Sah,115484556088.19,103530584806.91,89.65,False,False
Kepulauan Riau,31,2025,6,Juni,30,Lain-Lain PAD yang Sah,115484556088.19,101644802376.83,88.02,False,False
Kepulauan Riau,31,2025,7,Juli,31,Lain-Lain PAD yang Sah,115484556088.19,107877133794.98,93.41,False,False
Kepulauan Riau,31,2025,8,Agustus,32,Lain-Lain PAD yang Sah,115484556088.19,108449808004.31,93.91,False,False
Kepulauan Riau,31,2025,9,September,33,Lain-Lain PAD yang Sah,115484556088.19,119543174300.96,103.51,False,False
Kepulauan Riau,31,2025,10,Oktober,34,Lain-Lain PAD yang Sah,115484556088.19,120930415168.0,104.72,False,False
Kepulauan Riau,31,2025,11,November,35,Lain-Lain PAD yang Sah,115484556088.19,121842764837.38,105.51,False,False
Kepulauan Riau,31,2025,12,Desember,36,Lain-Lain PAD yang Sah,115484556088.19,115258171423.39,99.8,False,False
Kepulauan Riau,31,2026,1,Januari,37,Lain-Lain PAD yang Sah,53184847920.0,1307312257.52,2.46,False,False
Kepulauan Riau,31,2026,2,Februari,38,Lain-Lain PAD yang Sah,53184847920.0,2755865566.36,5.18,False,False
Kepulauan Riau,31,2026,3,Maret,39,Lain-Lain PAD yang Sah,53184847920.0,4111741968.45,7.73,False,False
Kepulauan Riau,31,2026,4,April,40,Lain-Lain PAD yang Sah,53184847920.0,5803324565.25,10.91,False,False
Kepulauan Riau,31,2026,5,Mei,41,Lain-Lain PAD yang Sah,53184847920.0,7305952351.38,13.74,False,False
Kepulauan Riau,31,2026,6,Juni,42,Lain-Lain PAD yang Sah,53184847920.0,8958983714.17,16.84,False,False
Kepulauan Riau,31,2026,7,Juli,43,Lain-Lain PAD yang Sah,53184847920.0,10647419856.43,20.02,False,False
Kepulauan Riau,31,2026,8,Agustus,44,Lain-Lain PAD yang Sah,53184847920.0,11199016162.7,21.06,False,False
Kepulauan Riau,31,2026,9,September,45,Lain-Lain PAD yang Sah,53184847920.0,11199022812.7,21.06,False,True
Kepulauan Riau,31,2026,10,Oktober,46,Lain-Lain PAD yang Sah,53184847920.0,11199022812.7,21.06,False,True
Kepulauan Riau,31,2026,11,November,47,Lain-Lain PAD yang Sah,53184847920.0,11199022812.7,21.06,False,True
Kepulauan Riau,31,2026,12,Desember,48,Lain-Lain PAD yang Sah,53184847920.0,11199022812.7,21.06,False,True
Kepulauan Riau,31,2025,1,Januari,25,Lain-lain Pendapatan Sesuai dengan Ketentuan Peraturan Perundang-Undangan,0.0,0.0,0.0,True,False
Kepulauan Riau,31,2025,2,Februari,26,Lain-lain Pendapatan Sesuai dengan Ketentuan Peraturan Perundang-Undangan,0.0,0.0,0.0,True,False
Kepulauan Riau,31,2025,3,Maret,27,Lain-lain Pendapatan Sesuai dengan Ketentuan Peraturan Perundang-Undangan,0.0,0.0,0.0,True,False
Kepulauan Riau,31,2025,4,April,28,Lain-lain Pendapatan Sesuai dengan Ketentuan Peraturan Perundang-Undangan,0.0,0.0,0.0,True,False
Kepulauan Riau,31,2025,5,Mei,29,Lain-lain Pendapatan Sesuai dengan Ketentuan Peraturan Perundang-Undangan,0.0,0.0,0.0,True,False
Kepulauan Riau,31,2025,6,Juni,30,Lain-lain Pendapatan Sesuai dengan Ketentuan Peraturan Perundang-Undangan,0.0,0.0,0.0,True,False
Kepulauan Riau,31,2025,7,Juli,31,Lain-lain Pendapatan Sesuai dengan Ketentuan Peraturan Perundang-Undangan,0.0,0.0,0.0,True,False
Kepulauan Riau,31,2025,8,Agustus,32,Lain-lain Pendapatan Sesuai dengan Ketentuan Peraturan Perundang-Undangan,0.0,0.0,0.0,True,False
Kepulauan Riau,31,2025,9,September,33,Lain-lain Pendapatan Sesuai dengan Ketentuan Peraturan Perundang-Undangan,0.0,0.0,0.0,True,False
Kepulauan Riau,31,2025,10,Oktober,34,Lain-lain Pendapatan Sesuai dengan Ketentuan Peraturan Perundang-Undangan,0.0,0.0,0.0,True,False
Kepulauan Riau,31,2025,11,November,35,Lain-lain Pendapatan Sesuai dengan Ketentuan Peraturan Perundang-Undangan,0.0,0.0,0.0,True,False
Kepulauan Riau,31,2025,12,Desember,36,Lain-lain Pendapatan Sesuai dengan Ketentuan Peraturan Perundang-Undangan,0.0,0.0,0.0,True,False
Kepulauan Riau,31,2023,1,Januari,1,PAD,1518211727009.0,116431607993.61,7.67,False,False
Kepulauan Riau,31,2023,2,Februari,2,PAD,1518211727009.0,228304914926.81,15.04,False,False
Kepulauan Riau,31,2023,3,Maret,3,PAD,1518211727009.0,360903761930.09,23.77,False,False
Kepulauan Riau,31,2023,4,April,4,PAD,1518211727009.0,530289621686.44,34.93,False,False
Kepulauan Riau,31,2023,5,Mei,5,PAD,1518211727009.0,530289621686.44,34.93,False,False
Kepulauan Riau,31,2023,6,Juni,6,PAD,1518211727009.0,672643827267.35,44.31,False,False
Kepulauan Riau,31,2023,7,Juli,7,PAD,1518211727009.0,827156918109.01,54.48,False,False
Kepulauan Riau,31,2023,8,Agustus,8,PAD,1518211727009.0,959517116529.85,63.2,False,False
Kepulauan Riau,31,2023,9,September,9,PAD,1518211727009.0,1123996926638.5,74.03,False,False
Kepulauan Riau,31,2023,10,Oktober,10,PAD,1518211727009.0,1312148234641.6,86.43,False,False
Kepulauan Riau,31,2023,11,November,11,PAD,1518211727009.0,1459079477131.9,96.11,False,False
Kepulauan Riau,31,2023,12,Desember,12,PAD,1518211727009.0,1669080159043.2,109.94,False,False
Kepulauan Riau,31,2024,1,Januari,13,PAD,2003905972493.0,145914654056.3,7.28,False,False
Kepulauan Riau,31,2024,2,Februari,14,PAD,2003905972493.0,264541079872.78,13.2,False,False
Kepulauan Riau,31,2024,3,Maret,15,PAD,2003905972493.0,398623168036.86,19.89,False,False
Kepulauan Riau,31,2024,4,April,16,PAD,2003905972493.0,607605534465.93,30.32,False,False
Kepulauan Riau,31,2024,5,Mei,17,PAD,2003905972493.0,756374684301.22,37.75,False,False
Kepulauan Riau,31,2024,6,Juni,18,PAD,2003905972493.0,845355441497.0,42.19,False,False
Kepulauan Riau,31,2024,7,Juli,19,PAD,2003905972493.0,1105976098192.6,55.19,False,False
Kepulauan Riau,31,2024,8,Agustus,20,PAD,2003905972493.0,1253537280134.1,62.55,False,False
Kepulauan Riau,31,2024,9,September,21,PAD,2003905972493.0,1404587995476.1,70.09,False,False
Kepulauan Riau,31,2024,10,Oktober,22,PAD,2003905972493.0,1607278094073.0,80.21,False,False
Kepulauan Riau,31,2024,11,November,23,PAD,2003905972493.0,1754914311404.3,87.57,False,False
Kepulauan Riau,31,2024,12,Desember,24,PAD,2003905972493.0,1980461763464.7,98.83,False,False
Kepulauan Riau,31,2025,1,Januari,25,PAD,1904763732160.4,188808327688.48,9.91,False,False
Kepulauan Riau,31,2025,2,Februari,26,PAD,1904763732160.4,287700852899.15,15.1,False,False
Kepulauan Riau,31,2025,3,Maret,27,PAD,1904763732160.4,419312815669.75,22.01,False,False
Kepulauan Riau,31,2025,4,April,28,PAD,1904763732160.4,658317008460.28,34.56,False,False
Kepulauan Riau,31,2025,5,Mei,29,PAD,1904763732160.4,766546730559.51,40.24,False,False
Kepulauan Riau,31,2025,6,Juni,30,PAD,1904763732160.4,870972842947.43,45.73,False,False
Kepulauan Riau,31,2025,7,Juli,31,PAD,1904763732160.4,1049608534666.6,55.1,False,False
Kepulauan Riau,31,2025,8,Agustus,32,PAD,1904763732160.4,1170990907582.9,61.48,False,False
Kepulauan Riau,31,2025,9,September,33,PAD,1904763732160.4,1299749943230.6,68.24,False,False
Kepulauan Riau,31,2025,10,Oktober,34,PAD,1904763732160.4,1470516338319.6,77.2,False,False
Kepulauan Riau,31,2025,11,November,35,PAD,1904763732160.4,1585621373327.0,83.25,False,False
Kepulauan Riau,31,2025,12,Desember,36,PAD,1904763732160.4,1736336133204.9,91.16,False,False
Kepulauan Riau,31,2026,1,Januari,37,PAD,1844251902410.0,116778955501.52,6.33,False,False
Kepulauan Riau,31,2026,2,Februari,38,PAD,1844251902410.0,232565372173.36,12.61,False,False
Kepulauan Riau,31,2026,3,Maret,39,PAD,1844251902410.0,348039295799.45,18.87,False,False
Kepulauan Riau,31,2026,4,April,40,PAD,1844251902410.0,535028496890.25,29.01,False,False
Kepulauan Riau,31,2026,5,Mei,41,PAD,1844251902410.0,671921973829.06,36.43,False,False
Kepulauan Riau,31,2026,6,Juni,42,PAD,1844251902410.0,793627388242.85,43.03,False,False
Kepulauan Riau,31,2026,7,Juli,43,PAD,1844251902410.0,969785495227.11,52.58,False,False
Kepulauan Riau,31,2026,8,Agustus,44,PAD,1844251902410.0,1112335551359.9,60.31,False,False
Kepulauan Riau,31,2026,9,September,45,PAD,1844251902410.0,1121851001726.9,60.83,False,False
Kepulauan Riau,31,2026,10,Oktober,46,PAD,1844251902410.0,1121851001726.9,60.83,False,True
Kepulauan Riau,31,2026,11,November,47,PAD,1844251902410.0,1121851001726.9,60.83,False,True
Kepulauan Riau,31,2026,12,Desember,48,PAD,1844251902410.0,1121851001726.9,60.83,False,True
Kepulauan Riau,31,2023,1,Januari,1,Pajak Daerah,1348177895755.0,113209084963.0,8.4,False,False
Kepulauan Riau,31,2023,2,Februari,2,Pajak Daerah,1348177895755.0,220911064344.0,16.39,False,False
Kepulauan Riau,31,2023,3,Maret,3,Pajak Daerah,1348177895755.0,332633297308.0,24.67,False,False
Kepulauan Riau,31,2023,4,April,4,Pajak Daerah,1348177895755.0,499475163949.0,37.05,False,False
Kepulauan Riau,31,2023,5,Mei,5,Pajak Daerah,1348177895755.0,499475163949.0,37.05,False,False
Kepulauan Riau,31,2023,6,Juni,6,Pajak Daerah,1348177895755.0,617973062486.0,45.84,False,False
Kepulauan Riau,31,2023,7,Juli,7,Pajak Daerah,1348177895755.0,769331201491.0,57.06,False,False
Kepulauan Riau,31,2023,8,Agustus,8,Pajak Daerah,1348177895755.0,898293509802.0,66.63,False,False
Kepulauan Riau,31,2023,9,September,9,Pajak Daerah,1348177895755.0,1025766967115.0,76.09,False,False
Kepulauan Riau,31,2023,10,Oktober,10,Pajak Daerah,1348177895755.0,1211101013747.0,89.83,False,False
Kepulauan Riau,31,2023,11,November,11,Pajak Daerah,1348177895755.0,1352938847377.0,100.35,False,False
Kepulauan Riau,31,2023,12,Desember,12,Pajak Daerah,1348177895755.0,1499150394470.0,111.2,False,False
Kepulauan Riau,31,2024,1,Januari,13,Pajak Daerah,1719323174655.0,132191952121.0,7.69,False,False
Kepulauan Riau,31,2024,2,Februari,14,Pajak Daerah,1719323174655.0,244526694935.0,14.22,False,False
Kepulauan Riau,31,2024,3,Maret,15,Pajak Daerah,1719323174655.0,361881222071.0,21.05,False,False
Kepulauan Riau,31,2024,4,April,16,Pajak Daerah,1719323174655.0,553427547450.0,32.19,False,False
Kepulauan Riau,31,2024,5,Mei,17,Pajak Daerah,1719323174655.0,684983718901.0,39.84,False,False
Kepulauan Riau,31,2024,6,Juni,18,Pajak Daerah,1719323174655.0,818642224937.0,47.61,False,False
Kepulauan Riau,31,2024,7,Juli,19,Pajak Daerah,1719323174655.0,991568793816.0,57.67,False,False
Kepulauan Riau,31,2024,8,Agustus,20,Pajak Daerah,1719323174655.0,1132671393434.0,65.88,False,False
Kepulauan Riau,31,2024,9,September,21,Pajak Daerah,1719323174655.0,1269572933438.0,73.84,False,False
Kepulauan Riau,31,2024,10,Oktober,22,Pajak Daerah,1719323174655.0,1453786187438.0,84.56,False,False
Kepulauan Riau,31,2024,11,November,23,Pajak Daerah,1719323174655.0,1588132794904.0,92.37,False,False
Kepulauan Riau,31,2024,12,Desember,24,Pajak Daerah,1719323174655.0,1777704385140.0,103.4,False,False
Kepulauan Riau,31,2025,1,Januari,25,Pajak Daerah,1617238624316.0,157498037573.0,9.74,False,False
Kepulauan Riau,31,2025,2,Februari,26,Pajak Daerah,1617238624316.0,241740638568.1,14.95,False,False
Kepulauan Riau,31,2025,3,Maret,27,Pajak Daerah,1617238624316.0,336133196469.6,20.78,False,False
Kepulauan Riau,31,2025,4,April,28,Pajak Daerah,1617238624316.0,505038499126.6,31.23,False,False
Kepulauan Riau,31,2025,5,Mei,29,Pajak Daerah,1617238624316.0,594481675227.6,36.76,False,False
Kepulauan Riau,31,2025,6,Juni,30,Pajak Daerah,1617238624316.0,690333193366.6,42.69,False,False
Kepulauan Riau,31,2025,7,Juli,31,Pajak Daerah,1617238624316.0,845998334159.6,52.31,False,False
Kepulauan Riau,31,2025,8,Agustus,32,Pajak Daerah,1617238624316.0,951538134847.6,58.84,False,False
Kepulauan Riau,31,2025,9,September,33,Pajak Daerah,1617238624316.0,1054617716634.6,65.21,False,False
Kepulauan Riau,31,2025,10,Oktober,34,Pajak Daerah,1617238624316.0,1202498859797.6,74.36,False,False
Kepulauan Riau,31,2025,11,November,35,Pajak Daerah,1617238624316.0,1312871525650.6,81.18,False,False
Kepulauan Riau,31,2025,12,Desember,36,Pajak Daerah,1617238624316.0,1447285058158.5,89.49,False,False
Kepulauan Riau,31,2026,1,Januari,37,Pajak Daerah,1579577455907.0,111512730411.0,7.06,False,False
Kepulauan Riau,31,2026,2,Februari,38,Pajak Daerah,1579577455907.0,212324475772.0,13.44,False,False
Kepulauan Riau,31,2026,3,Maret,39,Pajak Daerah,1579577455907.0,303569330665.0,19.22,False,False
Kepulauan Riau,31,2026,4,April,40,Pajak Daerah,1579577455907.0,476295375288.0,30.15,False,False
Kepulauan Riau,31,2026,5,Mei,41,Pajak Daerah,1579577455907.0,596166031427.68,37.74,False,False
Kepulauan Riau,31,2026,6,Juni,42,Pajak Daerah,1579577455907.0,707277937222.68,44.78,False,False
Kepulauan Riau,31,2026,7,Juli,43,Pajak Daerah,1579577455907.0,870530321000.68,55.11,False,False
Kepulauan Riau,31,2026,8,Agustus,44,Pajak Daerah,1579577455907.0,999839963829.18,63.3,False,False
Kepulauan Riau,31,2026,9,September,45,Pajak Daerah,1579577455907.0,1000407515127.2,63.33,False,False
Kepulauan Riau,31,2026,10,Oktober,46,Pajak Daerah,1579577455907.0,1000407515127.2,63.33,False,True
Kepulauan Riau,31,2026,11,November,47,Pajak Daerah,1579577455907.0,1000407515127.2,63.33,False,True
Kepulauan Riau,31,2026,12,Desember,48,Pajak Daerah,1579577455907.0,1000407515127.2,63.33,False,True
Kepulauan Riau,31,2023,1,Januari,1,Pendapatan Daerah,4019425727463.0,281661440593.61,7.01,False,False
Kepulauan Riau,31,2023,2,Februari,2,Pendapatan Daerah,4019425727463.0,566275073471.81,14.09,False,False
Kepulauan Riau,31,2023,3,Maret,3,Pendapatan Daerah,4019425727463.0,813829100069.09,20.25,False,False
Kepulauan Riau,31,2023,4,April,4,Pendapatan Daerah,4019425727463.0,1115097875077.4,27.74,False,False
Kepulauan Riau,31,2023,5,Mei,5,Pendapatan Daerah,4019425727463.0,1115097875077.4,27.74,False,False
Kepulauan Riau,31,2023,6,Juni,6,Pendapatan Daerah,4019425727463.0,1466583317092.4,36.49,False,False
Kepulauan Riau,31,2023,7,Juli,7,Pendapatan Daerah,4019425727463.0,1817207637684.0,45.21,False,False
Kepulauan Riau,31,2023,8,Agustus,8,Pendapatan Daerah,4019425727463.0,2191394850104.9,54.52,False,False
Kepulauan Riau,31,2023,9,September,9,Pendapatan Daerah,4019425727463.0,2467361193508.5,61.39,False,False
Kepulauan Riau,31,2023,10,Oktober,10,Pendapatan Daerah,4019425727463.0,2929721371498.6,72.89,False,False
Kepulauan Riau,31,2023,11,November,11,Pendapatan Daerah,4019425727463.0,3225239815909.9,80.24,False,False
Kepulauan Riau,31,2023,12,Desember,12,Pendapatan Daerah,4019425727463.0,3866751901526.2,96.2,False,False
Kepulauan Riau,31,2024,1,Januari,13,Pendapatan Daerah,4430308495373.0,323989816256.3,7.31,False,False
Kepulauan Riau,31,2024,2,Februari,14,Pendapatan Daerah,4430308495373.0,646589547528.78,14.59,False,False
Kepulauan Riau,31,2024,3,Maret,15,Pendapatan Daerah,4430308495373.0,897514997272.86,20.26,False,False
Kepulauan Riau,31,2024,4,April,16,Pendapatan Daerah,4430308495373.0,1227707725801.9,27.71,False,False
Kepulauan Riau,31,2024,5,Mei,17,Pendapatan Daerah,4430308495373.0,1501964806180.2,33.9,False,False
Kepulauan Riau,31,2024,6,Juni,18,Pendapatan Daerah,4430308495373.0,1760088382141.0,39.73,False,False
Kepulauan Riau,31,2024,7,Juli,19,Pendapatan Daerah,4430308495373.0,2166032798892.6,48.89,False,False
Kepulauan Riau,31,2024,8,Agustus,20,Pendapatan Daerah,4430308495373.0,2557396058839.1,57.73,False,False
Kepulauan Riau,31,2024,9,September,21,Pendapatan Daerah,4430308495373.0,2916864044531.1,65.84,False,False
Kepulauan Riau,31,2024,10,Oktober,22,Pendapatan Daerah,4430308495373.0,3324170089268.0,75.03,False,False
Kepulauan Riau,31,2024,11,November,23,Pendapatan Daerah,4430308495373.0,3653479954316.3,82.47,False,False
Kepulauan Riau,31,2024,12,Desember,24,Pendapatan Daerah,4430308495373.0,3958295361262.7,89.35,False,False
Kepulauan Riau,31,2025,1,Januari,25,Pendapatan Daerah,3911090437462.4,463912398170.48,11.86,False,False
Kepulauan Riau,31,2025,2,Februari,26,Pendapatan Daerah,3911090437462.4,654987307800.71,16.75,False,False
Kepulauan Riau,31,2025,3,Maret,27,Pendapatan Daerah,3911090437462.4,901570820616.82,23.05,False,False
Kepulauan Riau,31,2025,4,April,28,Pendapatan Daerah,3911090437462.4,1234502850880.4,31.56,False,False
Kepulauan Riau,31,2025,5,Mei,29,Pendapatan Daerah,3911090437462.4,1450161932422.1,37.08,False,False
Kepulauan Riau,31,2025,6,Juni,30,Pendapatan Daerah,3911090437462.4,1711031695886.4,43.75,False,False
Kepulauan Riau,31,2025,7,Juli,31,Pendapatan Daerah,3911090437462.4,2034547669895.1,52.02,False,False
Kepulauan Riau,31,2025,8,Agustus,32,Pendapatan Daerah,3911090437462.4,2533024867430.5,64.77,False,False
Kepulauan Riau,31,2025,9,September,33,Pendapatan Daerah,3911090437462.4,2798090112965.1,71.54,False,False
Kepulauan Riau,31,2025,10,Oktober,34,Pendapatan Daerah,3911090437462.4,3199617313718.2,81.81,False,False
Kepulauan Riau,31,2025,11,November,35,Pendapatan Daerah,3911090437462.4,3479130989378.6,88.96,False,False
Kepulauan Riau,31,2025,12,Desember,36,Pendapatan Daerah,3911090437462.4,3712434360163.5,94.92,False,False
Kepulauan Riau,31,2026,1,Januari,37,Pendapatan Daerah,3315655778935.0,381817508301.52,11.52,False,False
Kepulauan Riau,31,2026,2,Februari,38,Pendapatan Daerah,3315655778935.0,612574503173.36,18.48,False,False
Kepulauan Riau,31,2026,3,Maret,39,Pendapatan Daerah,3315655778935.0,830463428299.45,25.05,False,False
Kepulauan Riau,31,2026,4,April,40,Pendapatan Daerah,3315655778935.0,1127230223192.2,34.0,False,False
Kepulauan Riau,31,2026,5,Mei,41,Pendapatan Daerah,3315655778935.0,1362876558320.1,41.1,False,False
Kepulauan Riau,31,2026,6,Juni,42,Pendapatan Daerah,3315655778935.0,1579030157583.9,47.62,False,False
Kepulauan Riau,31,2026,7,Juli,43,Pendapatan Daerah,3315655778935.0,1858292373468.1,56.05,False,False
Kepulauan Riau,31,2026,8,Agustus,44,Pendapatan Daerah,3315655778935.0,2033810085795.9,61.34,False,False
Kepulauan Riau,31,2026,9,September,45,Pendapatan Daerah,3315655778935.0,2043325536162.9,61.63,False,False
Kepulauan Riau,31,2026,10,Oktober,46,Pendapatan Daerah,3315655778935.0,2043325536162.9,61.63,False,True
Kepulauan Riau,31,2026,11,November,47,Pendapatan Daerah,3315655778935.0,2043325536162.9,61.63,False,True
Kepulauan Riau,31,2026,12,Desember,48,Pendapatan Daerah,3315655778935.0,2043325536162.9,61.63,False,True
Kepulauan Riau,31,2023,1,Januari,1,Pendapatan Hibah,1324102500.0,0.0,0.0,False,False
Kepulauan Riau,31,2023,2,Februari,2,Pendapatan Hibah,1324102500.0,0.0,0.0,False,False
Kepulauan Riau,31,2023,3,Maret,3,Pendapatan Hibah,1324102500.0,0.0,0.0,False,False
Kepulauan Riau,31,2023,4,April,4,Pendapatan Hibah,1324102500.0,0.0,0.0,False,False
Kepulauan Riau,31,2023,5,Mei,5,Pendapatan Hibah,1324102500.0,0.0,0.0,False,False
Kepulauan Riau,31,2023,6,Juni,6,Pendapatan Hibah,1324102500.0,0.0,0.0,False,False
Kepulauan Riau,31,2023,7,Juli,7,Pendapatan Hibah,1324102500.0,639360000.0,48.29,False,False
Kepulauan Riau,31,2023,8,Agustus,8,Pendapatan Hibah,1324102500.0,745920000.0,56.33,False,False
Kepulauan Riau,31,2023,9,September,9,Pendapatan Hibah,1324102500.0,852480000.0,64.38,False,False
Kepulauan Riau,31,2023,10,Oktober,10,Pendapatan Hibah,1324102500.0,959040000.0,72.43,False,False
Kepulauan Riau,31,2023,11,November,11,Pendapatan Hibah,1324102500.0,1065600000.0,80.48,False,False
Kepulauan Riau,31,2023,12,Desember,12,Pendapatan Hibah,1324102500.0,1278720000.0,96.57,False,False
Kepulauan Riau,31,2024,1,Januari,13,Pendapatan Hibah,4124102500.0,0.0,0.0,False,False
Kepulauan Riau,31,2024,2,Februari,14,Pendapatan Hibah,4124102500.0,0.0,0.0,False,False
Kepulauan Riau,31,2024,3,Maret,15,Pendapatan Hibah,4124102500.0,0.0,0.0,False,False
Kepulauan Riau,31,2024,4,April,16,Pendapatan Hibah,4124102500.0,0.0,0.0,False,False
Kepulauan Riau,31,2024,5,Mei,17,Pendapatan Hibah,4124102500.0,0.0,0.0,False,False
Kepulauan Riau,31,2024,6,Juni,18,Pendapatan Hibah,4124102500.0,0.0,0.0,False,False
Kepulauan Riau,31,2024,7,Juli,19,Pendapatan Hibah,4124102500.0,0.0,0.0,False,False
Kepulauan Riau,31,2024,8,Agustus,20,Pendapatan Hibah,4124102500.0,0.0,0.0,False,False
Kepulauan Riau,31,2024,9,September,21,Pendapatan Hibah,4124102500.0,861800000.0,20.9,False,False
Kepulauan Riau,31,2024,10,Oktober,22,Pendapatan Hibah,4124102500.0,969525000.0,23.51,False,False
Kepulauan Riau,31,2024,11,November,23,Pendapatan Hibah,4124102500.0,1077250000.0,26.12,False,False
Kepulauan Riau,31,2024,12,Desember,24,Pendapatan Hibah,4124102500.0,1300531591.0,31.53,False,False
Kepulauan Riau,31,2025,1,Januari,25,Pendapatan Hibah,1324102500.0,167323782.0,12.64,False,False
Kepulauan Riau,31,2025,2,Februari,26,Pendapatan Hibah,1324102500.0,212849587.56,16.08,False,False
Kepulauan Riau,31,2025,3,Maret,27,Pendapatan Hibah,1324102500.0,233077238.07,17.6,False,False
Kepulauan Riau,31,2025,4,April,28,Pendapatan Hibah,1324102500.0,288150111.07,21.76,False,False
Kepulauan Riau,31,2025,5,Mei,29,Pendapatan Hibah,1324102500.0,433830723.57,32.76,False,False
Kepulauan Riau,31,2025,6,Juni,30,Pendapatan Hibah,1324102500.0,539460000.0,40.74,False,False
Kepulauan Riau,31,2025,7,Juli,31,Pendapatan Hibah,1324102500.0,1150346848.57,86.88,False,False
Kepulauan Riau,31,2025,8,Agustus,32,Pendapatan Hibah,1324102500.0,1258238848.57,95.03,False,False
Kepulauan Riau,31,2025,9,September,33,Pendapatan Hibah,1324102500.0,1366130848.57,103.17,False,False
Kepulauan Riau,31,2025,10,Oktober,34,Pendapatan Hibah,1324102500.0,1474530934.57,111.36,False,False
Kepulauan Riau,31,2025,11,November,35,Pendapatan Hibah,1324102500.0,1583059934.57,119.56,False,False
Kepulauan Riau,31,2025,12,Desember,36,Pendapatan Hibah,1324102500.0,1798843934.57,135.85,False,False
Kepulauan Riau,31,2026,1,Januari,37,Pendapatan Hibah,4337343525.0,0.0,0.0,False,False
Kepulauan Riau,31,2026,2,Februari,38,Pendapatan Hibah,4337343525.0,0.0,0.0,False,False
Kepulauan Riau,31,2026,3,Maret,39,Pendapatan Hibah,4337343525.0,0.0,0.0,False,False
Kepulauan Riau,31,2026,4,April,40,Pendapatan Hibah,4337343525.0,0.0,0.0,False,False
Kepulauan Riau,31,2026,5,Mei,41,Pendapatan Hibah,4337343525.0,0.0,0.0,False,False
Kepulauan Riau,31,2026,6,Juni,42,Pendapatan Hibah,4337343525.0,0.0,0.0,False,False
Kepulauan Riau,31,2026,7,Juli,43,Pendapatan Hibah,4337343525.0,0.0,0.0,False,False
Kepulauan Riau,31,2026,8,Agustus,44,Pendapatan Hibah,4337343525.0,809606000.0,18.67,False,False
Kepulauan Riau,31,2026,9,September,45,Pendapatan Hibah,4337343525.0,809606000.0,18.67,False,True
Kepulauan Riau,31,2026,10,Oktober,46,Pendapatan Hibah,4337343525.0,809606000.0,18.67,False,True
Kepulauan Riau,31,2026,11,November,47,Pendapatan Hibah,4337343525.0,809606000.0,18.67,False,True
Kepulauan Riau,31,2026,12,Desember,48,Pendapatan Hibah,4337343525.0,809606000.0,18.67,False,True
Kepulauan Riau,31,2023,1,Januari,1,Pendapatan Lainnya,1324102500.0,0.0,0.0,False,False
Kepulauan Riau,31,2023,2,Februari,2,Pendapatan Lainnya,1324102500.0,0.0,0.0,False,False
Kepulauan Riau,31,2023,3,Maret,3,Pendapatan Lainnya,1324102500.0,0.0,0.0,False,False
Kepulauan Riau,31,2023,4,April,4,Pendapatan Lainnya,1324102500.0,0.0,0.0,False,False
Kepulauan Riau,31,2023,5,Mei,5,Pendapatan Lainnya,1324102500.0,0.0,0.0,False,False
Kepulauan Riau,31,2023,6,Juni,6,Pendapatan Lainnya,1324102500.0,0.0,0.0,False,False
Kepulauan Riau,31,2023,7,Juli,7,Pendapatan Lainnya,1324102500.0,639360000.0,48.29,False,False
Kepulauan Riau,31,2023,8,Agustus,8,Pendapatan Lainnya,1324102500.0,745920000.0,56.33,False,False
Kepulauan Riau,31,2023,9,September,9,Pendapatan Lainnya,1324102500.0,852480000.0,64.38,False,False
Kepulauan Riau,31,2023,10,Oktober,10,Pendapatan Lainnya,1324102500.0,959040000.0,72.43,False,False
Kepulauan Riau,31,2023,11,November,11,Pendapatan Lainnya,1324102500.0,1065600000.0,80.48,False,False
Kepulauan Riau,31,2023,12,Desember,12,Pendapatan Lainnya,1324102500.0,1278720000.0,96.57,False,False
Kepulauan Riau,31,2024,1,Januari,13,Pendapatan Lainnya,4124102500.0,0.0,0.0,False,False
Kepulauan Riau,31,2024,2,Februari,14,Pendapatan Lainnya,4124102500.0,0.0,0.0,False,False
Kepulauan Riau,31,2024,3,Maret,15,Pendapatan Lainnya,4124102500.0,0.0,0.0,False,False
Kepulauan Riau,31,2024,4,April,16,Pendapatan Lainnya,4124102500.0,0.0,0.0,False,False
Kepulauan Riau,31,2024,5,Mei,17,Pendapatan Lainnya,4124102500.0,0.0,0.0,False,False
Kepulauan Riau,31,2024,6,Juni,18,Pendapatan Lainnya,4124102500.0,0.0,0.0,False,False
Kepulauan Riau,31,2024,7,Juli,19,Pendapatan Lainnya,4124102500.0,0.0,0.0,False,False
Kepulauan Riau,31,2024,8,Agustus,20,Pendapatan Lainnya,4124102500.0,0.0,0.0,False,False
Kepulauan Riau,31,2024,9,September,21,Pendapatan Lainnya,4124102500.0,861800000.0,20.9,False,False
Kepulauan Riau,31,2024,10,Oktober,22,Pendapatan Lainnya,4124102500.0,969525000.0,23.51,False,False
Kepulauan Riau,31,2024,11,November,23,Pendapatan Lainnya,4124102500.0,1077250000.0,26.12,False,False
Kepulauan Riau,31,2024,12,Desember,24,Pendapatan Lainnya,4124102500.0,1300531591.0,31.53,False,False
Kepulauan Riau,31,2025,1,Januari,25,Pendapatan Lainnya,1324102500.0,167323782.0,12.64,False,False
Kepulauan Riau,31,2025,2,Februari,26,Pendapatan Lainnya,1324102500.0,212849587.56,16.08,False,False
Kepulauan Riau,31,2025,3,Maret,27,Pendapatan Lainnya,1324102500.0,233077238.07,17.6,False,False
Kepulauan Riau,31,2025,4,April,28,Pendapatan Lainnya,1324102500.0,288150111.07,21.76,False,False
Kepulauan Riau,31,2025,5,Mei,29,Pendapatan Lainnya,1324102500.0,433830723.57,32.76,False,False
Kepulauan Riau,31,2025,6,Juni,30,Pendapatan Lainnya,1324102500.0,539460000.0,40.74,False,False
Kepulauan Riau,31,2025,7,Juli,31,Pendapatan Lainnya,1324102500.0,1150346848.57,86.88,False,False
Kepulauan Riau,31,2025,8,Agustus,32,Pendapatan Lainnya,1324102500.0,1258238848.57,95.03,False,False
Kepulauan Riau,31,2025,9,September,33,Pendapatan Lainnya,1324102500.0,1366130848.57,103.17,False,False
Kepulauan Riau,31,2025,10,Oktober,34,Pendapatan Lainnya,1324102500.0,1474530934.57,111.36,False,False
Kepulauan Riau,31,2025,11,November,35,Pendapatan Lainnya,1324102500.0,1583059934.57,119.56,False,False
Kepulauan Riau,31,2025,12,Desember,36,Pendapatan Lainnya,1324102500.0,1798843934.57,135.85,False,False
Kepulauan Riau,31,2026,1,Januari,37,Pendapatan Lainnya,4337343525.0,0.0,0.0,False,False
Kepulauan Riau,31,2026,2,Februari,38,Pendapatan Lainnya,4337343525.0,0.0,0.0,False,False
Kepulauan Riau,31,2026,3,Maret,39,Pendapatan Lainnya,4337343525.0,0.0,0.0,False,False
Kepulauan Riau,31,2026,4,April,40,Pendapatan Lainnya,4337343525.0,0.0,0.0,False,False
Kepulauan Riau,31,2026,5,Mei,41,Pendapatan Lainnya,4337343525.0,0.0,0.0,False,False
Kepulauan Riau,31,2026,6,Juni,42,Pendapatan Lainnya,4337343525.0,0.0,0.0,False,False
Kepulauan Riau,31,2026,7,Juli,43,Pendapatan Lainnya,4337343525.0,0.0,0.0,False,False
Kepulauan Riau,31,2026,8,Agustus,44,Pendapatan Lainnya,4337343525.0,809606000.0,18.67,False,False
Kepulauan Riau,31,2026,9,September,45,Pendapatan Lainnya,4337343525.0,809606000.0,18.67,False,True
Kepulauan Riau,31,2026,10,Oktober,46,Pendapatan Lainnya,4337343525.0,809606000.0,18.67,False,True
Kepulauan Riau,31,2026,11,November,47,Pendapatan Lainnya,4337343525.0,809606000.0,18.67,False,True
Kepulauan Riau,31,2026,12,Desember,48,Pendapatan Lainnya,4337343525.0,809606000.0,18.67,False,True
Kepulauan Riau,31,2023,1,Januari,1,Pendapatan Transfer Pemerintah Pusat,2499889897954.0,165229832600.0,6.61,False,False
Kepulauan Riau,31,2023,2,Februari,2,Pendapatan Transfer Pemerintah Pusat,2499889897954.0,337970158545.0,13.52,False,False
Kepulauan Riau,31,2023,3,Maret,3,Pendapatan Transfer Pemerintah Pusat,2499889897954.0,452925338139.0,18.12,False,False
Kepulauan Riau,31,2023,4,April,4,Pendapatan Transfer Pemerintah Pusat,2499889897954.0,584808253391.0,23.39,False,False
Kepulauan Riau,31,2023,5,Mei,5,Pendapatan Transfer Pemerintah Pusat,2499889897954.0,584808253391.0,23.39,False,False
Kepulauan Riau,31,2023,6,Juni,6,Pendapatan Transfer Pemerintah Pusat,2499889897954.0,793939489825.0,31.76,False,False
Kepulauan Riau,31,2023,7,Juli,7,Pendapatan Transfer Pemerintah Pusat,2499889897954.0,989411359575.0,39.58,False,False
Kepulauan Riau,31,2023,8,Agustus,8,Pendapatan Transfer Pemerintah Pusat,2499889897954.0,1231131813575.0,49.25,False,False
Kepulauan Riau,31,2023,9,September,9,Pendapatan Transfer Pemerintah Pusat,2499889897954.0,1342511786870.0,53.7,False,False
Kepulauan Riau,31,2023,10,Oktober,10,Pendapatan Transfer Pemerintah Pusat,2499889897954.0,1616614096857.0,64.67,False,False
Kepulauan Riau,31,2023,11,November,11,Pendapatan Transfer Pemerintah Pusat,2499889897954.0,1765094738778.0,70.61,False,False
Kepulauan Riau,31,2023,12,Desember,12,Pendapatan Transfer Pemerintah Pusat,2499889897954.0,2196393022483.0,87.86,False,False
Kepulauan Riau,31,2024,1,Januari,13,Pendapatan Transfer Pemerintah Pusat,2422278420380.0,178075162200.0,7.35,False,False
Kepulauan Riau,31,2024,2,Februari,14,Pendapatan Transfer Pemerintah Pusat,2422278420380.0,382048467656.0,15.77,False,False
Kepulauan Riau,31,2024,3,Maret,15,Pendapatan Transfer Pemerintah Pusat,2422278420380.0,498891829236.0,20.6,False,False
Kepulauan Riau,31,2024,4,April,16,Pendapatan Transfer Pemerintah Pusat,2422278420380.0,620102191336.0,25.6,False,False
Kepulauan Riau,31,2024,5,Mei,17,Pendapatan Transfer Pemerintah Pusat,2422278420380.0,745590121879.0,30.78,False,False
Kepulauan Riau,31,2024,6,Juni,18,Pendapatan Transfer Pemerintah Pusat,2422278420380.0,914732940644.0,37.76,False,False
Kepulauan Riau,31,2024,7,Juli,19,Pendapatan Transfer Pemerintah Pusat,2422278420380.0,1060056700700.0,43.76,False,False
Kepulauan Riau,31,2024,8,Agustus,20,Pendapatan Transfer Pemerintah Pusat,2422278420380.0,1303858778705.0,53.83,False,False
Kepulauan Riau,31,2024,9,September,21,Pendapatan Transfer Pemerintah Pusat,2422278420380.0,1511414249055.0,62.4,False,False
Kepulauan Riau,31,2024,10,Oktober,22,Pendapatan Transfer Pemerintah Pusat,2422278420380.0,1715922470195.0,70.84,False,False
Kepulauan Riau,31,2024,11,November,23,Pendapatan Transfer Pemerintah Pusat,2422278420380.0,1897488392912.0,78.33,False,False
Kepulauan Riau,31,2024,12,Desember,24,Pendapatan Transfer Pemerintah Pusat,2422278420380.0,1976533066207.0,81.6,False,False
Kepulauan Riau,31,2025,1,Januari,25,Pendapatan Transfer Pemerintah Pusat,2005002602802.0,274936746700.0,13.71,False,False
Kepulauan Riau,31,2025,2,Februari,26,Pendapatan Transfer Pemerintah Pusat,2005002602802.0,367073605314.0,18.31,False,False
Kepulauan Riau,31,2025,3,Maret,27,Pendapatan Transfer Pemerintah Pusat,2005002602802.0,482024927709.0,24.04,False,False
Kepulauan Riau,31,2025,4,April,28,Pendapatan Transfer Pemerintah Pusat,2005002602802.0,575897692309.0,28.72,False,False
Kepulauan Riau,31,2025,5,Mei,29,Pendapatan Transfer Pemerintah Pusat,2005002602802.0,683181371139.0,34.07,False,False
Kepulauan Riau,31,2025,6,Juni,30,Pendapatan Transfer Pemerintah Pusat,2005002602802.0,839519392939.0,41.87,False,False
Kepulauan Riau,31,2025,7,Juli,31,Pendapatan Transfer Pemerintah Pusat,2005002602802.0,983788788380.0,49.07,False,False
Kepulauan Riau,31,2025,8,Agustus,32,Pendapatan Transfer Pemerintah Pusat,2005002602802.0,1360775720999.0,67.87,False,False
Kepulauan Riau,31,2025,9,September,33,Pendapatan Transfer Pemerintah Pusat,2005002602802.0,1496974038886.0,74.66,False,False
Kepulauan Riau,31,2025,10,Oktober,34,Pendapatan Transfer Pemerintah Pusat,2005002602802.0,1727626444464.0,86.17,False,False
Kepulauan Riau,31,2025,11,November,35,Pendapatan Transfer Pemerintah Pusat,2005002602802.0,1891926556117.0,94.36,False,False
Kepulauan Riau,31,2025,12,Desember,36,Pendapatan Transfer Pemerintah Pusat,2005002602802.0,1974299383024.0,98.47,False,False
Kepulauan Riau,31,2026,1,Januari,37,Pendapatan Transfer Pemerintah Pusat,1467066533000.0,265038552800.0,18.07,False,False
Kepulauan Riau,31,2026,2,Februari,38,Pendapatan Transfer Pemerintah Pusat,1467066533000.0,380009131000.0,25.9,False,False
Kepulauan Riau,31,2026,3,Maret,39,Pendapatan Transfer Pemerintah Pusat,1467066533000.0,482424132500.0,32.88,False,False
Kepulauan Riau,31,2026,4,April,40,Pendapatan Transfer Pemerintah Pusat,1467066533000.0,592201726302.0,40.37,False,False
Kepulauan Riau,31,2026,5,Mei,41,Pendapatan Transfer Pemerintah Pusat,1467066533000.0,690954584491.0,47.1,False,False
Kepulauan Riau,31,2026,6,Juni,42,Pendapatan Transfer Pemerintah Pusat,1467066533000.0,785402769341.0,53.54,False,False
Kepulauan Riau,31,2026,7,Juli,43,Pendapatan Transfer Pemerintah Pusat,1467066533000.0,888506878241.0,60.56,False,False
Kepulauan Riau,31,2026,8,Agustus,44,Pendapatan Transfer Pemerintah Pusat,1467066533000.0,920664928436.0,62.76,False,False
Kepulauan Riau,31,2026,9,September,45,Pendapatan Transfer Pemerintah Pusat,1467066533000.0,920664928436.0,62.76,False,True
Kepulauan Riau,31,2026,10,Oktober,46,Pendapatan Transfer Pemerintah Pusat,1467066533000.0,920664928436.0,62.76,False,True
Kepulauan Riau,31,2026,11,November,47,Pendapatan Transfer Pemerintah Pusat,1467066533000.0,920664928436.0,62.76,False,True
Kepulauan Riau,31,2026,12,Desember,48,Pendapatan Transfer Pemerintah Pusat,1467066533000.0,920664928436.0,62.76,False,True
Kepulauan Riau,31,2023,1,Januari,1,Retribusi Daerah,16658831254.0,808337236.0,4.85,False,False
Kepulauan Riau,31,2023,2,Februari,2,Retribusi Daerah,16658831254.0,2455887605.0,14.74,False,False
Kepulauan Riau,31,2023,3,Maret,3,Retribusi Daerah,16658831254.0,2988451663.0,17.94,False,False
Kepulauan Riau,31,2023,4,April,4,Retribusi Daerah,16658831254.0,3321838620.0,19.94,False,False
Kepulauan Riau,31,2023,5,Mei,5,Retribusi Daerah,16658831254.0,3321838620.0,19.94,False,False
Kepulauan Riau,31,2023,6,Juni,6,Retribusi Daerah,16658831254.0,3795490091.0,22.78,False,False
Kepulauan Riau,31,2023,7,Juli,7,Retribusi Daerah,16658831254.0,4449805649.0,26.71,False,False
Kepulauan Riau,31,2023,8,Agustus,8,Retribusi Daerah,16658831254.0,5045062694.0,30.28,False,False
Kepulauan Riau,31,2023,9,September,9,Retribusi Daerah,16658831254.0,5706658521.0,34.26,False,False
Kepulauan Riau,31,2023,10,Oktober,10,Retribusi Daerah,16658831254.0,7168257189.0,43.03,False,False
Kepulauan Riau,31,2023,11,November,11,Retribusi Daerah,16658831254.0,10799306580.0,64.83,False,False
Kepulauan Riau,31,2023,12,Desember,12,Retribusi Daerah,16658831254.0,11559757231.0,69.39,False,False
Kepulauan Riau,31,2024,1,Januari,13,Retribusi Daerah,155968320754.0,11666007015.0,7.48,False,False
Kepulauan Riau,31,2024,2,Februari,14,Retribusi Daerah,155968320754.0,15441288134.0,9.9,False,False
Kepulauan Riau,31,2024,3,Maret,15,Retribusi Daerah,155968320754.0,28978035138.0,18.58,False,False
Kepulauan Riau,31,2024,4,April,16,Retribusi Daerah,155968320754.0,41559398372.0,26.65,False,False
Kepulauan Riau,31,2024,5,Mei,17,Retribusi Daerah,155968320754.0,55611563848.8,35.66,False,False
Kepulauan Riau,31,2024,6,Juni,18,Retribusi Daerah,155968320754.0,6755278038.0,4.33,False,False
Kepulauan Riau,31,2024,7,Juli,19,Retribusi Daerah,155968320754.0,89415935185.3,57.33,False,False
Kepulauan Riau,31,2024,8,Agustus,20,Retribusi Daerah,155968320754.0,94618191458.3,60.67,False,False
Kepulauan Riau,31,2024,9,September,21,Retribusi Daerah,155968320754.0,108246450271.3,69.4,False,False
Kepulauan Riau,31,2024,10,Oktober,22,Retribusi Daerah,155968320754.0,122677997663.3,78.66,False,False
Kepulauan Riau,31,2024,11,November,23,Retribusi Daerah,155968320754.0,134699481946.3,86.36,False,False
Kepulauan Riau,31,2024,12,Desember,24,Retribusi Daerah,155968320754.0,148286242017.3,95.07,False,False
Kepulauan Riau,31,2025,1,Januari,25,Retribusi Daerah,168940551756.24,13585550212.0,8.04,False,False
Kepulauan Riau,31,2025,2,Februari,26,Retribusi Daerah,168940551756.24,25996402141.0,15.39,False,False
Kepulauan Riau,31,2025,3,Maret,27,Retribusi Daerah,168940551756.24,39327002162.0,23.28,False,False
Kepulauan Riau,31,2025,4,April,28,Retribusi Daerah,168940551756.24,52870582538.0,31.3,False,False
Kepulauan Riau,31,2025,5,Mei,29,Retribusi Daerah,168940551756.24,66258933984.0,39.22,False,False
Kepulauan Riau,31,2025,6,Juni,30,Retribusi Daerah,168940551756.24,76719310663.0,45.41,False,False
Kepulauan Riau,31,2025,7,Juli,31,Retribusi Daerah,168940551756.24,93457530171.0,55.32,False,False
Kepulauan Riau,31,2025,8,Agustus,32,Retribusi Daerah,168940551756.24,108727428190.0,64.36,False,False
Kepulauan Riau,31,2025,9,September,33,Retribusi Daerah,168940551756.24,123313515754.0,72.99,False,False
Kepulauan Riau,31,2025,10,Oktober,34,Retribusi Daerah,168940551756.24,144811526813.0,85.72,False,False
Kepulauan Riau,31,2025,11,November,35,Retribusi Daerah,168940551756.24,148631546298.0,87.98,False,False
Kepulauan Riau,31,2025,12,Desember,36,Retribusi Daerah,168940551756.24,171517367082.0,101.53,False,False
Kepulauan Riau,31,2026,1,Januari,37,Retribusi Daerah,207489598583.0,3958912833.0,1.91,False,False
Kepulauan Riau,31,2026,2,Februari,38,Retribusi Daerah,207489598583.0,17485030835.0,8.43,False,False
Kepulauan Riau,31,2026,3,Maret,39,Retribusi Daerah,207489598583.0,40358223166.0,19.45,False,False
Kepulauan Riau,31,2026,4,April,40,Retribusi Daerah,207489598583.0,52929797037.0,25.51,False,False
Kepulauan Riau,31,2026,5,Mei,41,Retribusi Daerah,207489598583.0,68449990050.0,32.99,False,False
Kepulauan Riau,31,2026,6,Juni,42,Retribusi Daerah,207489598583.0,75333106734.0,36.31,False,False
Kepulauan Riau,31,2026,7,Juli,43,Retribusi Daerah,207489598583.0,86550393798.0,41.71,False,False
Kepulauan Riau,31,2026,8,Agustus,44,Retribusi Daerah,207489598583.0,99239210796.0,47.83,False,False
Kepulauan Riau,31,2026,9,September,45,Retribusi Daerah,207489598583.0,108187103215.0,52.14,False,False
Kepulauan Riau,31,2026,10,Oktober,46,Retribusi Daerah,207489598583.0,108187103215.0,52.14,False,True
Kepulauan Riau,31,2026,11,November,47,Retribusi Daerah,207489598583.0,108187103215.0,52.14,False,True
Kepulauan Riau,31,2026,12,Desember,48,Retribusi Daerah,207489598583.0,108187103215.0,52.14,False,True
Kepulauan Riau,31,2023,1,Januari,1,TKDD,2499889897954.0,165229832600.0,6.61,False,False
Kepulauan Riau,31,2023,2,Februari,2,TKDD,2499889897954.0,337970158545.0,13.52,False,False
Kepulauan Riau,31,2023,3,Maret,3,TKDD,2499889897954.0,452925338139.0,18.12,False,False
Kepulauan Riau,31,2023,4,April,4,TKDD,2499889897954.0,584808253391.0,23.39,False,False
Kepulauan Riau,31,2023,5,Mei,5,TKDD,2499889897954.0,584808253391.0,23.39,False,False
Kepulauan Riau,31,2023,6,Juni,6,TKDD,2499889897954.0,793939489825.0,31.76,False,False
Kepulauan Riau,31,2023,7,Juli,7,TKDD,2499889897954.0,989411359575.0,39.58,False,False
Kepulauan Riau,31,2023,8,Agustus,8,TKDD,2499889897954.0,1231131813575.0,49.25,False,False
Kepulauan Riau,31,2023,9,September,9,TKDD,2499889897954.0,1342511786870.0,53.7,False,False
Kepulauan Riau,31,2023,10,Oktober,10,TKDD,2499889897954.0,1616614096857.0,64.67,False,False
Kepulauan Riau,31,2023,11,November,11,TKDD,2499889897954.0,1765094738778.0,70.61,False,False
Kepulauan Riau,31,2023,12,Desember,12,TKDD,2499889897954.0,2196393022483.0,87.86,False,False
Kepulauan Riau,31,2024,1,Januari,13,TKDD,2422278420380.0,178075162200.0,7.35,False,False
Kepulauan Riau,31,2024,2,Februari,14,TKDD,2422278420380.0,382048467656.0,15.77,False,False
Kepulauan Riau,31,2024,3,Maret,15,TKDD,2422278420380.0,498891829236.0,20.6,False,False
Kepulauan Riau,31,2024,4,April,16,TKDD,2422278420380.0,620102191336.0,25.6,False,False
Kepulauan Riau,31,2024,5,Mei,17,TKDD,2422278420380.0,745590121879.0,30.78,False,False
Kepulauan Riau,31,2024,6,Juni,18,TKDD,2422278420380.0,914732940644.0,37.76,False,False
Kepulauan Riau,31,2024,7,Juli,19,TKDD,2422278420380.0,1060056700700.0,43.76,False,False
Kepulauan Riau,31,2024,8,Agustus,20,TKDD,2422278420380.0,1303858778705.0,53.83,False,False
Kepulauan Riau,31,2024,9,September,21,TKDD,2422278420380.0,1511414249055.0,62.4,False,False
Kepulauan Riau,31,2024,10,Oktober,22,TKDD,2422278420380.0,1715922470195.0,70.84,False,False
Kepulauan Riau,31,2024,11,November,23,TKDD,2422278420380.0,1897488392912.0,78.33,False,False
Kepulauan Riau,31,2024,12,Desember,24,TKDD,2422278420380.0,1976533066207.0,81.6,False,False
Kepulauan Riau,31,2025,1,Januari,25,TKDD,2005002602802.0,274936746700.0,13.71,False,False
Kepulauan Riau,31,2025,2,Februari,26,TKDD,2005002602802.0,367073605314.0,18.31,False,False
Kepulauan Riau,31,2025,3,Maret,27,TKDD,2005002602802.0,482024927709.0,24.04,False,False
Kepulauan Riau,31,2025,4,April,28,TKDD,2005002602802.0,575897692309.0,28.72,False,False
Kepulauan Riau,31,2025,5,Mei,29,TKDD,2005002602802.0,683181371139.0,34.07,False,False
Kepulauan Riau,31,2025,6,Juni,30,TKDD,2005002602802.0,839519392939.0,41.87,False,False
Kepulauan Riau,31,2025,7,Juli,31,TKDD,2005002602802.0,983788788380.0,49.07,False,False
Kepulauan Riau,31,2025,8,Agustus,32,TKDD,2005002602802.0,1360775720999.0,67.87,False,False
Kepulauan Riau,31,2025,9,September,33,TKDD,2005002602802.0,1496974038886.0,74.66,False,False
Kepulauan Riau,31,2025,10,Oktober,34,TKDD,2005002602802.0,1727626444464.0,86.17,False,False
Kepulauan Riau,31,2025,11,November,35,TKDD,2005002602802.0,1891926556117.0,94.36,False,False
Kepulauan Riau,31,2025,12,Desember,36,TKDD,2005002602802.0,1974299383024.0,98.47,False,False
Kepulauan Riau,31,2026,1,Januari,37,TKDD,1467066533000.0,265038552800.0,18.07,False,False
Kepulauan Riau,31,2026,2,Februari,38,TKDD,1467066533000.0,380009131000.0,25.9,False,False
Kepulauan Riau,31,2026,3,Maret,39,TKDD,1467066533000.0,482424132500.0,32.88,False,False
Kepulauan Riau,31,2026,4,April,40,TKDD,1467066533000.0,592201726302.0,40.37,False,False
Kepulauan Riau,31,2026,5,Mei,41,TKDD,1467066533000.0,690954584491.0,47.1,False,False
Kepulauan Riau,31,2026,6,Juni,42,TKDD,1467066533000.0,785402769341.0,53.54,False,False
Kepulauan Riau,31,2026,7,Juli,43,TKDD,1467066533000.0,888506878241.0,60.56,False,False
Kepulauan Riau,31,2026,8,Agustus,44,TKDD,1467066533000.0,920664928436.0,62.76,False,False
Kepulauan Riau,31,2026,9,September,45,TKDD,1467066533000.0,920664928436.0,62.76,False,True
Kepulauan Riau,31,2026,10,Oktober,46,TKDD,1467066533000.0,920664928436.0,62.76,False,True
Kepulauan Riau,31,2026,11,November,47,TKDD,1467066533000.0,920664928436.0,62.76,False,True
Kepulauan Riau,31,2026,12,Desember,48,TKDD,1467066533000.0,920664928436.0,62.76,False,True
