provinsi,kode_prov,tahun,bulan,nama_bulan,urutan,akun,anggaran,realisasi,persentase,datar_tahunan,belum_final
Kalimantan Utara,34,2023,1,Januari,1,Belanja Bantuan Keuangan,224782950000.0,0.0,0.0,False,False
Kalimantan Utara,34,2023,2,Februari,2,Belanja Bantuan Keuangan,224782950000.0,0.0,0.0,False,False
Kalimantan Utara,34,2023,3,Maret,3,Belanja Bantuan Keuangan,224782950000.0,0.0,0.0,False,False
Kalimantan Utara,34,2023,4,April,4,Belanja Bantuan Keuangan,224782950000.0,19272355624.0,8.57,False,False
Kalimantan Utara,34,2023,5,Mei,5,Belanja Bantuan Keuangan,224782950000.0,19272355624.0,8.57,False,False
Kalimantan Utara,34,2023,6,Juni,6,Belanja Bantuan Keuangan,224782950000.0,27428462312.0,12.2,False,False
Kalimantan Utara,34,2023,7,Juli,7,Belanja Bantuan Keuangan,224782950000.0,62783790543.0,27.93,False,False
Kalimantan Utara,34,2023,8,Agustus,8,Belanja Bantuan Keuangan,224782950000.0,67248127310.0,29.92,False,False
Kalimantan Utara,34,2023,9,September,9,Belanja Bantuan Keuangan,224782950000.0,78352777310.0,34.86,False,False
Kalimantan Utara,34,2023,10,Oktober,10,Belanja Bantuan Keuangan,224782950000.0,80102717308.0,35.64,False,False
Kalimantan Utara,34,2023,11,November,11,Belanja Bantuan Keuangan,224782950000.0,101944912759.0,45.35,False,False
Kalimantan Utara,34,2023,12,Desember,12,Belanja Bantuan Keuangan,224782950000.0,169700123318.0,75.5,False,False
Kalimantan Utara,34,2024,1,Januari,13,Belanja Bantuan Keuangan,243458950000.0,0.0,0.0,False,False
Kalimantan Utara,34,2024,2,Februari,14,Belanja Bantuan Keuangan,243458950000.0,0.0,0.0,False,False
Kalimantan Utara,34,2024,3,Maret,15,Belanja Bantuan Keuangan,243458950000.0,5813250000.0,2.39,False,False
Kalimantan Utara,34,2024,4,April,16,Belanja Bantuan Keuangan,243458950000.0,20617350000.0,8.47,False,False
Kalimantan Utara,34,2024,5,Mei,17,Belanja Bantuan Keuangan,243458950000.0,25513712198.0,10.48,False,False
Kalimantan Utara,34,2024,6,Juni,18,Belanja Bantuan Keuangan,243458950000.0,31723438921.0,13.03,False,False
Kalimantan Utara,34,2024,7,Juli,19,Belanja Bantuan Keuangan,243458950000.0,32054385245.0,13.17,False,False
Kalimantan Utara,34,2024,8,Agustus,20,Belanja Bantuan Keuangan,243458950000.0,50827846208.0,20.88,False,False
Kalimantan Utara,34,2024,9,September,21,Belanja Bantuan Keuangan,243458950000.0,73561746208.0,30.22,False,False
Kalimantan Utara,34,2024,10,Oktober,22,Belanja Bantuan Keuangan,243458950000.0,92725589924.0,38.09,False,False
Kalimantan Utara,34,2024,11,November,23,Belanja Bantuan Keuangan,243458950000.0,110804736362.0,45.51,False,False
Kalimantan Utara,34,2024,12,Desember,24,Belanja Bantuan Keuangan,243458950000.0,187900680988.0,77.18,False,False
Kalimantan Utara,34,2025,1,Januari,25,Belanja Bantuan Keuangan,222519516553.0,0.0,0.0,False,False
Kalimantan Utara,34,2025,2,Februari,26,Belanja Bantuan Keuangan,222519516553.0,0.0,0.0,False,False
Kalimantan Utara,34,2025,3,Maret,27,Belanja Bantuan Keuangan,222519516553.0,0.0,0.0,False,False
Kalimantan Utara,34,2025,4,April,28,Belanja Bantuan Keuangan,222519516553.0,0.0,0.0,False,False
Kalimantan Utara,34,2025,5,Mei,29,Belanja Bantuan Keuangan,222519516553.0,0.0,0.0,False,False
Kalimantan Utara,34,2025,6,Juni,30,Belanja Bantuan Keuangan,222519516553.0,0.0,0.0,False,False
Kalimantan Utara,34,2025,7,Juli,31,Belanja Bantuan Keuangan,222519516553.0,0.0,0.0,False,False
Kalimantan Utara,34,2025,8,Agustus,32,Belanja Bantuan Keuangan,222519516553.0,398033043.0,0.18,False,False
Kalimantan Utara,34,2025,9,September,33,Belanja Bantuan Keuangan,222519516553.0,1366844705.0,0.61,False,False
Kalimantan Utara,34,2025,10,Oktober,34,Belanja Bantuan Keuangan,222519516553.0,7418001561.0,3.33,False,False
Kalimantan Utara,34,2025,11,November,35,Belanja Bantuan Keuangan,222519516553.0,26745088438.0,12.02,False,False
Kalimantan Utara,34,2025,12,Desember,36,Belanja Bantuan Keuangan,222519516553.0,56484832743.0,25.38,False,False
Kalimantan Utara,34,2026,1,Januari,37,Belanja Bantuan Keuangan,0.0,0.0,0.0,True,False
Kalimantan Utara,34,2026,2,Februari,38,Belanja Bantuan Keuangan,0.0,0.0,0.0,True,False
Kalimantan Utara,34,2026,3,Maret,39,Belanja Bantuan Keuangan,0.0,0.0,0.0,True,False
Kalimantan Utara,34,2026,4,April,40,Belanja Bantuan Keuangan,0.0,0.0,0.0,True,False
Kalimantan Utara,34,2026,5,Mei,41,Belanja Bantuan Keuangan,0.0,0.0,0.0,True,False
Kalimantan Utara,34,2026,6,Juni,42,Belanja Bantuan Keuangan,0.0,0.0,0.0,True,False
Kalimantan Utara,34,2026,7,Juli,43,Belanja Bantuan Keuangan,0.0,0.0,0.0,True,False
Kalimantan Utara,34,2026,8,Agustus,44,Belanja Bantuan Keuangan,0.0,0.0,0.0,True,False
Kalimantan Utara,34,2026,9,September,45,Belanja Bantuan Keuangan,0.0,0.0,0.0,True,False
Kalimantan Utara,34,2026,10,Oktober,46,Belanja Bantuan Keuangan,0.0,0.0,0.0,True,False
Kalimantan Utara,34,2026,11,November,47,Belanja Bantuan Keuangan,0.0,0.0,0.0,True,False
Kalimantan Utara,34,2026,12,Desember,48,Belanja Bantuan Keuangan,0.0,0.0,0.0,True,False
Kalimantan Utara,34,2023,1,Januari,1,Belanja Bantuan Sosial,913800000.0,0.0,0.0,False,False
Kalimantan Utara,34,2023,2,Februari,2,Belanja Bantuan Sosial,913800000.0,0.0,0.0,False,False
Kalimantan Utara,34,2023,3,Maret,3,Belanja Bantuan Sosial,913800000.0,0.0,0.0,False,False
Kalimantan Utara,34,2023,4,April,4,Belanja Bantuan Sosial,913800000.0,0.0,0.0,False,False
Kalimantan Utara,34,2023,5,Mei,5,Belanja Bantuan Sosial,913800000.0,0.0,0.0,False,False
Kalimantan Utara,34,2023,6,Juni,6,Belanja Bantuan Sosial,913800000.0,0.0,0.0,False,False
Kalimantan Utara,34,2023,7,Juli,7,Belanja Bantuan Sosial,913800000.0,0.0,0.0,False,False
Kalimantan Utara,34,2023,8,Agustus,8,Belanja Bantuan Sosial,913800000.0,677279966.0,74.12,False,False
Kalimantan Utara,34,2023,9,September,9,Belanja Bantuan Sosial,913800000.0,695761466.0,76.14,False,False
Kalimantan Utara,34,2023,10,Oktober,10,Belanja Bantuan Sosial,913800000.0,695761466.0,76.14,False,False
Kalimantan Utara,34,2023,11,November,11,Belanja Bantuan Sosial,913800000.0,695761466.0,76.14,False,False
Kalimantan Utara,34,2023,12,Desember,12,Belanja Bantuan Sosial,913800000.0,733761466.0,80.3,False,False
Kalimantan Utara,34,2024,1,Januari,13,Belanja Bantuan Sosial,3989000000.0,0.0,0.0,False,False
Kalimantan Utara,34,2024,2,Februari,14,Belanja Bantuan Sosial,3989000000.0,0.0,0.0,False,False
Kalimantan Utara,34,2024,3,Maret,15,Belanja Bantuan Sosial,3989000000.0,0.0,0.0,False,False
Kalimantan Utara,34,2024,4,April,16,Belanja Bantuan Sosial,3989000000.0,26673855.0,0.67,False,False
Kalimantan Utara,34,2024,5,Mei,17,Belanja Bantuan Sosial,3989000000.0,33067455.0,0.83,False,False
Kalimantan Utara,34,2024,6,Juni,18,Belanja Bantuan Sosial,3989000000.0,33067455.0,0.83,False,False
Kalimantan Utara,34,2024,7,Juli,19,Belanja Bantuan Sosial,3989000000.0,81464955.0,2.04,False,False
Kalimantan Utara,34,2024,8,Agustus,20,Belanja Bantuan Sosial,3989000000.0,793438025.0,19.89,False,False
Kalimantan Utara,34,2024,9,September,21,Belanja Bantuan Sosial,3989000000.0,1779951537.0,44.62,False,False
Kalimantan Utara,34,2024,10,Oktober,22,Belanja Bantuan Sosial,3989000000.0,2623855037.0,65.78,False,False
Kalimantan Utara,34,2024,11,November,23,Belanja Bantuan Sosial,3989000000.0,2936026787.0,73.6,False,False
Kalimantan Utara,34,2024,12,Desember,24,Belanja Bantuan Sosial,3989000000.0,3229203787.0,80.95,False,False
Kalimantan Utara,34,2025,1,Januari,25,Belanja Bantuan Sosial,2951500000.0,0.0,0.0,False,False
Kalimantan Utara,34,2025,2,Februari,26,Belanja Bantuan Sosial,2951500000.0,0.0,0.0,False,False
Kalimantan Utara,34,2025,3,Maret,27,Belanja Bantuan Sosial,2951500000.0,0.0,0.0,False,False
Kalimantan Utara,34,2025,4,April,28,Belanja Bantuan Sosial,2951500000.0,0.0,0.0,False,False
Kalimantan Utara,34,2025,5,Mei,29,Belanja Bantuan Sosial,2951500000.0,0.0,0.0,False,False
Kalimantan Utara,34,2025,6,Juni,30,Belanja Bantuan Sosial,2951500000.0,0.0,0.0,False,False
Kalimantan Utara,34,2025,7,Juli,31,Belanja Bantuan Sosial,2951500000.0,144000000.0,4.88,False,False
Kalimantan Utara,34,2025,8,Agustus,32,Belanja Bantuan Sosial,2951500000.0,317554380.0,10.76,False,False
Kalimantan Utara,34,2025,9,September,33,Belanja Bantuan Sosial,2951500000.0,322540500.0,10.93,False,False
Kalimantan Utara,34,2025,10,Oktober,34,Belanja Bantuan Sosial,2951500000.0,339690000.0,11.51,False,False
Kalimantan Utara,34,2025,11,November,35,Belanja Bantuan Sosial,2951500000.0,720057030.0,24.4,False,False
Kalimantan Utara,34,2025,12,Desember,36,Belanja Bantuan Sosial,2951500000.0,1172917780.0,39.74,False,False
Kalimantan Utara,34,2026,1,Januari,37,Belanja Bantuan Sosial,2343400000.0,0.0,0.0,False,False
Kalimantan Utara,34,2026,2,Februari,38,Belanja Bantuan Sosial,2343400000.0,0.0,0.0,False,False
Kalimantan Utara,34,2026,3,Maret,39,Belanja Bantuan Sosial,2343400000.0,0.0,0.0,False,False
Kalimantan Utara,34,2026,4,April,40,Belanja Bantuan Sosial,2343400000.0,0.0,0.0,False,False
Kalimantan Utara,34,2026,5,Mei,41,Belanja Bantuan Sosial,2343400000.0,0.0,0.0,False,False
Kalimantan Utara,34,2026,6,Juni,42,Belanja Bantuan Sosial,2343400000.0,0.0,0.0,False,False
Kalimantan Utara,34,2026,7,Juli,43,Belanja Bantuan Sosial,2343400000.0,0.0,0.0,False,False
Kalimantan Utara,34,2026,8,Agustus,44,Belanja Bantuan Sosial,2343400000.0,90000000.0,3.84,False,False
Kalimantan Utara,34,2026,9,September,45,Belanja Bantuan Sosial,2343400000.0,90000000.0,3.84,False,True
Kalimantan Utara,34,2026,10,Oktober,46,Belanja Bantuan Sosial,2343400000.0,90000000.0,3.84,False,True
Kalimantan Utara,34,2026,11,November,47,Belanja Bantuan Sosial,2343400000.0,90000000.0,3.84,False,True
Kalimantan Utara,34,2026,12,Desember,48,Belanja Bantuan Sosial,2343400000.0,90000000.0,3.84,False,True
Kalimantan Utara,34,2023,1,Januari,1,Belanja Barang dan Jasa,955041523851.0,-40942580038.0,-4.29,False,False
Kalimantan Utara,34,2023,2,Februari,2,Belanja Barang dan Jasa,955041523851.0,-11713179103.0,-1.23,False,False
Kalimantan Utara,34,2023,3,Maret,3,Belanja Barang dan Jasa,955041523851.0,49251137958.0,5.16,False,False
Kalimantan Utara,34,2023,4,April,4,Belanja Barang dan Jasa,955041523851.0,103128800723.0,10.8,False,False
Kalimantan Utara,34,2023,5,Mei,5,Belanja Barang dan Jasa,955041523851.0,103128800723.0,10.8,False,False
Kalimantan Utara,34,2023,6,Juni,6,Belanja Barang dan Jasa,955041523851.0,175498835277.0,18.38,False,False
Kalimantan Utara,34,2023,7,Juli,7,Belanja Barang dan Jasa,955041523851.0,241187070241.0,25.25,False,False
Kalimantan Utara,34,2023,8,Agustus,8,Belanja Barang dan Jasa,955041523851.0,328397235767.19,34.39,False,False
Kalimantan Utara,34,2023,9,September,9,Belanja Barang dan Jasa,955041523851.0,395689792606.19,41.43,False,False
Kalimantan Utara,34,2023,10,Oktober,10,Belanja Barang dan Jasa,955041523851.0,498356099186.08,52.18,False,False
Kalimantan Utara,34,2023,11,November,11,Belanja Barang dan Jasa,955041523851.0,604006472930.48,63.24,False,False
Kalimantan Utara,34,2023,12,Desember,12,Belanja Barang dan Jasa,955041523851.0,1027101953989.8,107.55,False,False
Kalimantan Utara,34,2024,1,Januari,13,Belanja Barang dan Jasa,1133264064249.0,34863973434.0,3.08,False,False
Kalimantan Utara,34,2024,2,Februari,14,Belanja Barang dan Jasa,1133264064249.0,78072923556.0,6.89,False,False
Kalimantan Utara,34,2024,3,Maret,15,Belanja Barang dan Jasa,1133264064249.0,145050813131.92,12.8,False,False
Kalimantan Utara,34,2024,4,April,16,Belanja Barang dan Jasa,1133264064249.0,219568743841.92,19.37,False,False
Kalimantan Utara,34,2024,5,Mei,17,Belanja Barang dan Jasa,1133264064249.0,279232494603.52,24.64,False,False
Kalimantan Utara,34,2024,6,Juni,18,Belanja Barang dan Jasa,1133264064249.0,242839027737.0,21.43,False,False
Kalimantan Utara,34,2024,7,Juli,19,Belanja Barang dan Jasa,1133264064249.0,441909709175.6,38.99,False,False
Kalimantan Utara,34,2024,8,Agustus,20,Belanja Barang dan Jasa,1133264064249.0,553791754773.6,48.87,False,False
Kalimantan Utara,34,2024,9,September,21,Belanja Barang dan Jasa,1133264064249.0,625946664497.2,55.23,False,False
Kalimantan Utara,34,2024,10,Oktober,22,Belanja Barang dan Jasa,1133264064249.0,736449555576.8,64.98,False,False
Kalimantan Utara,34,2024,11,November,23,Belanja Barang dan Jasa,1133264064249.0,864452573824.59,76.28,False,False
Kalimantan Utara,34,2024,12,Desember,24,Belanja Barang dan Jasa,1133264064249.0,1218671997283.0,107.54,False,False
Kalimantan Utara,34,2025,1,Januari,25,Belanja Barang dan Jasa,1069745900465.8,3011769036.0,0.28,False,False
Kalimantan Utara,34,2025,2,Februari,26,Belanja Barang dan Jasa,1069745900465.8,28896678622.0,2.7,False,False
Kalimantan Utara,34,2025,3,Maret,27,Belanja Barang dan Jasa,1069745900465.8,98297838360.0,9.19,False,False
Kalimantan Utara,34,2025,4,April,28,Belanja Barang dan Jasa,1069745900465.8,150739112710.0,14.09,False,False
Kalimantan Utara,34,2025,5,Mei,29,Belanja Barang dan Jasa,1069745900465.8,208934207361.0,19.53,False,False
Kalimantan Utara,34,2025,6,Juni,30,Belanja Barang dan Jasa,1069745900465.8,267078707296.0,24.97,False,False
Kalimantan Utara,34,2025,7,Juli,31,Belanja Barang dan Jasa,1069745900465.8,341070251269.3,31.88,False,False
Kalimantan Utara,34,2025,8,Agustus,32,Belanja Barang dan Jasa,1069745900465.8,413181731499.3,38.62,False,False
Kalimantan Utara,34,2025,9,September,33,Belanja Barang dan Jasa,1069745900465.8,495223066139.62,46.29,False,False
Kalimantan Utara,34,2025,10,Oktober,34,Belanja Barang dan Jasa,1069745900465.8,584640301456.69,54.65,False,False
Kalimantan Utara,34,2025,11,November,35,Belanja Barang dan Jasa,1069745900465.8,674693496365.69,63.07,False,False
Kalimantan Utara,34,2025,12,Desember,36,Belanja Barang dan Jasa,1069745900465.8,970578547138.06,90.73,False,False
Kalimantan Utara,34,2026,1,Januari,37,Belanja Barang dan Jasa,788279225600.41,11736391239.0,1.49,False,False
Kalimantan Utara,34,2026,2,Februari,38,Belanja Barang dan Jasa,788279225600.41,50894602762.0,6.46,False,False
Kalimantan Utara,34,2026,3,Maret,39,Belanja Barang dan Jasa,788279225600.41,112897260783.0,14.32,False,False
Kalimantan Utara,34,2026,4,April,40,Belanja Barang dan Jasa,788279225600.41,182236268149.0,23.12,False,False
Kalimantan Utara,34,2026,5,Mei,41,Belanja Barang dan Jasa,788279225600.41,241363824913.0,30.62,False,False
Kalimantan Utara,34,2026,6,Juni,42,Belanja Barang dan Jasa,788279225600.41,292742943043.0,37.14,False,False
Kalimantan Utara,34,2026,7,Juli,43,Belanja Barang dan Jasa,788279225600.41,369381374317.0,46.86,False,False
Kalimantan Utara,34,2026,8,Agustus,44,Belanja Barang dan Jasa,788279225600.41,403410946789.0,51.18,False,False
Kalimantan Utara,34,2026,9,September,45,Belanja Barang dan Jasa,788279225600.41,410439572360.0,52.07,False,False
Kalimantan Utara,34,2026,10,Oktober,46,Belanja Barang dan Jasa,788279225600.41,410439572360.0,52.07,False,True
Kalimantan Utara,34,2026,11,November,47,Belanja Barang dan Jasa,788279225600.41,410439572360.0,52.07,False,True
Kalimantan Utara,34,2026,12,Desember,48,Belanja Barang dan Jasa,788279225600.41,410439572360.0,52.07,False,True
Kalimantan Utara,34,2023,1,Januari,1,Belanja Daerah,2997361701915.0,14771988459.0,0.49,False,False
Kalimantan Utara,34,2023,2,Februari,2,Belanja Daerah,2997361701915.0,161096792948.0,5.37,False,False
Kalimantan Utara,34,2023,3,Maret,3,Belanja Daerah,2997361701915.0,313344890225.0,10.45,False,False
Kalimantan Utara,34,2023,4,April,4,Belanja Daerah,2997361701915.0,504987296864.0,16.85,False,False
Kalimantan Utara,34,2023,5,Mei,5,Belanja Daerah,2997361701915.0,504987296864.0,16.85,False,False
Kalimantan Utara,34,2023,6,Juni,6,Belanja Daerah,2997361701915.0,730609404811.0,24.38,False,False
Kalimantan Utara,34,2023,7,Juli,7,Belanja Daerah,2997361701915.0,941087155233.0,31.4,False,False
Kalimantan Utara,34,2023,8,Agustus,8,Belanja Daerah,2997361701915.0,1196555234595.2,39.92,False,False
Kalimantan Utara,34,2023,9,September,9,Belanja Daerah,2997361701915.0,1377163048839.2,45.95,False,False
Kalimantan Utara,34,2023,10,Oktober,10,Belanja Daerah,2997361701915.0,1609676640284.1,53.7,False,False
Kalimantan Utara,34,2023,11,November,11,Belanja Daerah,2997361701915.0,2002286507134.5,66.8,False,False
Kalimantan Utara,34,2023,12,Desember,12,Belanja Daerah,2997361701915.0,3013743686545.8,100.55,False,False
Kalimantan Utara,34,2024,1,Januari,13,Belanja Daerah,3502591835909.0,87781620854.0,2.51,False,False
Kalimantan Utara,34,2024,2,Februari,14,Belanja Daerah,3502591835909.0,183834666973.0,5.25,False,False
Kalimantan Utara,34,2024,3,Maret,15,Belanja Daerah,3502591835909.0,378649588547.92,10.81,False,False
Kalimantan Utara,34,2024,4,April,16,Belanja Daerah,3502591835909.0,569024138688.92,16.25,False,False
Kalimantan Utara,34,2024,5,Mei,17,Belanja Daerah,3502591835909.0,848980372729.52,24.24,False,False
Kalimantan Utara,34,2024,6,Juni,18,Belanja Daerah,3502591835909.0,954304322759.0,27.25,False,False
Kalimantan Utara,34,2024,7,Juli,19,Belanja Daerah,3502591835909.0,1421148634771.7,40.57,False,False
Kalimantan Utara,34,2024,8,Agustus,20,Belanja Daerah,3502591835909.0,1729657304506.7,49.38,False,False
Kalimantan Utara,34,2024,9,September,21,Belanja Daerah,3502591835909.0,1958468577913.3,55.91,False,False
Kalimantan Utara,34,2024,10,Oktober,22,Belanja Daerah,3502591835909.0,2257743278362.9,64.46,False,False
Kalimantan Utara,34,2024,11,November,23,Belanja Daerah,3502591835909.0,2643459218704.7,75.47,False,False
Kalimantan Utara,34,2024,12,Desember,24,Belanja Daerah,3502591835909.0,3570959018593.1,101.95,False,False
Kalimantan Utara,34,2025,1,Januari,25,Belanja Daerah,3191861242085.0,47422636852.0,1.49,False,False
Kalimantan Utara,34,2025,2,Februari,26,Belanja Daerah,3191861242085.0,155805902408.0,4.88,False,False
Kalimantan Utara,34,2025,3,Maret,27,Belanja Daerah,3191861242085.0,348976335915.0,10.93,False,False
Kalimantan Utara,34,2025,4,April,28,Belanja Daerah,3191861242085.0,477107331970.0,14.95,False,False
Kalimantan Utara,34,2025,5,Mei,29,Belanja Daerah,3191861242085.0,637782438016.0,19.98,False,False
Kalimantan Utara,34,2025,6,Juni,30,Belanja Daerah,3191861242085.0,848365629046.0,26.58,False,False
Kalimantan Utara,34,2025,7,Juli,31,Belanja Daerah,3191861242085.0,1053483823847.3,33.01,False,False
Kalimantan Utara,34,2025,8,Agustus,32,Belanja Daerah,3191861242085.0,1223626955395.3,38.34,False,False
Kalimantan Utara,34,2025,9,September,33,Belanja Daerah,3191861242085.0,1444394508248.6,45.25,False,False
Kalimantan Utara,34,2025,10,Oktober,34,Belanja Daerah,3191861242085.0,1693293191685.7,53.05,False,False
Kalimantan Utara,34,2025,11,November,35,Belanja Daerah,3191861242085.0,1902184626808.7,59.59,False,False
Kalimantan Utara,34,2025,12,Desember,36,Belanja Daerah,3191861242085.0,2642996776150.1,82.8,False,False
Kalimantan Utara,34,2026,1,Januari,37,Belanja Daerah,2476964497163.0,40935099326.0,1.65,False,False
Kalimantan Utara,34,2026,2,Februari,38,Belanja Daerah,2476964497163.0,162339659014.0,6.55,False,False
Kalimantan Utara,34,2026,3,Maret,39,Belanja Daerah,2476964497163.0,384962490465.0,15.54,False,False
Kalimantan Utara,34,2026,4,April,40,Belanja Daerah,2476964497163.0,536357666047.0,21.65,False,False
Kalimantan Utara,34,2026,5,Mei,41,Belanja Daerah,2476964497163.0,702321120015.0,28.35,False,False
Kalimantan Utara,34,2026,6,Juni,42,Belanja Daerah,2476964497163.0,901912747380.0,36.41,False,False
Kalimantan Utara,34,2026,7,Juli,43,Belanja Daerah,2476964497163.0,1192171351524.0,48.13,False,False
Kalimantan Utara,34,2026,8,Agustus,44,Belanja Daerah,2476964497163.0,1317481707163.0,53.19,False,False
Kalimantan Utara,34,2026,9,September,45,Belanja Daerah,2476964497163.0,1368311866501.0,55.24,False,False
Kalimantan Utara,34,2026,10,Oktober,46,Belanja Daerah,2476964497163.0,1368311866501.0,55.24,False,True
Kalimantan Utara,34,2026,11,November,47,Belanja Daerah,2476964497163.0,1368311866501.0,55.24,False,True
Kalimantan Utara,34,2026,12,Desember,48,Belanja Daerah,2476964497163.0,1368311866501.0,55.24,False,True
Kalimantan Utara,34,2023,1,Januari,1,Belanja Hibah,39523872958.0,0.0,0.0,False,False
Kalimantan Utara,34,2023,2,Februari,2,Belanja Hibah,39523872958.0,0.0,0.0,False,False
Kalimantan Utara,34,2023,3,Maret,3,Belanja Hibah,39523872958.0,5500000000.0,13.92,False,False
Kalimantan Utara,34,2023,4,April,4,Belanja Hibah,39523872958.0,7400000000.0,18.72,False,False
Kalimantan Utara,34,2023,5,Mei,5,Belanja Hibah,39523872958.0,7400000000.0,18.72,False,False
Kalimantan Utara,34,2023,6,Juni,6,Belanja Hibah,39523872958.0,9520000000.0,24.09,False,False
Kalimantan Utara,34,2023,7,Juli,7,Belanja Hibah,39523872958.0,10985000000.0,27.79,False,False
Kalimantan Utara,34,2023,8,Agustus,8,Belanja Hibah,39523872958.0,17217197475.0,43.56,False,False
Kalimantan Utara,34,2023,9,September,9,Belanja Hibah,39523872958.0,18771216117.0,47.49,False,False
Kalimantan Utara,34,2023,10,Oktober,10,Belanja Hibah,39523872958.0,24301216117.0,61.48,False,False
Kalimantan Utara,34,2023,11,November,11,Belanja Hibah,39523872958.0,48947971733.0,123.84,False,False
Kalimantan Utara,34,2023,12,Desember,12,Belanja Hibah,39523872958.0,146197684423.0,369.9,False,False
Kalimantan Utara,34,2024,1,Januari,13,Belanja Hibah,191370124680.0,3516310000.0,1.84,False,False
Kalimantan Utara,34,2024,2,Februari,14,Belanja Hibah,191370124680.0,3516310000.0,1.84,False,False
Kalimantan Utara,34,2024,3,Maret,15,Belanja Hibah,191370124680.0,3716310000.0,1.94,False,False
Kalimantan Utara,34,2024,4,April,16,Belanja Hibah,191370124680.0,9389210000.0,4.91,False,False
Kalimantan Utara,34,2024,5,Mei,17,Belanja Hibah,191370124680.0,27039210000.0,14.13,False,False
Kalimantan Utara,34,2024,6,Juni,18,Belanja Hibah,191370124680.0,25024200000.0,13.08,False,False
Kalimantan Utara,34,2024,7,Juli,19,Belanja Hibah,191370124680.0,136942925680.0,71.56,False,False
Kalimantan Utara,34,2024,8,Agustus,20,Belanja Hibah,191370124680.0,167207756967.0,87.37,False,False
Kalimantan Utara,34,2024,9,September,21,Belanja Hibah,191370124680.0,177182288332.0,92.59,False,False
Kalimantan Utara,34,2024,10,Oktober,22,Belanja Hibah,191370124680.0,179049888332.0,93.56,False,False
Kalimantan Utara,34,2024,11,November,23,Belanja Hibah,191370124680.0,192526846332.0,100.6,False,False
Kalimantan Utara,34,2024,12,Desember,24,Belanja Hibah,191370124680.0,222697836570.0,116.37,False,False
Kalimantan Utara,34,2025,1,Januari,25,Belanja Hibah,54967470711.0,0.0,0.0,False,False
Kalimantan Utara,34,2025,2,Februari,26,Belanja Hibah,54967470711.0,0.0,0.0,False,False
Kalimantan Utara,34,2025,3,Maret,27,Belanja Hibah,54967470711.0,1565752000.0,2.85,False,False
Kalimantan Utara,34,2025,4,April,28,Belanja Hibah,54967470711.0,1565752000.0,2.85,False,False
Kalimantan Utara,34,2025,5,Mei,29,Belanja Hibah,54967470711.0,3695719780.0,6.72,False,False
Kalimantan Utara,34,2025,6,Juni,30,Belanja Hibah,54967470711.0,12326529780.0,22.43,False,False
Kalimantan Utara,34,2025,7,Juli,31,Belanja Hibah,54967470711.0,33173214674.0,60.35,False,False
Kalimantan Utara,34,2025,8,Agustus,32,Belanja Hibah,54967470711.0,39911956239.0,72.61,False,False
Kalimantan Utara,34,2025,9,September,33,Belanja Hibah,54967470711.0,40440748029.0,73.57,False,False
Kalimantan Utara,34,2025,10,Oktober,34,Belanja Hibah,54967470711.0,47094957029.0,85.68,False,False
Kalimantan Utara,34,2025,11,November,35,Belanja Hibah,54967470711.0,47259821029.0,85.98,False,False
Kalimantan Utara,34,2025,12,Desember,36,Belanja Hibah,54967470711.0,90678423667.0,164.97,False,False
Kalimantan Utara,34,2026,1,Januari,37,Belanja Hibah,36888572795.0,0.0,0.0,False,False
Kalimantan Utara,34,2026,2,Februari,38,Belanja Hibah,36888572795.0,0.0,0.0,False,False
Kalimantan Utara,34,2026,3,Maret,39,Belanja Hibah,36888572795.0,0.0,0.0,False,False
Kalimantan Utara,34,2026,4,April,40,Belanja Hibah,36888572795.0,0.0,0.0,False,False
Kalimantan Utara,34,2026,5,Mei,41,Belanja Hibah,36888572795.0,6620213000.0,17.95,False,False
Kalimantan Utara,34,2026,6,Juni,42,Belanja Hibah,36888572795.0,9290583394.0,25.19,False,False
Kalimantan Utara,34,2026,7,Juli,43,Belanja Hibah,36888572795.0,19275064712.0,52.25,False,False
Kalimantan Utara,34,2026,8,Agustus,44,Belanja Hibah,36888572795.0,24105446668.0,65.35,False,False
Kalimantan Utara,34,2026,9,September,45,Belanja Hibah,36888572795.0,24355446668.0,66.02,False,False
Kalimantan Utara,34,2026,10,Oktober,46,Belanja Hibah,36888572795.0,24355446668.0,66.02,False,True
Kalimantan Utara,34,2026,11,November,47,Belanja Hibah,36888572795.0,24355446668.0,66.02,False,True
Kalimantan Utara,34,2026,12,Desember,48,Belanja Hibah,36888572795.0,24355446668.0,66.02,False,True
Kalimantan Utara,34,2023,1,Januari,1,Belanja Lainnya,517984310065.0,0.0,0.0,False,False
Kalimantan Utara,34,2023,2,Februari,2,Belanja Lainnya,517984310065.0,30100820924.0,5.81,False,False
Kalimantan Utara,34,2023,3,Maret,3,Belanja Lainnya,517984310065.0,69078742820.0,13.34,False,False
Kalimantan Utara,34,2023,4,April,4,Belanja Lainnya,517984310065.0,90400848444.0,17.45,False,False
Kalimantan Utara,34,2023,5,Mei,5,Belanja Lainnya,517984310065.0,90400848444.0,17.45,False,False
Kalimantan Utara,34,2023,6,Juni,6,Belanja Lainnya,517984310065.0,126710000260.0,24.46,False,False
Kalimantan Utara,34,2023,7,Juli,7,Belanja Lainnya,517984310065.0,175945181920.0,33.97,False,False
Kalimantan Utara,34,2023,8,Agustus,8,Belanja Lainnya,517984310065.0,229611269774.0,44.33,False,False
Kalimantan Utara,34,2023,9,September,9,Belanja Lainnya,517984310065.0,245742453633.0,47.44,False,False
Kalimantan Utara,34,2023,10,Oktober,10,Belanja Lainnya,517984310065.0,254908897763.0,49.21,False,False
Kalimantan Utara,34,2023,11,November,11,Belanja Lainnya,517984310065.0,392009716026.0,75.68,False,False
Kalimantan Utara,34,2023,12,Desember,12,Belanja Lainnya,517984310065.0,665734628052.0,128.52,False,False
Kalimantan Utara,34,2024,1,Januari,13,Belanja Lainnya,884138944890.0,3516310000.0,0.4,False,False
Kalimantan Utara,34,2024,2,Februari,14,Belanja Lainnya,884138944890.0,3516310000.0,0.4,False,False
Kalimantan Utara,34,2024,3,Maret,15,Belanja Lainnya,884138944890.0,42865880322.0,4.85,False,False
Kalimantan Utara,34,2024,4,April,16,Belanja Lainnya,884138944890.0,64032408177.0,7.24,False,False
Kalimantan Utara,34,2024,5,Mei,17,Belanja Lainnya,884138944890.0,164145167016.0,18.57,False,False
Kalimantan Utara,34,2024,6,Juni,18,Belanja Lainnya,884138944890.0,204950149016.0,23.18,False,False
Kalimantan Utara,34,2024,7,Juli,19,Belanja Lainnya,884138944890.0,361583314618.0,40.9,False,False
Kalimantan Utara,34,2024,8,Agustus,20,Belanja Lainnya,884138944890.0,413442589614.0,46.76,False,False
Kalimantan Utara,34,2024,9,September,21,Belanja Lainnya,884138944890.0,477983366180.0,54.06,False,False
Kalimantan Utara,34,2024,10,Oktober,22,Belanja Lainnya,884138944890.0,548001228161.0,61.98,False,False
Kalimantan Utara,34,2024,11,November,23,Belanja Lainnya,884138944890.0,623567004336.0,70.53,False,False
Kalimantan Utara,34,2024,12,Desember,24,Belanja Lainnya,884138944890.0,777608899959.0,87.95,False,False
Kalimantan Utara,34,2025,1,Januari,25,Belanja Lainnya,746179099185.0,0.0,0.0,False,False
Kalimantan Utara,34,2025,2,Februari,26,Belanja Lainnya,746179099185.0,33866234817.0,4.54,False,False
Kalimantan Utara,34,2025,3,Maret,27,Belanja Lainnya,746179099185.0,66210232406.0,8.87,False,False
Kalimantan Utara,34,2025,4,April,28,Belanja Lainnya,746179099185.0,84699255214.0,11.35,False,False
Kalimantan Utara,34,2025,5,Mei,29,Belanja Lainnya,746179099185.0,127479513272.0,17.08,False,False
Kalimantan Utara,34,2025,6,Juni,30,Belanja Lainnya,746179099185.0,170115218630.0,22.8,False,False
Kalimantan Utara,34,2025,7,Juli,31,Belanja Lainnya,746179099185.0,232548727080.0,31.17,False,False
Kalimantan Utara,34,2025,8,Agustus,32,Belanja Lainnya,746179099185.0,270819643023.0,36.29,False,False
Kalimantan Utara,34,2025,9,September,33,Belanja Lainnya,746179099185.0,331216072823.0,44.39,False,False
Kalimantan Utara,34,2025,10,Oktober,34,Belanja Lainnya,746179099185.0,412679719429.0,55.31,False,False
Kalimantan Utara,34,2025,11,November,35,Belanja Lainnya,746179099185.0,440869654348.0,59.08,False,False
Kalimantan Utara,34,2025,12,Desember,36,Belanja Lainnya,746179099185.0,555839098458.0,74.49,False,False
Kalimantan Utara,34,2026,1,Januari,37,Belanja Lainnya,520479908115.92,0.0,0.0,False,False
Kalimantan Utara,34,2026,2,Februari,38,Belanja Lainnya,520479908115.92,812500000.0,0.16,False,False
Kalimantan Utara,34,2026,3,Maret,39,Belanja Lainnya,520479908115.92,812500000.0,0.16,False,False
Kalimantan Utara,34,2026,4,April,40,Belanja Lainnya,520479908115.92,655800000.0,0.13,False,False
Kalimantan Utara,34,2026,5,Mei,41,Belanja Lainnya,520479908115.92,21139172984.0,4.06,False,False
Kalimantan Utara,34,2026,6,Juni,42,Belanja Lainnya,520479908115.92,84570444922.0,16.25,False,False
Kalimantan Utara,34,2026,7,Juli,43,Belanja Lainnya,520479908115.92,213659095596.0,41.05,False,False
Kalimantan Utara,34,2026,8,Agustus,44,Belanja Lainnya,520479908115.92,239846626723.0,46.08,False,False
Kalimantan Utara,34,2026,9,September,45,Belanja Lainnya,520479908115.92,240096626723.0,46.13,False,False
Kalimantan Utara,34,2026,10,Oktober,46,Belanja Lainnya,520479908115.92,240096626723.0,46.13,False,True
Kalimantan Utara,34,2026,11,November,47,Belanja Lainnya,520479908115.92,240096626723.0,46.13,False,True
Kalimantan Utara,34,2026,12,Desember,48,Belanja Lainnya,520479908115.92,240096626723.0,46.13,False,True
Kalimantan Utara,34,2023,1,Januari,1,Belanja Modal,691918329287.0,10925717518.0,1.58,False,False
Kalimantan Utara,34,2023,2,Februari,2,Belanja Modal,691918329287.0,49512302872.0,7.16,False,False
Kalimantan Utara,34,2023,3,Maret,3,Belanja Modal,691918329287.0,50772814450.0,7.34,False,False
Kalimantan Utara,34,2023,4,April,4,Belanja Modal,691918329287.0,78088107149.0,11.29,False,False
Kalimantan Utara,34,2023,5,Mei,5,Belanja Modal,691918329287.0,78088107149.0,11.29,False,False
Kalimantan Utara,34,2023,6,Juni,6,Belanja Modal,691918329287.0,108107617064.0,15.62,False,False
Kalimantan Utara,34,2023,7,Juli,7,Belanja Modal,691918329287.0,135953194852.0,19.65,False,False
Kalimantan Utara,34,2023,8,Agustus,8,Belanja Modal,691918329287.0,196362778240.0,28.38,False,False
Kalimantan Utara,34,2023,9,September,9,Belanja Modal,691918329287.0,236612830831.0,34.2,False,False
Kalimantan Utara,34,2023,10,Oktober,10,Belanja Modal,691918329287.0,292465453251.0,42.27,False,False
Kalimantan Utara,34,2023,11,November,11,Belanja Modal,691918329287.0,380866798148.0,55.05,False,False
Kalimantan Utara,34,2023,12,Desember,12,Belanja Modal,691918329287.0,618270847186.0,89.36,False,False
Kalimantan Utara,34,2024,1,Januari,13,Belanja Modal,578239586981.0,0.0,0.0,False,False
Kalimantan Utara,34,2024,2,Februari,14,Belanja Modal,578239586981.0,2318902700.0,0.4,False,False
Kalimantan Utara,34,2024,3,Maret,15,Belanja Modal,578239586981.0,11218498540.0,1.94,False,False
Kalimantan Utara,34,2024,4,April,16,Belanja Modal,578239586981.0,15484067819.0,2.68,False,False
Kalimantan Utara,34,2024,5,Mei,17,Belanja Modal,578239586981.0,36680123106.0,6.34,False,False
Kalimantan Utara,34,2024,6,Juni,18,Belanja Modal,578239586981.0,62359922378.0,10.78,False,False
Kalimantan Utara,34,2024,7,Juli,19,Belanja Modal,578239586981.0,100052141764.09,17.3,False,False
Kalimantan Utara,34,2024,8,Agustus,20,Belanja Modal,578239586981.0,175422473606.09,30.34,False,False
Kalimantan Utara,34,2024,9,September,21,Belanja Modal,578239586981.0,211999244205.09,36.66,False,False
Kalimantan Utara,34,2024,10,Oktober,22,Belanja Modal,578239586981.0,271231687487.09,46.91,False,False
Kalimantan Utara,34,2024,11,November,23,Belanja Modal,578239586981.0,373995566716.09,64.68,False,False
Kalimantan Utara,34,2024,12,Desember,24,Belanja Modal,578239586981.0,706181651526.09,122.13,False,False
Kalimantan Utara,34,2025,1,Januari,25,Belanja Modal,388573820210.0,0.0,0.0,False,False
Kalimantan Utara,34,2025,2,Februari,26,Belanja Modal,388573820210.0,0.0,0.0,False,False
Kalimantan Utara,34,2025,3,Maret,27,Belanja Modal,388573820210.0,1905014545.0,0.49,False,False
Kalimantan Utara,34,2025,4,April,28,Belanja Modal,388573820210.0,3865130460.0,0.99,False,False
Kalimantan Utara,34,2025,5,Mei,29,Belanja Modal,388573820210.0,10977543160.0,2.83,False,False
Kalimantan Utara,34,2025,6,Juni,30,Belanja Modal,388573820210.0,15214723988.0,3.92,False,False
Kalimantan Utara,34,2025,7,Juli,31,Belanja Modal,388573820210.0,24086468464.0,6.2,False,False
Kalimantan Utara,34,2025,8,Agustus,32,Belanja Modal,388573820210.0,32343880656.0,8.32,False,False
Kalimantan Utara,34,2025,9,September,33,Belanja Modal,388573820210.0,52376094114.0,13.48,False,False
Kalimantan Utara,34,2025,10,Oktober,34,Belanja Modal,388573820210.0,79288462871.0,20.4,False,False
Kalimantan Utara,34,2025,11,November,35,Belanja Modal,388573820210.0,95623982420.0,24.61,False,False
Kalimantan Utara,34,2025,12,Desember,36,Belanja Modal,388573820210.0,264790759468.0,68.14,False,False
Kalimantan Utara,34,2026,1,Januari,37,Belanja Modal,171241421168.0,0.0,0.0,False,False
Kalimantan Utara,34,2026,2,Februari,38,Belanja Modal,171241421168.0,22112132302.0,12.91,False,False
Kalimantan Utara,34,2026,3,Maret,39,Belanja Modal,171241421168.0,63309829185.0,36.97,False,False
Kalimantan Utara,34,2026,4,April,40,Belanja Modal,171241421168.0,80024091256.0,46.73,False,False
Kalimantan Utara,34,2026,5,Mei,41,Belanja Modal,171241421168.0,95669787719.0,55.87,False,False
Kalimantan Utara,34,2026,6,Juni,42,Belanja Modal,171241421168.0,99332539765.0,58.01,False,False
Kalimantan Utara,34,2026,7,Juli,43,Belanja Modal,171241421168.0,116013769857.0,67.75,False,False
Kalimantan Utara,34,2026,8,Agustus,44,Belanja Modal,171241421168.0,120714114825.0,70.49,False,False
Kalimantan Utara,34,2026,9,September,45,Belanja Modal,171241421168.0,120813658525.0,70.55,False,False
Kalimantan Utara,34,2026,10,Oktober,46,Belanja Modal,171241421168.0,120813658525.0,70.55,False,True
Kalimantan Utara,34,2026,11,November,47,Belanja Modal,171241421168.0,120813658525.0,70.55,False,True
Kalimantan Utara,34,2026,12,Desember,48,Belanja Modal,171241421168.0,120813658525.0,70.55,False,True
Kalimantan Utara,34,2023,1,Januari,1,Belanja Pegawai,832417538712.0,44788850979.0,5.38,False,False
Kalimantan Utara,34,2023,2,Februari,2,Belanja Pegawai,832417538712.0,93196848255.0,11.2,False,False
Kalimantan Utara,34,2023,3,Maret,3,Belanja Pegawai,832417538712.0,144242194997.0,17.33,False,False
Kalimantan Utara,34,2023,4,April,4,Belanja Pegawai,832417538712.0,233369540548.0,28.04,False,False
Kalimantan Utara,34,2023,5,Mei,5,Belanja Pegawai,832417538712.0,233369540548.0,28.04,False,False
Kalimantan Utara,34,2023,6,Juni,6,Belanja Pegawai,832417538712.0,320292952210.0,38.48,False,False
Kalimantan Utara,34,2023,7,Juli,7,Belanja Pegawai,832417538712.0,388001708220.0,46.61,False,False
Kalimantan Utara,34,2023,8,Agustus,8,Belanja Pegawai,832417538712.0,442183950814.0,53.12,False,False
Kalimantan Utara,34,2023,9,September,9,Belanja Pegawai,832417538712.0,499117971769.0,59.96,False,False
Kalimantan Utara,34,2023,10,Oktober,10,Belanja Pegawai,832417538712.0,563946190084.0,67.75,False,False
Kalimantan Utara,34,2023,11,November,11,Belanja Pegawai,832417538712.0,625403520030.0,75.13,False,False
Kalimantan Utara,34,2023,12,Desember,12,Belanja Pegawai,832417538712.0,702636257318.0,84.41,False,False
Kalimantan Utara,34,2024,1,Januari,13,Belanja Pegawai,906949239789.0,49401337420.0,5.45,False,False
Kalimantan Utara,34,2024,2,Februari,14,Belanja Pegawai,906949239789.0,99926530717.0,11.02,False,False
Kalimantan Utara,34,2024,3,Maret,15,Belanja Pegawai,906949239789.0,179514396554.0,19.79,False,False
Kalimantan Utara,34,2024,4,April,16,Belanja Pegawai,906949239789.0,269938918851.0,29.76,False,False
Kalimantan Utara,34,2024,5,Mei,17,Belanja Pegawai,906949239789.0,368922588004.0,40.68,False,False
Kalimantan Utara,34,2024,6,Juni,18,Belanja Pegawai,906949239789.0,444155223628.0,48.97,False,False
Kalimantan Utara,34,2024,7,Juli,19,Belanja Pegawai,906949239789.0,517603469214.0,57.07,False,False
Kalimantan Utara,34,2024,8,Agustus,20,Belanja Pegawai,906949239789.0,587000486513.0,64.72,False,False
Kalimantan Utara,34,2024,9,September,21,Belanja Pegawai,906949239789.0,642539303031.0,70.85,False,False
Kalimantan Utara,34,2024,10,Oktober,22,Belanja Pegawai,906949239789.0,702060807138.0,77.41,False,False
Kalimantan Utara,34,2024,11,November,23,Belanja Pegawai,906949239789.0,781444073828.0,86.16,False,False
Kalimantan Utara,34,2024,12,Desember,24,Belanja Pegawai,906949239789.0,868496469825.0,95.76,False,False
Kalimantan Utara,34,2025,1,Januari,25,Belanja Pegawai,987362422224.23,44410867816.0,4.5,False,False
Kalimantan Utara,34,2025,2,Februari,26,Belanja Pegawai,987362422224.23,93042988969.0,9.42,False,False
Kalimantan Utara,34,2025,3,Maret,27,Belanja Pegawai,987362422224.23,182563250604.0,18.49,False,False
Kalimantan Utara,34,2025,4,April,28,Belanja Pegawai,987362422224.23,237803833586.0,24.08,False,False
Kalimantan Utara,34,2025,5,Mei,29,Belanja Pegawai,987362422224.23,290391174223.0,29.41,False,False
Kalimantan Utara,34,2025,6,Juni,30,Belanja Pegawai,987362422224.23,395956979132.0,40.1,False,False
Kalimantan Utara,34,2025,7,Juli,31,Belanja Pegawai,987362422224.23,455778377034.0,46.16,False,False
Kalimantan Utara,34,2025,8,Agustus,32,Belanja Pegawai,987362422224.23,507281700217.0,51.38,False,False
Kalimantan Utara,34,2025,9,September,33,Belanja Pegawai,987362422224.23,565579275172.0,57.28,False,False
Kalimantan Utara,34,2025,10,Oktober,34,Belanja Pegawai,987362422224.23,616684707929.0,62.46,False,False
Kalimantan Utara,34,2025,11,November,35,Belanja Pegawai,987362422224.23,690997493675.0,69.98,False,False
Kalimantan Utara,34,2025,12,Desember,36,Belanja Pegawai,987362422224.23,851788371086.0,86.27,False,False
Kalimantan Utara,34,2026,1,Januari,37,Belanja Pegawai,996963942278.67,29198708087.0,2.93,False,False
Kalimantan Utara,34,2026,2,Februari,38,Belanja Pegawai,996963942278.67,88520423950.0,8.88,False,False
Kalimantan Utara,34,2026,3,Maret,39,Belanja Pegawai,996963942278.67,207942900497.0,20.86,False,False
Kalimantan Utara,34,2026,4,April,40,Belanja Pegawai,996963942278.67,273441506642.0,27.43,False,False
Kalimantan Utara,34,2026,5,Mei,41,Belanja Pegawai,996963942278.67,344148334399.0,34.52,False,False
Kalimantan Utara,34,2026,6,Juni,42,Belanja Pegawai,996963942278.67,425266819650.0,42.66,False,False
Kalimantan Utara,34,2026,7,Juli,43,Belanja Pegawai,996963942278.67,493117111754.0,49.46,False,False
Kalimantan Utara,34,2026,8,Agustus,44,Belanja Pegawai,996963942278.67,553510018826.0,55.52,False,False
Kalimantan Utara,34,2026,9,September,45,Belanja Pegawai,996963942278.67,596962008893.0,59.88,False,False
Kalimantan Utara,34,2026,10,Oktober,46,Belanja Pegawai,996963942278.67,596962008893.0,59.88,False,True
Kalimantan Utara,34,2026,11,November,47,Belanja Pegawai,996963942278.67,596962008893.0,59.88,False,True
Kalimantan Utara,34,2026,12,Desember,48,Belanja Pegawai,996963942278.67,596962008893.0,59.88,False,True
Kalimantan Utara,34,2023,1,Januari,1,Belanja Subsidi,16655773900.0,0.0,0.0,False,False
Kalimantan Utara,34,2023,2,Februari,2,Belanja Subsidi,16655773900.0,0.0,0.0,False,False
Kalimantan Utara,34,2023,3,Maret,3,Belanja Subsidi,16655773900.0,0.0,0.0,False,False
Kalimantan Utara,34,2023,4,April,4,Belanja Subsidi,16655773900.0,39750000.0,0.24,False,False
Kalimantan Utara,34,2023,5,Mei,5,Belanja Subsidi,16655773900.0,39750000.0,0.24,False,False
Kalimantan Utara,34,2023,6,Juni,6,Belanja Subsidi,16655773900.0,39750000.0,0.24,False,False
Kalimantan Utara,34,2023,7,Juli,7,Belanja Subsidi,16655773900.0,2633015784.0,15.81,False,False
Kalimantan Utara,34,2023,8,Agustus,8,Belanja Subsidi,16655773900.0,3814604343.0,22.9,False,False
Kalimantan Utara,34,2023,9,September,9,Belanja Subsidi,16655773900.0,5481854678.0,32.91,False,False
Kalimantan Utara,34,2023,10,Oktober,10,Belanja Subsidi,16655773900.0,6863368121.0,41.21,False,False
Kalimantan Utara,34,2023,11,November,11,Belanja Subsidi,16655773900.0,8694766540.0,52.2,False,False
Kalimantan Utara,34,2023,12,Desember,12,Belanja Subsidi,16655773900.0,16303140465.0,97.88,False,False
Kalimantan Utara,34,2024,1,Januari,13,Belanja Subsidi,19152791500.0,0.0,0.0,False,False
Kalimantan Utara,34,2024,2,Februari,14,Belanja Subsidi,19152791500.0,0.0,0.0,False,False
Kalimantan Utara,34,2024,3,Maret,15,Belanja Subsidi,19152791500.0,44026000.0,0.23,False,False
Kalimantan Utara,34,2024,4,April,16,Belanja Subsidi,19152791500.0,436880000.0,2.28,False,False
Kalimantan Utara,34,2024,5,Mei,17,Belanja Subsidi,19152791500.0,436880000.0,2.28,False,False
Kalimantan Utara,34,2024,6,Juni,18,Belanja Subsidi,19152791500.0,436880000.0,2.28,False,False
Kalimantan Utara,34,2024,7,Juli,19,Belanja Subsidi,19152791500.0,2982094295.0,15.57,False,False
Kalimantan Utara,34,2024,8,Agustus,20,Belanja Subsidi,19152791500.0,5021160120.0,26.22,False,False
Kalimantan Utara,34,2024,9,September,21,Belanja Subsidi,19152791500.0,7100156975.0,37.07,False,False
Kalimantan Utara,34,2024,10,Oktober,22,Belanja Subsidi,19152791500.0,8997503500.0,46.98,False,False
Kalimantan Utara,34,2024,11,November,23,Belanja Subsidi,19152791500.0,11695013740.0,61.06,False,False
Kalimantan Utara,34,2024,12,Desember,24,Belanja Subsidi,19152791500.0,19787303700.0,103.31,False,False
Kalimantan Utara,34,2025,1,Januari,25,Belanja Subsidi,3951474387.0,0.0,0.0,False,False
Kalimantan Utara,34,2025,2,Februari,26,Belanja Subsidi,3951474387.0,0.0,0.0,False,False
Kalimantan Utara,34,2025,3,Maret,27,Belanja Subsidi,3951474387.0,262900000.0,6.65,False,False
Kalimantan Utara,34,2025,4,April,28,Belanja Subsidi,3951474387.0,546400000.0,13.83,False,False
Kalimantan Utara,34,2025,5,Mei,29,Belanja Subsidi,3951474387.0,546400000.0,13.83,False,False
Kalimantan Utara,34,2025,6,Juni,30,Belanja Subsidi,3951474387.0,546400000.0,13.83,False,False
Kalimantan Utara,34,2025,7,Juli,31,Belanja Subsidi,3951474387.0,630900000.0,15.97,False,False
Kalimantan Utara,34,2025,8,Agustus,32,Belanja Subsidi,3951474387.0,630900000.0,15.97,False,False
Kalimantan Utara,34,2025,9,September,33,Belanja Subsidi,3951474387.0,630900000.0,15.97,False,False
Kalimantan Utara,34,2025,10,Oktober,34,Belanja Subsidi,3951474387.0,630900000.0,15.97,False,False
Kalimantan Utara,34,2025,11,November,35,Belanja Subsidi,3951474387.0,630900000.0,15.97,False,False
Kalimantan Utara,34,2025,12,Desember,36,Belanja Subsidi,3951474387.0,690900000.0,17.48,False,False
Kalimantan Utara,34,2026,1,Januari,37,Belanja Subsidi,46000000.0,0.0,0.0,False,False
Kalimantan Utara,34,2026,2,Februari,38,Belanja Subsidi,46000000.0,0.0,0.0,False,False
Kalimantan Utara,34,2026,3,Maret,39,Belanja Subsidi,46000000.0,0.0,0.0,False,False
Kalimantan Utara,34,2026,4,April,40,Belanja Subsidi,46000000.0,0.0,0.0,False,False
Kalimantan Utara,34,2026,5,Mei,41,Belanja Subsidi,46000000.0,0.0,0.0,False,False
Kalimantan Utara,34,2026,6,Juni,42,Belanja Subsidi,46000000.0,46000000.0,100.0,False,False
Kalimantan Utara,34,2026,7,Juli,43,Belanja Subsidi,46000000.0,46000000.0,100.0,False,True
Kalimantan Utara,34,2026,8,Agustus,44,Belanja Subsidi,46000000.0,46000000.0,100.0,False,True
Kalimantan Utara,34,2026,9,September,45,Belanja Subsidi,46000000.0,46000000.0,100.0,False,True
Kalimantan Utara,34,2026,10,Oktober,46,Belanja Subsidi,46000000.0,46000000.0,100.0,False,True
Kalimantan Utara,34,2026,11,November,47,Belanja Subsidi,46000000.0,46000000.0,100.0,False,True
Kalimantan Utara,34,2026,12,Desember,48,Belanja Subsidi,46000000.0,46000000.0,100.0,False,True
Kalimantan Utara,34,2023,1,Januari,1,Belanja Tidak Terduga,10000000000.0,0.0,0.0,False,False
Kalimantan Utara,34,2023,2,Februari,2,Belanja Tidak Terduga,10000000000.0,0.0,0.0,False,False
Kalimantan Utara,34,2023,3,Maret,3,Belanja Tidak Terduga,10000000000.0,375000000.0,3.75,False,False
Kalimantan Utara,34,2023,4,April,4,Belanja Tidak Terduga,10000000000.0,485000000.0,4.85,False,False
Kalimantan Utara,34,2023,5,Mei,5,Belanja Tidak Terduga,10000000000.0,485000000.0,4.85,False,False
Kalimantan Utara,34,2023,6,Juni,6,Belanja Tidak Terduga,10000000000.0,383500000.0,3.84,False,False
Kalimantan Utara,34,2023,7,Juli,7,Belanja Tidak Terduga,10000000000.0,1734006564.0,17.34,False,False
Kalimantan Utara,34,2023,8,Agustus,8,Belanja Tidak Terduga,10000000000.0,6178646564.0,61.79,False,False
Kalimantan Utara,34,2023,9,September,9,Belanja Tidak Terduga,10000000000.0,7965429946.0,79.65,False,False
Kalimantan Utara,34,2023,10,Oktober,10,Belanja Tidak Terduga,10000000000.0,8470420635.0,84.7,False,False
Kalimantan Utara,34,2023,11,November,11,Belanja Tidak Terduga,10000000000.0,8285707027.0,82.86,False,False
Kalimantan Utara,34,2023,12,Desember,12,Belanja Tidak Terduga,10000000000.0,8942744281.0,89.43,False,False
Kalimantan Utara,34,2024,1,Januari,13,Belanja Tidak Terduga,15000000000.0,0.0,0.0,False,False
Kalimantan Utara,34,2024,2,Februari,14,Belanja Tidak Terduga,15000000000.0,0.0,0.0,False,False
Kalimantan Utara,34,2024,3,Maret,15,Belanja Tidak Terduga,15000000000.0,780000000.0,5.2,False,False
Kalimantan Utara,34,2024,4,April,16,Belanja Tidak Terduga,15000000000.0,1050000000.0,7.0,False,False
Kalimantan Utara,34,2024,5,Mei,17,Belanja Tidak Terduga,15000000000.0,1605000000.0,10.7,False,False
Kalimantan Utara,34,2024,6,Juni,18,Belanja Tidak Terduga,15000000000.0,1748559000.0,11.66,False,False
Kalimantan Utara,34,2024,7,Juli,19,Belanja Tidak Terduga,15000000000.0,1946334000.0,12.98,False,False
Kalimantan Utara,34,2024,8,Agustus,20,Belanja Tidak Terduga,15000000000.0,2016277851.0,13.44,False,False
Kalimantan Utara,34,2024,9,September,21,Belanja Tidak Terduga,15000000000.0,2016277851.0,13.44,False,False
Kalimantan Utara,34,2024,10,Oktober,22,Belanja Tidak Terduga,15000000000.0,2614635405.0,17.43,False,False
Kalimantan Utara,34,2024,11,November,23,Belanja Tidak Terduga,15000000000.0,6874618661.0,45.83,False,False
Kalimantan Utara,34,2024,12,Desember,24,Belanja Tidak Terduga,15000000000.0,7566963773.0,50.45,False,False
Kalimantan Utara,34,2025,1,Januari,25,Belanja Tidak Terduga,25000000000.0,0.0,0.0,False,False
Kalimantan Utara,34,2025,2,Februari,26,Belanja Tidak Terduga,25000000000.0,0.0,0.0,False,False
Kalimantan Utara,34,2025,3,Maret,27,Belanja Tidak Terduga,25000000000.0,1252000000.0,5.01,False,False
Kalimantan Utara,34,2025,4,April,28,Belanja Tidak Terduga,25000000000.0,1252000000.0,5.01,False,False
Kalimantan Utara,34,2025,5,Mei,29,Belanja Tidak Terduga,25000000000.0,1252000000.0,5.01,False,False
Kalimantan Utara,34,2025,6,Juni,30,Belanja Tidak Terduga,25000000000.0,1252000000.0,5.01,False,False
Kalimantan Utara,34,2025,7,Juli,31,Belanja Tidak Terduga,25000000000.0,16952508629.0,67.81,False,False
Kalimantan Utara,34,2025,8,Agustus,32,Belanja Tidak Terduga,25000000000.0,16993662225.0,67.97,False,False
Kalimantan Utara,34,2025,9,September,33,Belanja Tidak Terduga,25000000000.0,21177998168.0,84.71,False,False
Kalimantan Utara,34,2025,10,Oktober,34,Belanja Tidak Terduga,25000000000.0,25935589806.0,103.74,False,False
Kalimantan Utara,34,2025,11,November,35,Belanja Tidak Terduga,25000000000.0,26345589806.0,105.38,False,False
Kalimantan Utara,34,2025,12,Desember,36,Belanja Tidak Terduga,25000000000.0,27366035761.0,109.46,False,False
Kalimantan Utara,34,2026,1,Januari,37,Belanja Tidak Terduga,5000000000.0,0.0,0.0,False,False
Kalimantan Utara,34,2026,2,Februari,38,Belanja Tidak Terduga,5000000000.0,812500000.0,16.25,False,False
Kalimantan Utara,34,2026,3,Maret,39,Belanja Tidak Terduga,5000000000.0,812500000.0,16.25,False,False
Kalimantan Utara,34,2026,4,April,40,Belanja Tidak Terduga,5000000000.0,655800000.0,13.12,False,False
Kalimantan Utara,34,2026,5,Mei,41,Belanja Tidak Terduga,5000000000.0,1230800000.0,24.62,False,False
Kalimantan Utara,34,2026,6,Juni,42,Belanja Tidak Terduga,5000000000.0,1328300000.0,26.57,False,False
Kalimantan Utara,34,2026,7,Juli,43,Belanja Tidak Terduga,5000000000.0,1337300000.0,26.75,False,False
Kalimantan Utara,34,2026,8,Agustus,44,Belanja Tidak Terduga,5000000000.0,1830607335.0,36.61,False,False
Kalimantan Utara,34,2026,9,September,45,Belanja Tidak Terduga,5000000000.0,1830607335.0,36.61,False,True
Kalimantan Utara,34,2026,10,Oktober,46,Belanja Tidak Terduga,5000000000.0,1830607335.0,36.61,False,True
Kalimantan Utara,34,2026,11,November,47,Belanja Tidak Terduga,5000000000.0,1830607335.0,36.61,False,True
Kalimantan Utara,34,2026,12,Desember,48,Belanja Tidak Terduga,5000000000.0,1830607335.0,36.61,False,True
Kalimantan Utara,34,2023,1,Januari,1,Hasil Pengelolaan Kekayaan Daerah yang Dipisahkan,37088203219.0,0.0,0.0,False,False
Kalimantan Utara,34,2023,2,Februari,2,Hasil Pengelolaan Kekayaan Daerah yang Dipisahkan,37088203219.0,0.0,0.0,False,False
Kalimantan Utara,34,2023,3,Maret,3,Hasil Pengelolaan Kekayaan Daerah yang Dipisahkan,37088203219.0,10114672311.44,27.27,False,False
Kalimantan Utara,34,2023,4,April,4,Hasil Pengelolaan Kekayaan Daerah yang Dipisahkan,37088203219.0,10114672311.44,27.27,False,True
Kalimantan Utara,34,2023,5,Mei,5,Hasil Pengelolaan Kekayaan Daerah yang Dipisahkan,37088203219.0,10114672311.44,27.27,False,True
Kalimantan Utara,34,2023,6,Juni,6,Hasil Pengelolaan Kekayaan Daerah yang Dipisahkan,37088203219.0,10114672311.44,27.27,False,True
Kalimantan Utara,34,2023,7,Juli,7,Hasil Pengelolaan Kekayaan Daerah yang Dipisahkan,37088203219.0,10114672311.44,27.27,False,True
Kalimantan Utara,34,2023,8,Agustus,8,Hasil Pengelolaan Kekayaan Daerah yang Dipisahkan,37088203219.0,10114672311.44,27.27,False,True
Kalimantan Utara,34,2023,9,September,9,Hasil Pengelolaan Kekayaan Daerah yang Dipisahkan,37088203219.0,10114672311.44,27.27,False,True
Kalimantan Utara,34,2023,10,Oktober,10,Hasil Pengelolaan Kekayaan Daerah yang Dipisahkan,37088203219.0,10114672311.44,27.27,False,True
Kalimantan Utara,34,2023,11,November,11,Hasil Pengelolaan Kekayaan Daerah yang Dipisahkan,37088203219.0,10114672311.44,27.27,False,True
Kalimantan Utara,34,2023,12,Desember,12,Hasil Pengelolaan Kekayaan Daerah yang Dipisahkan,37088203219.0,10114672311.44,27.27,False,True
Kalimantan Utara,34,2024,1,Januari,13,Hasil Pengelolaan Kekayaan Daerah yang Dipisahkan,10114672311.0,0.0,0.0,False,False
Kalimantan Utara,34,2024,2,Februari,14,Hasil Pengelolaan Kekayaan Daerah yang Dipisahkan,10114672311.0,0.0,0.0,False,False
Kalimantan Utara,34,2024,3,Maret,15,Hasil Pengelolaan Kekayaan Daerah yang Dipisahkan,10114672311.0,0.0,0.0,False,False
Kalimantan Utara,34,2024,4,April,16,Hasil Pengelolaan Kekayaan Daerah yang Dipisahkan,10114672311.0,11371469793.77,112.43,False,False
Kalimantan Utara,34,2024,5,Mei,17,Hasil Pengelolaan Kekayaan Daerah yang Dipisahkan,10114672311.0,11371469793.77,112.43,False,True
Kalimantan Utara,34,2024,6,Juni,18,Hasil Pengelolaan Kekayaan Daerah yang Dipisahkan,10114672311.0,11371469793.77,112.43,False,True
Kalimantan Utara,34,2024,7,Juli,19,Hasil Pengelolaan Kekayaan Daerah yang Dipisahkan,10114672311.0,11371469793.77,112.43,False,True
Kalimantan Utara,34,2024,8,Agustus,20,Hasil Pengelolaan Kekayaan Daerah yang Dipisahkan,10114672311.0,11371469793.77,112.43,False,True
Kalimantan Utara,34,2024,9,September,21,Hasil Pengelolaan Kekayaan Daerah yang Dipisahkan,10114672311.0,11371469793.77,112.43,False,True
Kalimantan Utara,34,2024,10,Oktober,22,Hasil Pengelolaan Kekayaan Daerah yang Dipisahkan,10114672311.0,11371469793.77,112.43,False,True
Kalimantan Utara,34,2024,11,November,23,Hasil Pengelolaan Kekayaan Daerah yang Dipisahkan,10114672311.0,11371469793.77,112.43,False,True
Kalimantan Utara,34,2024,12,Desember,24,Hasil Pengelolaan Kekayaan Daerah yang Dipisahkan,10114672311.0,11371469793.77,112.43,False,True
Kalimantan Utara,34,2025,1,Januari,25,Hasil Pengelolaan Kekayaan Daerah yang Dipisahkan,11371469794.0,0.0,0.0,False,False
Kalimantan Utara,34,2025,2,Februari,26,Hasil Pengelolaan Kekayaan Daerah yang Dipisahkan,11371469794.0,0.0,0.0,False,False
Kalimantan Utara,34,2025,3,Maret,27,Hasil Pengelolaan Kekayaan Daerah yang Dipisahkan,11371469794.0,0.0,0.0,False,False
Kalimantan Utara,34,2025,4,April,28,Hasil Pengelolaan Kekayaan Daerah yang Dipisahkan,11371469794.0,9472177918.64,83.3,False,False
Kalimantan Utara,34,2025,5,Mei,29,Hasil Pengelolaan Kekayaan Daerah yang Dipisahkan,11371469794.0,9472177918.64,83.3,False,True
Kalimantan Utara,34,2025,6,Juni,30,Hasil Pengelolaan Kekayaan Daerah yang Dipisahkan,11371469794.0,9472177918.64,83.3,False,True
Kalimantan Utara,34,2025,7,Juli,31,Hasil Pengelolaan Kekayaan Daerah yang Dipisahkan,11371469794.0,9472177918.64,83.3,False,True
Kalimantan Utara,34,2025,8,Agustus,32,Hasil Pengelolaan Kekayaan Daerah yang Dipisahkan,11371469794.0,9472177918.64,83.3,False,True
Kalimantan Utara,34,2025,9,September,33,Hasil Pengelolaan Kekayaan Daerah yang Dipisahkan,11371469794.0,9472177918.64,83.3,False,True
Kalimantan Utara,34,2025,10,Oktober,34,Hasil Pengelolaan Kekayaan Daerah yang Dipisahkan,11371469794.0,9472177918.64,83.3,False,True
Kalimantan Utara,34,2025,11,November,35,Hasil Pengelolaan Kekayaan Daerah yang Dipisahkan,11371469794.0,9472177918.64,83.3,False,True
Kalimantan Utara,34,2025,12,Desember,36,Hasil Pengelolaan Kekayaan Daerah yang Dipisahkan,11371469794.0,9472177918.64,83.3,False,True
Kalimantan Utara,34,2026,1,Januari,37,Hasil Pengelolaan Kekayaan Daerah yang Dipisahkan,11106555082.0,0.0,0.0,False,False
Kalimantan Utara,34,2026,2,Februari,38,Hasil Pengelolaan Kekayaan Daerah yang Dipisahkan,11106555082.0,0.0,0.0,False,False
Kalimantan Utara,34,2026,3,Maret,39,Hasil Pengelolaan Kekayaan Daerah yang Dipisahkan,11106555082.0,6757703858.28,60.84,False,False
Kalimantan Utara,34,2026,4,April,40,Hasil Pengelolaan Kekayaan Daerah yang Dipisahkan,11106555082.0,6757703858.28,60.84,False,True
Kalimantan Utara,34,2026,5,Mei,41,Hasil Pengelolaan Kekayaan Daerah yang Dipisahkan,11106555082.0,6757703858.28,60.84,False,True
Kalimantan Utara,34,2026,6,Juni,42,Hasil Pengelolaan Kekayaan Daerah yang Dipisahkan,11106555082.0,6757703858.28,60.84,False,True
Kalimantan Utara,34,2026,7,Juli,43,Hasil Pengelolaan Kekayaan Daerah yang Dipisahkan,11106555082.0,6757703858.28,60.84,False,True
Kalimantan Utara,34,2026,8,Agustus,44,Hasil Pengelolaan Kekayaan Daerah yang Dipisahkan,11106555082.0,6757703858.28,60.84,False,True
Kalimantan Utara,34,2026,9,September,45,Hasil Pengelolaan Kekayaan Daerah yang Dipisahkan,11106555082.0,6757703858.28,60.84,False,True
Kalimantan Utara,34,2026,10,Oktober,46,Hasil Pengelolaan Kekayaan Daerah yang Dipisahkan,11106555082.0,6757703858.28,60.84,False,True
Kalimantan Utara,34,2026,11,November,47,Hasil Pengelolaan Kekayaan Daerah yang Dipisahkan,11106555082.0,6757703858.28,60.84,False,True
Kalimantan Utara,34,2026,12,Desember,48,Hasil Pengelolaan Kekayaan Daerah yang Dipisahkan,11106555082.0,6757703858.28,60.84,False,True
Kalimantan Utara,34,2023,1,Januari,1,Lain-Lain PAD yang Sah,198625273052.0,645653867.47,0.33,False,False
Kalimantan Utara,34,2023,2,Februari,2,Lain-Lain PAD yang Sah,198625273052.0,16422231423.42,8.27,False,False
Kalimantan Utara,34,2023,3,Maret,3,Lain-Lain PAD yang Sah,198625273052.0,33841335695.55,17.04,False,False
Kalimantan Utara,34,2023,4,April,4,Lain-Lain PAD yang Sah,198625273052.0,52310196685.0,26.34,False,False
Kalimantan Utara,34,2023,5,Mei,5,Lain-Lain PAD yang Sah,198625273052.0,52310196685.0,26.34,False,False
Kalimantan Utara,34,2023,6,Juni,6,Lain-Lain PAD yang Sah,198625273052.0,70156845346.99,35.32,False,False
Kalimantan Utara,34,2023,7,Juli,7,Lain-Lain PAD yang Sah,198625273052.0,75760507044.73,38.14,False,False
Kalimantan Utara,34,2023,8,Agustus,8,Lain-Lain PAD yang Sah,198625273052.0,111798192893.73,56.29,False,False
Kalimantan Utara,34,2023,9,September,9,Lain-Lain PAD yang Sah,198625273052.0,131450512986.06,66.18,False,False
Kalimantan Utara,34,2023,10,Oktober,10,Lain-Lain PAD yang Sah,198625273052.0,135427430544.67,68.18,False,False
Kalimantan Utara,34,2023,11,November,11,Lain-Lain PAD yang Sah,198625273052.0,173532311957.22,87.37,False,False
Kalimantan Utara,34,2023,12,Desember,12,Lain-Lain PAD yang Sah,198625273052.0,218598040278.46,110.06,False,False
Kalimantan Utara,34,2024,1,Januari,13,Lain-Lain PAD yang Sah,220015750000.0,19565825061.81,8.89,False,False
Kalimantan Utara,34,2024,2,Februari,14,Lain-Lain PAD yang Sah,220015750000.0,23725677575.83,10.78,False,False
Kalimantan Utara,34,2024,3,Maret,15,Lain-Lain PAD yang Sah,220015750000.0,44816217689.23,20.37,False,False
Kalimantan Utara,34,2024,4,April,16,Lain-Lain PAD yang Sah,220015750000.0,77454191455.48,35.2,False,False
Kalimantan Utara,34,2024,5,Mei,17,Lain-Lain PAD yang Sah,220015750000.0,80997780280.91,36.81,False,False
Kalimantan Utara,34,2024,6,Juni,18,Lain-Lain PAD yang Sah,220015750000.0,8390319990.49,3.81,False,False
Kalimantan Utara,34,2024,7,Juli,19,Lain-Lain PAD yang Sah,220015750000.0,138910895793.56,63.14,False,False
Kalimantan Utara,34,2024,8,Agustus,20,Lain-Lain PAD yang Sah,220015750000.0,160077378308.62,72.76,False,False
Kalimantan Utara,34,2024,9,September,21,Lain-Lain PAD yang Sah,220015750000.0,184515087067.84,83.86,False,False
Kalimantan Utara,34,2024,10,Oktober,22,Lain-Lain PAD yang Sah,220015750000.0,203268533839.02,92.39,False,False
Kalimantan Utara,34,2024,11,November,23,Lain-Lain PAD yang Sah,220015750000.0,227332991110.12,103.33,False,False
Kalimantan Utara,34,2024,12,Desember,24,Lain-Lain PAD yang Sah,220015750000.0,250366008069.04,113.79,False,False
Kalimantan Utara,34,2025,1,Januari,25,Lain-Lain PAD yang Sah,249953133333.0,17132948795.82,6.85,False,False
Kalimantan Utara,34,2025,2,Februari,26,Lain-Lain PAD yang Sah,249953133333.0,34250180304.38,13.7,False,False
Kalimantan Utara,34,2025,3,Maret,27,Lain-Lain PAD yang Sah,249953133333.0,49519701585.08,19.81,False,False
Kalimantan Utara,34,2025,4,April,28,Lain-Lain PAD yang Sah,249953133333.0,64814791782.3,25.93,False,False
Kalimantan Utara,34,2025,5,Mei,29,Lain-Lain PAD yang Sah,249953133333.0,80983954768.96,32.4,False,False
Kalimantan Utara,34,2025,6,Juni,30,Lain-Lain PAD yang Sah,249953133333.0,86062958512.86,34.43,False,False
Kalimantan Utara,34,2025,7,Juli,31,Lain-Lain PAD yang Sah,249953133333.0,116049245369.74,46.43,False,False
Kalimantan Utara,34,2025,8,Agustus,32,Lain-Lain PAD yang Sah,249953133333.0,135114619176.39,54.06,False,False
Kalimantan Utara,34,2025,9,September,33,Lain-Lain PAD yang Sah,249953133333.0,154727134515.6,61.9,False,False
Kalimantan Utara,34,2025,10,Oktober,34,Lain-Lain PAD yang Sah,249953133333.0,171516372873.61,68.62,False,False
Kalimantan Utara,34,2025,11,November,35,Lain-Lain PAD yang Sah,249953133333.0,31848942832.51,12.74,False,False
Kalimantan Utara,34,2025,12,Desember,36,Lain-Lain PAD yang Sah,249953133333.0,16620586575.21,6.65,False,False
Kalimantan Utara,34,2026,1,Januari,37,Lain-Lain PAD yang Sah,42426768235.0,1062347865.42,2.5,False,False
Kalimantan Utara,34,2026,2,Februari,38,Lain-Lain PAD yang Sah,42426768235.0,1424891916.48,3.36,False,False
Kalimantan Utara,34,2026,3,Maret,39,Lain-Lain PAD yang Sah,42426768235.0,2822708785.02,6.65,False,False
Kalimantan Utara,34,2026,4,April,40,Lain-Lain PAD yang Sah,42426768235.0,3906855973.55,9.21,False,False
Kalimantan Utara,34,2026,5,Mei,41,Lain-Lain PAD yang Sah,42426768235.0,6985473828.24,16.46,False,False
Kalimantan Utara,34,2026,6,Juni,42,Lain-Lain PAD yang Sah,42426768235.0,8572998531.31,20.21,False,False
Kalimantan Utara,34,2026,7,Juli,43,Lain-Lain PAD yang Sah,42426768235.0,9324580967.61,21.98,False,False
Kalimantan Utara,34,2026,8,Agustus,44,Lain-Lain PAD yang Sah,42426768235.0,9789203456.64,23.07,False,False
Kalimantan Utara,34,2026,9,September,45,Lain-Lain PAD yang Sah,42426768235.0,9799706556.64,23.1,False,False
Kalimantan Utara,34,2026,10,Oktober,46,Lain-Lain PAD yang Sah,42426768235.0,9799706556.64,23.1,False,True
Kalimantan Utara,34,2026,11,November,47,Lain-Lain PAD yang Sah,42426768235.0,9799706556.64,23.1,False,True
Kalimantan Utara,34,2026,12,Desember,48,Lain-Lain PAD yang Sah,42426768235.0,9799706556.64,23.1,False,True
Kalimantan Utara,34,2023,1,Januari,1,Lain-lain Pendapatan Sesuai dengan Ketentuan Peraturan Perundang-Undangan,0.0,185012138.0,0.0,False,False
Kalimantan Utara,34,2023,2,Februari,2,Lain-lain Pendapatan Sesuai dengan Ketentuan Peraturan Perundang-Undangan,0.0,349272562.0,0.0,False,False
Kalimantan Utara,34,2023,3,Maret,3,Lain-lain Pendapatan Sesuai dengan Ketentuan Peraturan Perundang-Undangan,0.0,352489987.0,0.0,False,False
Kalimantan Utara,34,2023,4,April,4,Lain-lain Pendapatan Sesuai dengan Ketentuan Peraturan Perundang-Undangan,0.0,362080587.0,0.0,False,False
Kalimantan Utara,34,2023,5,Mei,5,Lain-lain Pendapatan Sesuai dengan Ketentuan Peraturan Perundang-Undangan,0.0,362080587.0,0.0,False,False
Kalimantan Utara,34,2023,6,Juni,6,Lain-lain Pendapatan Sesuai dengan Ketentuan Peraturan Perundang-Undangan,0.0,362080587.0,0.0,False,False
Kalimantan Utara,34,2023,7,Juli,7,Lain-lain Pendapatan Sesuai dengan Ketentuan Peraturan Perundang-Undangan,0.0,362123587.0,0.0,False,False
Kalimantan Utara,34,2023,8,Agustus,8,Lain-lain Pendapatan Sesuai dengan Ketentuan Peraturan Perundang-Undangan,0.0,362623587.0,0.0,False,False
Kalimantan Utara,34,2023,9,September,9,Lain-lain Pendapatan Sesuai dengan Ketentuan Peraturan Perundang-Undangan,0.0,363711552.0,0.0,False,False
Kalimantan Utara,34,2023,10,Oktober,10,Lain-lain Pendapatan Sesuai dengan Ketentuan Peraturan Perundang-Undangan,0.0,369285966.0,0.0,False,False
Kalimantan Utara,34,2023,11,November,11,Lain-lain Pendapatan Sesuai dengan Ketentuan Peraturan Perundang-Undangan,0.0,375585966.0,0.0,False,False
Kalimantan Utara,34,2023,12,Desember,12,Lain-lain Pendapatan Sesuai dengan Ketentuan Peraturan Perundang-Undangan,0.0,375585966.0,0.0,False,True
Kalimantan Utara,34,2024,1,Januari,13,Lain-lain Pendapatan Sesuai dengan Ketentuan Peraturan Perundang-Undangan,0.0,202434708.0,0.0,False,False
Kalimantan Utara,34,2024,2,Februari,14,Lain-lain Pendapatan Sesuai dengan Ketentuan Peraturan Perundang-Undangan,0.0,206809011.0,0.0,False,False
Kalimantan Utara,34,2024,3,Maret,15,Lain-lain Pendapatan Sesuai dengan Ketentuan Peraturan Perundang-Undangan,0.0,230810165.0,0.0,False,False
Kalimantan Utara,34,2024,4,April,16,Lain-lain Pendapatan Sesuai dengan Ketentuan Peraturan Perundang-Undangan,0.0,364012760.0,0.0,False,False
Kalimantan Utara,34,2024,5,Mei,17,Lain-lain Pendapatan Sesuai dengan Ketentuan Peraturan Perundang-Undangan,0.0,1277282379.0,0.0,False,False
Kalimantan Utara,34,2024,6,Juni,18,Lain-lain Pendapatan Sesuai dengan Ketentuan Peraturan Perundang-Undangan,0.0,1295778012.0,0.0,False,False
Kalimantan Utara,34,2024,7,Juli,19,Lain-lain Pendapatan Sesuai dengan Ketentuan Peraturan Perundang-Undangan,0.0,1277282379.0,0.0,False,False
Kalimantan Utara,34,2024,8,Agustus,20,Lain-lain Pendapatan Sesuai dengan Ketentuan Peraturan Perundang-Undangan,0.0,1277282379.0,0.0,False,False
Kalimantan Utara,34,2024,9,September,21,Lain-lain Pendapatan Sesuai dengan Ketentuan Peraturan Perundang-Undangan,0.0,1281394879.0,0.0,False,False
Kalimantan Utara,34,2024,10,Oktober,22,Lain-lain Pendapatan Sesuai dengan Ketentuan Peraturan Perundang-Undangan,0.0,1281394879.0,0.0,False,False
Kalimantan Utara,34,2024,11,November,23,Lain-lain Pendapatan Sesuai dengan Ketentuan Peraturan Perundang-Undangan,0.0,1281394879.0,0.0,False,False
Kalimantan Utara,34,2024,12,Desember,24,Lain-lain Pendapatan Sesuai dengan Ketentuan Peraturan Perundang-Undangan,0.0,1393210696.0,0.0,False,False
Kalimantan Utara,34,2025,1,Januari,25,Lain-lain Pendapatan Sesuai dengan Ketentuan Peraturan Perundang-Undangan,0.0,185968068.0,0.0,False,False
Kalimantan Utara,34,2025,2,Februari,26,Lain-lain Pendapatan Sesuai dengan Ketentuan Peraturan Perundang-Undangan,0.0,190938068.0,0.0,False,False
Kalimantan Utara,34,2025,3,Maret,27,Lain-lain Pendapatan Sesuai dengan Ketentuan Peraturan Perundang-Undangan,0.0,194109893.0,0.0,False,False
Kalimantan Utara,34,2025,4,April,28,Lain-lain Pendapatan Sesuai dengan Ketentuan Peraturan Perundang-Undangan,0.0,31359786805.0,0.0,False,False
Kalimantan Utara,34,2025,5,Mei,29,Lain-lain Pendapatan Sesuai dengan Ketentuan Peraturan Perundang-Undangan,0.0,31361786805.0,0.0,False,False
Kalimantan Utara,34,2025,6,Juni,30,Lain-lain Pendapatan Sesuai dengan Ketentuan Peraturan Perundang-Undangan,0.0,28432524059.0,0.0,False,False
Kalimantan Utara,34,2025,7,Juli,31,Lain-lain Pendapatan Sesuai dengan Ketentuan Peraturan Perundang-Undangan,0.0,31361787291.0,0.0,False,False
Kalimantan Utara,34,2025,8,Agustus,32,Lain-lain Pendapatan Sesuai dengan Ketentuan Peraturan Perundang-Undangan,0.0,31361787291.0,0.0,False,True
Kalimantan Utara,34,2025,9,September,33,Lain-lain Pendapatan Sesuai dengan Ketentuan Peraturan Perundang-Undangan,0.0,31361787291.0,0.0,False,True
Kalimantan Utara,34,2025,10,Oktober,34,Lain-lain Pendapatan Sesuai dengan Ketentuan Peraturan Perundang-Undangan,0.0,31361787291.0,0.0,False,True
Kalimantan Utara,34,2025,11,November,35,Lain-lain Pendapatan Sesuai dengan Ketentuan Peraturan Perundang-Undangan,0.0,31361787291.0,0.0,False,True
Kalimantan Utara,34,2025,12,Desember,36,Lain-lain Pendapatan Sesuai dengan Ketentuan Peraturan Perundang-Undangan,0.0,31361787291.0,0.0,False,True
Kalimantan Utara,34,2026,1,Januari,37,Lain-lain Pendapatan Sesuai dengan Ketentuan Peraturan Perundang-Undangan,0.0,192137872.0,0.0,False,False
Kalimantan Utara,34,2026,2,Februari,38,Lain-lain Pendapatan Sesuai dengan Ketentuan Peraturan Perundang-Undangan,0.0,451655879.0,0.0,False,False
Kalimantan Utara,34,2026,3,Maret,39,Lain-lain Pendapatan Sesuai dengan Ketentuan Peraturan Perundang-Undangan,0.0,470768329.0,0.0,False,False
Kalimantan Utara,34,2026,4,April,40,Lain-lain Pendapatan Sesuai dengan Ketentuan Peraturan Perundang-Undangan,0.0,471048829.0,0.0,False,False
Kalimantan Utara,34,2026,5,Mei,41,Lain-lain Pendapatan Sesuai dengan Ketentuan Peraturan Perundang-Undangan,0.0,635521613.0,0.0,False,False
Kalimantan Utara,34,2026,6,Juni,42,Lain-lain Pendapatan Sesuai dengan Ketentuan Peraturan Perundang-Undangan,0.0,635521613.0,0.0,False,False
Kalimantan Utara,34,2026,7,Juli,43,Lain-lain Pendapatan Sesuai dengan Ketentuan Peraturan Perundang-Undangan,0.0,635521613.0,0.0,False,False
Kalimantan Utara,34,2026,8,Agustus,44,Lain-lain Pendapatan Sesuai dengan Ketentuan Peraturan Perundang-Undangan,0.0,844650112.0,0.0,False,False
Kalimantan Utara,34,2026,9,September,45,Lain-lain Pendapatan Sesuai dengan Ketentuan Peraturan Perundang-Undangan,0.0,844650112.0,0.0,False,True
Kalimantan Utara,34,2026,10,Oktober,46,Lain-lain Pendapatan Sesuai dengan Ketentuan Peraturan Perundang-Undangan,0.0,844650112.0,0.0,False,True
Kalimantan Utara,34,2026,11,November,47,Lain-lain Pendapatan Sesuai dengan Ketentuan Peraturan Perundang-Undangan,0.0,844650112.0,0.0,False,True
Kalimantan Utara,34,2026,12,Desember,48,Lain-lain Pendapatan Sesuai dengan Ketentuan Peraturan Perundang-Undangan,0.0,844650112.0,0.0,False,True
Kalimantan Utara,34,2023,1,Januari,1,PAD,791574904915.0,58268949473.47,7.36,False,False
Kalimantan Utara,34,2023,2,Februari,2,PAD,791574904915.0,127002049555.42,16.04,False,False
Kalimantan Utara,34,2023,3,Maret,3,PAD,791574904915.0,211921805407.99,26.77,False,False
Kalimantan Utara,34,2023,4,April,4,PAD,791574904915.0,313450419171.44,39.6,False,False
Kalimantan Utara,34,2023,5,Mei,5,PAD,791574904915.0,313450419171.44,39.6,False,False
Kalimantan Utara,34,2023,6,Juni,6,PAD,791574904915.0,376526131116.43,47.57,False,False
Kalimantan Utara,34,2023,7,Juli,7,PAD,791574904915.0,442946168260.17,55.96,False,False
Kalimantan Utara,34,2023,8,Agustus,8,PAD,791574904915.0,530915391065.17,67.07,False,False
Kalimantan Utara,34,2023,9,September,9,PAD,791574904915.0,608821113263.5,76.91,False,False
Kalimantan Utara,34,2023,10,Oktober,10,PAD,791574904915.0,685080131787.11,86.55,False,False
Kalimantan Utara,34,2023,11,November,11,PAD,791574904915.0,790628783350.66,99.88,False,False
Kalimantan Utara,34,2023,12,Desember,12,PAD,791574904915.0,907311769091.9,114.62,False,False
Kalimantan Utara,34,2024,1,Januari,13,PAD,1066531465270.0,80419442594.81,7.54,False,False
Kalimantan Utara,34,2024,2,Februari,14,PAD,1066531465270.0,141054969863.83,13.23,False,False
Kalimantan Utara,34,2024,3,Maret,15,PAD,1066531465270.0,213244429839.23,19.99,False,False
Kalimantan Utara,34,2024,4,April,16,PAD,1066531465270.0,341046124558.25,31.98,False,False
Kalimantan Utara,34,2024,5,Mei,17,PAD,1066531465270.0,403412205395.68,37.82,False,False
Kalimantan Utara,34,2024,6,Juni,18,PAD,1066531465270.0,372285313975.26,34.91,False,False
Kalimantan Utara,34,2024,7,Juli,19,PAD,1066531465270.0,588415209906.33,55.17,False,False
Kalimantan Utara,34,2024,8,Agustus,20,PAD,1066531465270.0,665738659628.39,62.42,False,False
Kalimantan Utara,34,2024,9,September,21,PAD,1066531465270.0,753706644927.61,70.67,False,False
Kalimantan Utara,34,2024,10,Oktober,22,PAD,1066531465270.0,843364573031.95,79.08,False,False
Kalimantan Utara,34,2024,11,November,23,PAD,1066531465270.0,927485286990.05,86.96,False,False
Kalimantan Utara,34,2024,12,Desember,24,PAD,1066531465270.0,1033746861868.0,96.93,False,False
Kalimantan Utara,34,2025,1,Januari,25,PAD,1026394628085.0,66941627453.82,6.52,False,False
Kalimantan Utara,34,2025,2,Februari,26,PAD,1026394628085.0,119277732933.38,11.62,False,False
Kalimantan Utara,34,2025,3,Maret,27,PAD,1026394628085.0,183608515293.08,17.89,False,False
Kalimantan Utara,34,2025,4,April,28,PAD,1026394628085.0,277464343657.44,27.03,False,False
Kalimantan Utara,34,2025,5,Mei,29,PAD,1026394628085.0,333091362278.35,32.45,False,False
Kalimantan Utara,34,2025,6,Juni,30,PAD,1026394628085.0,378336284557.75,36.86,False,False
Kalimantan Utara,34,2025,7,Juli,31,PAD,1026394628085.0,478819161509.72,46.65,False,False
Kalimantan Utara,34,2025,8,Agustus,32,PAD,1026394628085.0,539818231494.46,52.59,False,False
Kalimantan Utara,34,2025,9,September,33,PAD,1026394628085.0,599593111392.29,58.42,False,False
Kalimantan Utara,34,2025,10,Oktober,34,PAD,1026394628085.0,678900414493.4,66.14,False,False
Kalimantan Utara,34,2025,11,November,35,PAD,1026394628085.0,743237292499.31,72.41,False,False
Kalimantan Utara,34,2025,12,Desember,36,PAD,1026394628085.0,820995406929.0,79.99,False,False
Kalimantan Utara,34,2026,1,Januari,37,PAD,1028413378163.0,49471265024.42,4.81,False,False
Kalimantan Utara,34,2026,2,Februari,38,PAD,1028413378163.0,104540276704.67,10.17,False,False
Kalimantan Utara,34,2026,3,Maret,39,PAD,1028413378163.0,192295648880.49,18.7,False,False
Kalimantan Utara,34,2026,4,April,40,PAD,1028413378163.0,296862766864.18,28.87,False,False
Kalimantan Utara,34,2026,5,Mei,41,PAD,1028413378163.0,368412737690.89,35.82,False,False
Kalimantan Utara,34,2026,6,Juni,42,PAD,1028413378163.0,472924890646.05,45.99,False,False
Kalimantan Utara,34,2026,7,Juli,43,PAD,1028413378163.0,591031504806.35,57.47,False,False
Kalimantan Utara,34,2026,8,Agustus,44,PAD,1028413378163.0,637520163509.38,61.99,False,False
Kalimantan Utara,34,2026,9,September,45,PAD,1028413378163.0,638475026887.38,62.08,False,False
Kalimantan Utara,34,2026,10,Oktober,46,PAD,1028413378163.0,638475026887.38,62.08,False,True
Kalimantan Utara,34,2026,11,November,47,PAD,1028413378163.0,638475026887.38,62.08,False,True
Kalimantan Utara,34,2026,12,Desember,48,PAD,1028413378163.0,638475026887.38,62.08,False,True
Kalimantan Utara,34,2023,1,Januari,1,Pajak Daerah,548059678341.0,56989705067.0,10.4,False,False
Kalimantan Utara,34,2023,2,Februari,2,Pajak Daerah,548059678341.0,109395319896.0,19.96,False,False
Kalimantan Utara,34,2023,3,Maret,3,Pajak Daerah,548059678341.0,156669616144.0,28.59,False,False
Kalimantan Utara,34,2023,4,April,4,Pajak Daerah,548059678341.0,239175856659.0,43.64,False,False
Kalimantan Utara,34,2023,5,Mei,5,Pajak Daerah,548059678341.0,239175856659.0,43.64,False,False
Kalimantan Utara,34,2023,6,Juni,6,Pajak Daerah,548059678341.0,283826628147.0,51.79,False,False
Kalimantan Utara,34,2023,7,Juli,7,Pajak Daerah,548059678341.0,343907772962.0,62.75,False,False
Kalimantan Utara,34,2023,8,Agustus,8,Pajak Daerah,548059678341.0,395232560283.0,72.11,False,False
Kalimantan Utara,34,2023,9,September,9,Pajak Daerah,548059678341.0,452798204404.0,82.62,False,False
Kalimantan Utara,34,2023,10,Oktober,10,Pajak Daerah,548059678341.0,524410235717.0,95.68,False,False
Kalimantan Utara,34,2023,11,November,11,Pajak Daerah,548059678341.0,591128466817.0,107.86,False,False
Kalimantan Utara,34,2023,12,Desember,12,Pajak Daerah,548059678341.0,661945563006.0,120.78,False,False
Kalimantan Utara,34,2024,1,Januari,13,Pajak Daerah,816201042959.0,60218901543.0,7.38,False,False
Kalimantan Utara,34,2024,2,Februari,14,Pajak Daerah,816201042959.0,116080647283.0,14.22,False,False
Kalimantan Utara,34,2024,3,Maret,15,Pajak Daerah,816201042959.0,166539545856.0,20.4,False,False
Kalimantan Utara,34,2024,4,April,16,Pajak Daerah,816201042959.0,249550426340.0,30.57,False,False
Kalimantan Utara,34,2024,5,Mei,17,Pajak Daerah,816201042959.0,307354409598.0,37.66,False,False
Kalimantan Utara,34,2024,6,Juni,18,Pajak Daerah,816201042959.0,348496331074.0,42.7,False,False
Kalimantan Utara,34,2024,7,Juli,19,Pajak Daerah,816201042959.0,432341237236.0,52.97,False,False
Kalimantan Utara,34,2024,8,Agustus,20,Pajak Daerah,816201042959.0,487582578527.0,59.74,False,False
Kalimantan Utara,34,2024,9,September,21,Pajak Daerah,816201042959.0,550140532753.0,67.4,False,False
Kalimantan Utara,34,2024,10,Oktober,22,Pajak Daerah,816201042959.0,620076343475.0,75.97,False,False
Kalimantan Utara,34,2024,11,November,23,Pajak Daerah,816201042959.0,679074921361.0,83.2,False,False
Kalimantan Utara,34,2024,12,Desember,24,Pajak Daerah,816201042959.0,761219619467.0,93.26,False,False
Kalimantan Utara,34,2025,1,Januari,25,Pajak Daerah,752547239356.0,48802433228.0,6.48,False,False
Kalimantan Utara,34,2025,2,Februari,26,Pajak Daerah,752547239356.0,83175109698.0,11.05,False,False
Kalimantan Utara,34,2025,3,Maret,27,Pajak Daerah,752547239356.0,131194366931.0,17.43,False,False
Kalimantan Utara,34,2025,4,April,28,Pajak Daerah,752547239356.0,199262797083.5,26.48,False,False
Kalimantan Utara,34,2025,5,Mei,29,Pajak Daerah,752547239356.0,237846787122.5,31.61,False,False
Kalimantan Utara,34,2025,6,Juni,30,Pajak Daerah,752547239356.0,277042943940.0,36.81,False,False
Kalimantan Utara,34,2025,7,Juli,31,Pajak Daerah,752547239356.0,346605330124.09,46.06,False,False
Kalimantan Utara,34,2025,8,Agustus,32,Pajak Daerah,752547239356.0,387606400532.18,51.51,False,False
Kalimantan Utara,34,2025,9,September,33,Pajak Daerah,752547239356.0,426749323898.8,56.71,False,False
Kalimantan Utara,34,2025,10,Oktober,34,Pajak Daerah,752547239356.0,488227753918.9,64.88,False,False
Kalimantan Utara,34,2025,11,November,35,Pajak Daerah,752547239356.0,532196909331.72,70.72,False,False
Kalimantan Utara,34,2025,12,Desember,36,Pajak Daerah,752547239356.0,590981727058.19,78.53,False,False
Kalimantan Utara,34,2026,1,Januari,37,Pajak Daerah,752922931919.0,47465731019.0,6.3,False,False
Kalimantan Utara,34,2026,2,Februari,38,Pajak Daerah,752922931919.0,98303317206.0,13.06,False,False
Kalimantan Utara,34,2026,3,Maret,39,Pajak Daerah,752922931919.0,149385324879.0,19.84,False,False
Kalimantan Utara,34,2026,4,April,40,Pajak Daerah,752922931919.0,236266971207.0,31.38,False,False
Kalimantan Utara,34,2026,5,Mei,41,Pajak Daerah,752922931919.0,289652328330.0,38.47,False,False
Kalimantan Utara,34,2026,6,Juni,42,Pajak Daerah,752922931919.0,359986036150.0,47.81,False,False
Kalimantan Utara,34,2026,7,Juli,43,Pajak Daerah,752922931919.0,476208224326.0,63.25,False,False
Kalimantan Utara,34,2026,8,Agustus,44,Pajak Daerah,752922931919.0,521372942615.0,69.25,False,False
Kalimantan Utara,34,2026,9,September,45,Pajak Daerah,752922931919.0,522284808643.0,69.37,False,False
Kalimantan Utara,34,2026,10,Oktober,46,Pajak Daerah,752922931919.0,522284808643.0,69.37,False,True
Kalimantan Utara,34,2026,11,November,47,Pajak Daerah,752922931919.0,522284808643.0,69.37,False,True
Kalimantan Utara,34,2026,12,Desember,48,Pajak Daerah,752922931919.0,522284808643.0,69.37,False,True
Kalimantan Utara,34,2023,1,Januari,1,Pendapatan Daerah,2762361701915.0,279976897011.47,10.14,False,False
Kalimantan Utara,34,2023,2,Februari,2,Pendapatan Daerah,2762361701915.0,434214551317.42,15.72,False,False
Kalimantan Utara,34,2023,3,Maret,3,Pendapatan Daerah,2762361701915.0,637972076358.99,23.1,False,False
Kalimantan Utara,34,2023,4,April,4,Pendapatan Daerah,2762361701915.0,935647772409.44,33.87,False,False
Kalimantan Utara,34,2023,5,Mei,5,Pendapatan Daerah,2762361701915.0,935647772409.44,33.87,False,False
Kalimantan Utara,34,2023,6,Juni,6,Pendapatan Daerah,2762361701915.0,1126290936904.4,40.77,False,False
Kalimantan Utara,34,2023,7,Juli,7,Pendapatan Daerah,2762361701915.0,1292475264548.2,46.79,False,False
Kalimantan Utara,34,2023,8,Agustus,8,Pendapatan Daerah,2762361701915.0,1594752058703.2,57.73,False,False
Kalimantan Utara,34,2023,9,September,9,Pendapatan Daerah,2762361701915.0,1833467189156.5,66.37,False,False
Kalimantan Utara,34,2023,10,Oktober,10,Pendapatan Daerah,2762361701915.0,2154035467391.1,77.98,False,False
Kalimantan Utara,34,2023,11,November,11,Pendapatan Daerah,2762361701915.0,2408673943879.7,87.2,False,False
Kalimantan Utara,34,2023,12,Desember,12,Pendapatan Daerah,2762361701915.0,2844832480872.9,102.99,False,False
Kalimantan Utara,34,2024,1,Januari,13,Pendapatan Daerah,3106998079270.0,357221874902.81,11.5,False,False
Kalimantan Utara,34,2024,2,Februari,14,Pendapatan Daerah,3106998079270.0,495188469074.83,15.94,False,False
Kalimantan Utara,34,2024,3,Maret,15,Pendapatan Daerah,3106998079270.0,721843439510.23,23.23,False,False
Kalimantan Utara,34,2024,4,April,16,Pendapatan Daerah,3106998079270.0,1076473634481.3,34.65,False,False
Kalimantan Utara,34,2024,5,Mei,17,Pendapatan Daerah,3106998079270.0,1278003380637.7,41.13,False,False
Kalimantan Utara,34,2024,6,Juni,18,Pendapatan Daerah,3106998079270.0,1365726200240.3,43.96,False,False
Kalimantan Utara,34,2024,7,Juli,19,Pendapatan Daerah,3106998079270.0,1881270568053.3,60.55,False,False
Kalimantan Utara,34,2024,8,Agustus,20,Pendapatan Daerah,3106998079270.0,2286966038773.4,73.61,False,False
Kalimantan Utara,34,2024,9,September,21,Pendapatan Daerah,3106998079270.0,2688770765298.6,86.54,False,False
Kalimantan Utara,34,2024,10,Oktober,22,Pendapatan Daerah,3106998079270.0,3047924794653.0,98.1,False,False
Kalimantan Utara,34,2024,11,November,23,Pendapatan Daerah,3106998079270.0,3241593835104.0,104.33,False,False
Kalimantan Utara,34,2024,12,Desember,24,Pendapatan Daerah,3106998079270.0,3459025374471.0,111.33,False,False
Kalimantan Utara,34,2025,1,Januari,25,Pendapatan Daerah,2947123399085.0,234609861021.82,7.96,False,False
Kalimantan Utara,34,2025,2,Februari,26,Pendapatan Daerah,2947123399085.0,395890320001.38,13.43,False,False
Kalimantan Utara,34,2025,3,Maret,27,Pendapatan Daerah,2947123399085.0,627652250206.08,21.3,False,False
Kalimantan Utara,34,2025,4,April,28,Pendapatan Daerah,2947123399085.0,907757024358.44,30.8,False,False
Kalimantan Utara,34,2025,5,Mei,29,Pendapatan Daerah,2947123399085.0,1108323863834.3,37.61,False,False
Kalimantan Utara,34,2025,6,Juni,30,Pendapatan Daerah,2947123399085.0,1264797047073.8,42.92,False,False
Kalimantan Utara,34,2025,7,Juli,31,Pendapatan Daerah,2947123399085.0,1537731948543.7,52.18,False,False
Kalimantan Utara,34,2025,8,Agustus,32,Pendapatan Daerah,2947123399085.0,1790089026354.5,60.74,False,False
Kalimantan Utara,34,2025,9,September,33,Pendapatan Daerah,2947123399085.0,2058690995725.3,69.85,False,False
Kalimantan Utara,34,2025,10,Oktober,34,Pendapatan Daerah,2947123399085.0,2253495673134.4,76.46,False,False
Kalimantan Utara,34,2025,11,November,35,Pendapatan Daerah,2947123399085.0,2506470297712.3,85.05,False,False
Kalimantan Utara,34,2025,12,Desember,36,Pendapatan Daerah,2947123399085.0,2660707774400.0,90.28,False,False
Kalimantan Utara,34,2026,1,Januari,37,Pendapatan Daerah,2276964497163.0,227941431470.42,10.01,False,False
Kalimantan Utara,34,2026,2,Februari,38,Pendapatan Daerah,2276964497163.0,367230788773.67,16.13,False,False
Kalimantan Utara,34,2026,3,Maret,39,Pendapatan Daerah,2276964497163.0,581824320902.49,25.55,False,False
Kalimantan Utara,34,2026,4,April,40,Pendapatan Daerah,2276964497163.0,769063306530.18,33.78,False,False
Kalimantan Utara,34,2026,5,Mei,41,Pendapatan Daerah,2276964497163.0,940938716439.89,41.32,False,False
Kalimantan Utara,34,2026,6,Juni,42,Pendapatan Daerah,2276964497163.0,1080371585201.1,47.45,False,False
Kalimantan Utara,34,2026,7,Juli,43,Pendapatan Daerah,2276964497163.0,1266891766774.4,55.64,False,False
Kalimantan Utara,34,2026,8,Agustus,44,Pendapatan Daerah,2276964497163.0,1325556763976.4,58.22,False,False
Kalimantan Utara,34,2026,9,September,45,Pendapatan Daerah,2276964497163.0,1326511627354.4,58.26,False,False
Kalimantan Utara,34,2026,10,Oktober,46,Pendapatan Daerah,2276964497163.0,1326511627354.4,58.26,False,True
Kalimantan Utara,34,2026,11,November,47,Pendapatan Daerah,2276964497163.0,1326511627354.4,58.26,False,True
Kalimantan Utara,34,2026,12,Desember,48,Pendapatan Daerah,2276964497163.0,1326511627354.4,58.26,False,True
Kalimantan Utara,34,2023,1,Januari,1,Pendapatan Hibah,350000000.0,0.0,0.0,False,False
Kalimantan Utara,34,2023,2,Februari,2,Pendapatan Hibah,350000000.0,0.0,0.0,False,False
Kalimantan Utara,34,2023,3,Maret,3,Pendapatan Hibah,350000000.0,0.0,0.0,False,False
Kalimantan Utara,34,2023,4,April,4,Pendapatan Hibah,350000000.0,0.0,0.0,False,False
Kalimantan Utara,34,2023,5,Mei,5,Pendapatan Hibah,350000000.0,0.0,0.0,False,False
Kalimantan Utara,34,2023,6,Juni,6,Pendapatan Hibah,350000000.0,0.0,0.0,False,False
Kalimantan Utara,34,2023,7,Juli,7,Pendapatan Hibah,350000000.0,56943000.0,16.27,False,False
Kalimantan Utara,34,2023,8,Agustus,8,Pendapatan Hibah,350000000.0,113886000.0,32.54,False,False
Kalimantan Utara,34,2023,9,September,9,Pendapatan Hibah,350000000.0,170829000.0,48.81,False,False
Kalimantan Utara,34,2023,10,Oktober,10,Pendapatan Hibah,350000000.0,227772000.0,65.08,False,False
Kalimantan Utara,34,2023,11,November,11,Pendapatan Hibah,350000000.0,284715000.0,81.35,False,False
Kalimantan Utara,34,2023,12,Desember,12,Pendapatan Hibah,350000000.0,5546233000.0,1.58464,False,False
Kalimantan Utara,34,2024,1,Januari,13,Pendapatan Hibah,350000000.0,0.0,0.0,False,False
Kalimantan Utara,34,2024,2,Februari,14,Pendapatan Hibah,350000000.0,0.0,0.0,False,False
Kalimantan Utara,34,2024,3,Maret,15,Pendapatan Hibah,350000000.0,0.0,0.0,False,False
Kalimantan Utara,34,2024,4,April,16,Pendapatan Hibah,350000000.0,0.0,0.0,False,False
Kalimantan Utara,34,2024,5,Mei,17,Pendapatan Hibah,350000000.0,0.0,0.0,False,False
Kalimantan Utara,34,2024,6,Juni,18,Pendapatan Hibah,350000000.0,0.0,0.0,False,False
Kalimantan Utara,34,2024,7,Juli,19,Pendapatan Hibah,350000000.0,0.0,0.0,False,False
Kalimantan Utara,34,2024,8,Agustus,20,Pendapatan Hibah,350000000.0,0.0,0.0,False,False
Kalimantan Utara,34,2024,9,September,21,Pendapatan Hibah,350000000.0,94905000.0,27.12,False,False
Kalimantan Utara,34,2024,10,Oktober,22,Pendapatan Hibah,350000000.0,189810000.0,54.23,False,False
Kalimantan Utara,34,2024,11,November,23,Pendapatan Hibah,350000000.0,284715000.0,81.35,False,False
Kalimantan Utara,34,2024,12,Desember,24,Pendapatan Hibah,350000000.0,6609420000.0,1.88841,False,False
Kalimantan Utara,34,2025,1,Januari,25,Pendapatan Hibah,350000000.0,0.0,0.0,False,False
Kalimantan Utara,34,2025,2,Februari,26,Pendapatan Hibah,350000000.0,0.0,0.0,False,False
Kalimantan Utara,34,2025,3,Maret,27,Pendapatan Hibah,350000000.0,0.0,0.0,False,False
Kalimantan Utara,34,2025,4,April,28,Pendapatan Hibah,350000000.0,0.0,0.0,False,False
Kalimantan Utara,34,2025,5,Mei,29,Pendapatan Hibah,350000000.0,0.0,0.0,False,False
Kalimantan Utara,34,2025,6,Juni,30,Pendapatan Hibah,350000000.0,0.0,0.0,False,False
Kalimantan Utara,34,2025,7,Juli,31,Pendapatan Hibah,350000000.0,0.0,0.0,False,False
Kalimantan Utara,34,2025,8,Agustus,32,Pendapatan Hibah,350000000.0,0.0,0.0,False,False
Kalimantan Utara,34,2025,9,September,33,Pendapatan Hibah,350000000.0,284778000.0,81.37,False,False
Kalimantan Utara,34,2025,10,Oktober,34,Pendapatan Hibah,350000000.0,316420000.0,90.41,False,False
Kalimantan Utara,34,2025,11,November,35,Pendapatan Hibah,350000000.0,348062000.0,99.45,False,False
Kalimantan Utara,34,2025,12,Desember,36,Pendapatan Hibah,350000000.0,25664582938.0,7.33274,False,False
Kalimantan Utara,34,2026,1,Januari,37,Pendapatan Hibah,350000000.0,0.0,0.0,False,False
Kalimantan Utara,34,2026,2,Februari,38,Pendapatan Hibah,350000000.0,0.0,0.0,False,False
Kalimantan Utara,34,2026,3,Maret,39,Pendapatan Hibah,350000000.0,17872074.0,5.11,False,False
Kalimantan Utara,34,2026,4,April,40,Pendapatan Hibah,350000000.0,17926074.0,5.12,False,False
Kalimantan Utara,34,2026,5,Mei,41,Pendapatan Hibah,350000000.0,17926074.0,5.12,False,False
Kalimantan Utara,34,2026,6,Juni,42,Pendapatan Hibah,350000000.0,24826074.0,7.09,False,False
Kalimantan Utara,34,2026,7,Juli,43,Pendapatan Hibah,350000000.0,24926074.0,7.12,False,False
Kalimantan Utara,34,2026,8,Agustus,44,Pendapatan Hibah,350000000.0,24926074.0,7.12,False,True
Kalimantan Utara,34,2026,9,September,45,Pendapatan Hibah,350000000.0,24926074.0,7.12,False,True
Kalimantan Utara,34,2026,10,Oktober,46,Pendapatan Hibah,350000000.0,24926074.0,7.12,False,True
Kalimantan Utara,34,2026,11,November,47,Pendapatan Hibah,350000000.0,24926074.0,7.12,False,True
Kalimantan Utara,34,2026,12,Desember,48,Pendapatan Hibah,350000000.0,24926074.0,7.12,False,True
Kalimantan Utara,34,2023,1,Januari,1,Pendapatan Lainnya,350000000.0,185012138.0,52.86,False,False
Kalimantan Utara,34,2023,2,Februari,2,Pendapatan Lainnya,350000000.0,349272562.0,99.79,False,False
Kalimantan Utara,34,2023,3,Maret,3,Pendapatan Lainnya,350000000.0,352489987.0,100.71,False,False
Kalimantan Utara,34,2023,4,April,4,Pendapatan Lainnya,350000000.0,362080587.0,103.45,False,False
Kalimantan Utara,34,2023,5,Mei,5,Pendapatan Lainnya,350000000.0,362080587.0,103.45,False,False
Kalimantan Utara,34,2023,6,Juni,6,Pendapatan Lainnya,350000000.0,362080587.0,103.45,False,False
Kalimantan Utara,34,2023,7,Juli,7,Pendapatan Lainnya,350000000.0,419066587.0,119.73,False,False
Kalimantan Utara,34,2023,8,Agustus,8,Pendapatan Lainnya,350000000.0,476509587.0,136.15,False,False
Kalimantan Utara,34,2023,9,September,9,Pendapatan Lainnya,350000000.0,534540552.0,152.73,False,False
Kalimantan Utara,34,2023,10,Oktober,10,Pendapatan Lainnya,350000000.0,597057966.0,170.59,False,False
Kalimantan Utara,34,2023,11,November,11,Pendapatan Lainnya,350000000.0,660300966.0,188.66,False,False
Kalimantan Utara,34,2023,12,Desember,12,Pendapatan Lainnya,350000000.0,5921818966.0,1.69195,False,False
Kalimantan Utara,34,2024,1,Januari,13,Pendapatan Lainnya,350000000.0,202434708.0,57.84,False,False
Kalimantan Utara,34,2024,2,Februari,14,Pendapatan Lainnya,350000000.0,206809011.0,59.09,False,False
Kalimantan Utara,34,2024,3,Maret,15,Pendapatan Lainnya,350000000.0,230810165.0,65.95,False,False
Kalimantan Utara,34,2024,4,April,16,Pendapatan Lainnya,350000000.0,364012760.0,104.0,False,False
Kalimantan Utara,34,2024,5,Mei,17,Pendapatan Lainnya,350000000.0,1277282379.0,364.94,False,False
Kalimantan Utara,34,2024,6,Juni,18,Pendapatan Lainnya,350000000.0,1295778012.0,370.22,False,False
Kalimantan Utara,34,2024,7,Juli,19,Pendapatan Lainnya,350000000.0,1277282379.0,364.94,False,False
Kalimantan Utara,34,2024,8,Agustus,20,Pendapatan Lainnya,350000000.0,1277282379.0,364.94,False,False
Kalimantan Utara,34,2024,9,September,21,Pendapatan Lainnya,350000000.0,1376299879.0,393.23,False,False
Kalimantan Utara,34,2024,10,Oktober,22,Pendapatan Lainnya,350000000.0,1471204879.0,420.34,False,False
Kalimantan Utara,34,2024,11,November,23,Pendapatan Lainnya,350000000.0,1566109879.0,447.46,False,False
Kalimantan Utara,34,2024,12,Desember,24,Pendapatan Lainnya,350000000.0,8002630696.0,2.28647,False,False
Kalimantan Utara,34,2025,1,Januari,25,Pendapatan Lainnya,350000000.0,185968068.0,53.13,False,False
Kalimantan Utara,34,2025,2,Februari,26,Pendapatan Lainnya,350000000.0,190938068.0,54.55,False,False
Kalimantan Utara,34,2025,3,Maret,27,Pendapatan Lainnya,350000000.0,194109893.0,55.46,False,False
Kalimantan Utara,34,2025,4,April,28,Pendapatan Lainnya,350000000.0,31359786805.0,8.95994,False,False
Kalimantan Utara,34,2025,5,Mei,29,Pendapatan Lainnya,350000000.0,31361786805.0,8.96051,False,False
Kalimantan Utara,34,2025,6,Juni,30,Pendapatan Lainnya,350000000.0,28432524059.0,8.12358,False,False
Kalimantan Utara,34,2025,7,Juli,31,Pendapatan Lainnya,350000000.0,31361787291.0,8.96051,False,False
Kalimantan Utara,34,2025,8,Agustus,32,Pendapatan Lainnya,350000000.0,31361787291.0,8.96051,False,False
Kalimantan Utara,34,2025,9,September,33,Pendapatan Lainnya,350000000.0,31646565291.0,9.04188,False,False
Kalimantan Utara,34,2025,10,Oktober,34,Pendapatan Lainnya,350000000.0,31678207291.0,9.05092,False,False
Kalimantan Utara,34,2025,11,November,35,Pendapatan Lainnya,350000000.0,31709849291.0,9.05996,False,False
Kalimantan Utara,34,2025,12,Desember,36,Pendapatan Lainnya,350000000.0,57026370229.0,16.29325,False,False
Kalimantan Utara,34,2026,1,Januari,37,Pendapatan Lainnya,350000000.0,192137872.0,54.9,False,False
Kalimantan Utara,34,2026,2,Februari,38,Pendapatan Lainnya,350000000.0,451655879.0,129.04,False,False
Kalimantan Utara,34,2026,3,Maret,39,Pendapatan Lainnya,350000000.0,488640403.0,139.61,False,False
Kalimantan Utara,34,2026,4,April,40,Pendapatan Lainnya,350000000.0,488974903.0,139.71,False,False
Kalimantan Utara,34,2026,5,Mei,41,Pendapatan Lainnya,350000000.0,653447687.0,186.7,False,False
Kalimantan Utara,34,2026,6,Juni,42,Pendapatan Lainnya,350000000.0,660347687.0,188.67,False,False
Kalimantan Utara,34,2026,7,Juli,43,Pendapatan Lainnya,350000000.0,660447687.0,188.7,False,False
Kalimantan Utara,34,2026,8,Agustus,44,Pendapatan Lainnya,350000000.0,869576186.0,248.45,False,False
Kalimantan Utara,34,2026,9,September,45,Pendapatan Lainnya,350000000.0,869576186.0,248.45,False,True
Kalimantan Utara,34,2026,10,Oktober,46,Pendapatan Lainnya,350000000.0,869576186.0,248.45,False,True
Kalimantan Utara,34,2026,11,November,47,Pendapatan Lainnya,350000000.0,869576186.0,248.45,False,True
Kalimantan Utara,34,2026,12,Desember,48,Pendapatan Lainnya,350000000.0,869576186.0,248.45,False,True
Kalimantan Utara,34,2023,1,Januari,1,Pendapatan Transfer Antar Daerah,0.0,0.0,0.0,True,False
Kalimantan Utara,34,2023,2,Februari,2,Pendapatan Transfer Antar Daerah,0.0,0.0,0.0,True,False
Kalimantan Utara,34,2023,3,Maret,3,Pendapatan Transfer Antar Daerah,0.0,0.0,0.0,True,False
Kalimantan Utara,34,2023,4,April,4,Pendapatan Transfer Antar Daerah,0.0,0.0,0.0,True,False
Kalimantan Utara,34,2023,5,Mei,5,Pendapatan Transfer Antar Daerah,0.0,0.0,0.0,True,False
Kalimantan Utara,34,2023,6,Juni,6,Pendapatan Transfer Antar Daerah,0.0,0.0,0.0,True,False
Kalimantan Utara,34,2023,7,Juli,7,Pendapatan Transfer Antar Daerah,0.0,0.0,0.0,True,False
Kalimantan Utara,34,2023,8,Agustus,8,Pendapatan Transfer Antar Daerah,0.0,0.0,0.0,True,False
Kalimantan Utara,34,2023,9,September,9,Pendapatan Transfer Antar Daerah,0.0,0.0,0.0,True,False
Kalimantan Utara,34,2023,10,Oktober,10,Pendapatan Transfer Antar Daerah,0.0,0.0,0.0,True,False
Kalimantan Utara,34,2023,11,November,11,Pendapatan Transfer Antar Daerah,0.0,0.0,0.0,True,False
Kalimantan Utara,34,2023,12,Desember,12,Pendapatan Transfer Antar Daerah,0.0,0.0,0.0,True,False
Kalimantan Utara,34,2023,1,Januari,1,Pendapatan Transfer Pemerintah Pusat,1970436797000.0,221522935400.0,11.24,False,False
Kalimantan Utara,34,2023,2,Februari,2,Pendapatan Transfer Pemerintah Pusat,1970436797000.0,306863229200.0,15.57,False,False
Kalimantan Utara,34,2023,3,Maret,3,Pendapatan Transfer Pemerintah Pusat,1970436797000.0,425697780964.0,21.6,False,False
Kalimantan Utara,34,2023,4,April,4,Pendapatan Transfer Pemerintah Pusat,1970436797000.0,621835272651.0,31.56,False,False
Kalimantan Utara,34,2023,5,Mei,5,Pendapatan Transfer Pemerintah Pusat,1970436797000.0,621835272651.0,31.56,False,False
Kalimantan Utara,34,2023,6,Juni,6,Pendapatan Transfer Pemerintah Pusat,1970436797000.0,749402725201.0,38.03,False,False
Kalimantan Utara,34,2023,7,Juli,7,Pendapatan Transfer Pemerintah Pusat,1970436797000.0,849110029701.0,43.09,False,False
Kalimantan Utara,34,2023,8,Agustus,8,Pendapatan Transfer Pemerintah Pusat,1970436797000.0,1063360158051.0,53.97,False,False
Kalimantan Utara,34,2023,9,September,9,Pendapatan Transfer Pemerintah Pusat,1970436797000.0,1224111535341.0,62.12,False,False
Kalimantan Utara,34,2023,10,Oktober,10,Pendapatan Transfer Pemerintah Pusat,1970436797000.0,1468358277638.0,74.52,False,False
Kalimantan Utara,34,2023,11,November,11,Pendapatan Transfer Pemerintah Pusat,1970436797000.0,1617384859563.0,82.08,False,False
Kalimantan Utara,34,2023,12,Desember,12,Pendapatan Transfer Pemerintah Pusat,1970436797000.0,1931598892815.0,98.03,False,False
Kalimantan Utara,34,2024,1,Januari,13,Pendapatan Transfer Pemerintah Pusat,2040116614000.0,276599997600.0,13.56,False,False
Kalimantan Utara,34,2024,2,Februari,14,Pendapatan Transfer Pemerintah Pusat,2040116614000.0,353926690200.0,17.35,False,False
Kalimantan Utara,34,2024,3,Maret,15,Pendapatan Transfer Pemerintah Pusat,2040116614000.0,508368199506.0,24.92,False,False
Kalimantan Utara,34,2024,4,April,16,Pendapatan Transfer Pemerintah Pusat,2040116614000.0,735063497163.0,36.03,False,False
Kalimantan Utara,34,2024,5,Mei,17,Pendapatan Transfer Pemerintah Pusat,2040116614000.0,873313892863.0,42.81,False,False
Kalimantan Utara,34,2024,6,Juni,18,Pendapatan Transfer Pemerintah Pusat,2040116614000.0,992145108253.0,48.63,False,False
Kalimantan Utara,34,2024,7,Juli,19,Pendapatan Transfer Pemerintah Pusat,2040116614000.0,1291578075768.0,63.31,False,False
Kalimantan Utara,34,2024,8,Agustus,20,Pendapatan Transfer Pemerintah Pusat,2040116614000.0,1619950096766.0,79.4,False,False
Kalimantan Utara,34,2024,9,September,21,Pendapatan Transfer Pemerintah Pusat,2040116614000.0,1933687820492.0,94.78,False,False
Kalimantan Utara,34,2024,10,Oktober,22,Pendapatan Transfer Pemerintah Pusat,2040116614000.0,2203089016742.0,107.99,False,False
Kalimantan Utara,34,2024,11,November,23,Pendapatan Transfer Pemerintah Pusat,2040116614000.0,2312542438235.0,113.35,False,False
Kalimantan Utara,34,2024,12,Desember,24,Pendapatan Transfer Pemerintah Pusat,2040116614000.0,2417275881907.0,118.49,False,False
Kalimantan Utara,34,2025,1,Januari,25,Pendapatan Transfer Pemerintah Pusat,1920378771000.0,167482265500.0,8.72,False,False
Kalimantan Utara,34,2025,2,Februari,26,Pendapatan Transfer Pemerintah Pusat,1920378771000.0,276421649000.0,14.39,False,False
Kalimantan Utara,34,2025,3,Maret,27,Pendapatan Transfer Pemerintah Pusat,1920378771000.0,443849625020.0,23.11,False,False
Kalimantan Utara,34,2025,4,April,28,Pendapatan Transfer Pemerintah Pusat,1920378771000.0,598932893896.0,31.19,False,False
Kalimantan Utara,34,2025,5,Mei,29,Pendapatan Transfer Pemerintah Pusat,1920378771000.0,743870714751.0,38.74,False,False
Kalimantan Utara,34,2025,6,Juni,30,Pendapatan Transfer Pemerintah Pusat,1920378771000.0,858028238457.0,44.68,False,False
Kalimantan Utara,34,2025,7,Juli,31,Pendapatan Transfer Pemerintah Pusat,1920378771000.0,1027550999743.0,53.51,False,False
Kalimantan Utara,34,2025,8,Agustus,32,Pendapatan Transfer Pemerintah Pusat,1920378771000.0,1218909007569.0,63.47,False,False
Kalimantan Utara,34,2025,9,September,33,Pendapatan Transfer Pemerintah Pusat,1920378771000.0,1427451319042.0,74.33,False,False
Kalimantan Utara,34,2025,10,Oktober,34,Pendapatan Transfer Pemerintah Pusat,1920378771000.0,1542917051350.0,80.34,False,False
Kalimantan Utara,34,2025,11,November,35,Pendapatan Transfer Pemerintah Pusat,1920378771000.0,1731523155922.0,90.17,False,False
Kalimantan Utara,34,2025,12,Desember,36,Pendapatan Transfer Pemerintah Pusat,1920378771000.0,1782685997242.0,92.83,False,False
Kalimantan Utara,34,2026,1,Januari,37,Pendapatan Transfer Pemerintah Pusat,1248201119000.0,178278028574.0,14.28,False,False
Kalimantan Utara,34,2026,2,Februari,38,Pendapatan Transfer Pemerintah Pusat,1248201119000.0,262238856190.0,21.01,False,False
Kalimantan Utara,34,2026,3,Maret,39,Pendapatan Transfer Pemerintah Pusat,1248201119000.0,389040031619.0,31.17,False,False
Kalimantan Utara,34,2026,4,April,40,Pendapatan Transfer Pemerintah Pusat,1248201119000.0,471711564763.0,37.79,False,False
Kalimantan Utara,34,2026,5,Mei,41,Pendapatan Transfer Pemerintah Pusat,1248201119000.0,571872531062.0,45.82,False,False
Kalimantan Utara,34,2026,6,Juni,42,Pendapatan Transfer Pemerintah Pusat,1248201119000.0,606786346868.0,48.61,False,False
Kalimantan Utara,34,2026,7,Juli,43,Pendapatan Transfer Pemerintah Pusat,1248201119000.0,675199814281.0,54.09,False,False
Kalimantan Utara,34,2026,8,Agustus,44,Pendapatan Transfer Pemerintah Pusat,1248201119000.0,687167024281.0,55.05,False,False
Kalimantan Utara,34,2026,9,September,45,Pendapatan Transfer Pemerintah Pusat,1248201119000.0,687167024281.0,55.05,False,True
Kalimantan Utara,34,2026,10,Oktober,46,Pendapatan Transfer Pemerintah Pusat,1248201119000.0,687167024281.0,55.05,False,True
Kalimantan Utara,34,2026,11,November,47,Pendapatan Transfer Pemerintah Pusat,1248201119000.0,687167024281.0,55.05,False,True
Kalimantan Utara,34,2026,12,Desember,48,Pendapatan Transfer Pemerintah Pusat,1248201119000.0,687167024281.0,55.05,False,True
Kalimantan Utara,34,2023,1,Januari,1,Retribusi Daerah,7801750303.0,633590539.0,8.12,False,False
Kalimantan Utara,34,2023,2,Februari,2,Retribusi Daerah,7801750303.0,1184498236.0,15.18,False,False
Kalimantan Utara,34,2023,3,Maret,3,Retribusi Daerah,7801750303.0,11296181257.0,144.79,False,False
Kalimantan Utara,34,2023,4,April,4,Retribusi Daerah,7801750303.0,11849693516.0,151.89,False,False
Kalimantan Utara,34,2023,5,Mei,5,Retribusi Daerah,7801750303.0,11849693516.0,151.89,False,False
Kalimantan Utara,34,2023,6,Juni,6,Retribusi Daerah,7801750303.0,12427985311.0,159.3,False,False
Kalimantan Utara,34,2023,7,Juli,7,Retribusi Daerah,7801750303.0,13163215942.0,168.72,False,False
Kalimantan Utara,34,2023,8,Agustus,8,Retribusi Daerah,7801750303.0,13769965577.0,176.5,False,False
Kalimantan Utara,34,2023,9,September,9,Retribusi Daerah,7801750303.0,14457723562.0,185.31,False,False
Kalimantan Utara,34,2023,10,Oktober,10,Retribusi Daerah,7801750303.0,15127793214.0,193.9,False,False
Kalimantan Utara,34,2023,11,November,11,Retribusi Daerah,7801750303.0,15853332265.0,203.2,False,False
Kalimantan Utara,34,2023,12,Desember,12,Retribusi Daerah,7801750303.0,16653493496.0,213.46,False,False
Kalimantan Utara,34,2024,1,Januari,13,Retribusi Daerah,20200000000.0,634715990.0,3.14,False,False
Kalimantan Utara,34,2024,2,Februari,14,Retribusi Daerah,20200000000.0,1248645005.0,6.18,False,False
Kalimantan Utara,34,2024,3,Maret,15,Retribusi Daerah,20200000000.0,1888666294.0,9.35,False,False
Kalimantan Utara,34,2024,4,April,16,Retribusi Daerah,20200000000.0,2670036969.0,13.22,False,False
Kalimantan Utara,34,2024,5,Mei,17,Retribusi Daerah,20200000000.0,3688545723.0,18.26,False,False
Kalimantan Utara,34,2024,6,Juni,18,Retribusi Daerah,20200000000.0,4027193117.0,19.94,False,False
Kalimantan Utara,34,2024,7,Juli,19,Retribusi Daerah,20200000000.0,5791607083.0,28.67,False,False
Kalimantan Utara,34,2024,8,Agustus,20,Retribusi Daerah,20200000000.0,6707232999.0,33.2,False,False
Kalimantan Utara,34,2024,9,September,21,Retribusi Daerah,20200000000.0,7679555313.0,38.02,False,False
Kalimantan Utara,34,2024,10,Oktober,22,Retribusi Daerah,20200000000.0,8648225924.16,42.81,False,False
Kalimantan Utara,34,2024,11,November,23,Retribusi Daerah,20200000000.0,9705904725.16,48.05,False,False
Kalimantan Utara,34,2024,12,Desember,24,Retribusi Daerah,20200000000.0,10789764538.16,53.41,False,False
Kalimantan Utara,34,2025,1,Januari,25,Retribusi Daerah,12522785602.0,1006245430.0,8.04,False,False
Kalimantan Utara,34,2025,2,Februari,26,Retribusi Daerah,12522785602.0,1852442931.0,14.79,False,False
Kalimantan Utara,34,2025,3,Maret,27,Retribusi Daerah,12522785602.0,2894446777.0,23.11,False,False
Kalimantan Utara,34,2025,4,April,28,Retribusi Daerah,12522785602.0,3914576873.0,31.26,False,False
Kalimantan Utara,34,2025,5,Mei,29,Retribusi Daerah,12522785602.0,4788442468.25,38.24,False,False
Kalimantan Utara,34,2025,6,Juni,30,Retribusi Daerah,12522785602.0,5758204186.25,45.98,False,False
Kalimantan Utara,34,2025,7,Juli,31,Retribusi Daerah,12522785602.0,6692408097.25,53.44,False,False
Kalimantan Utara,34,2025,8,Agustus,32,Retribusi Daerah,12522785602.0,7625033867.25,60.89,False,False
Kalimantan Utara,34,2025,9,September,33,Retribusi Daerah,12522785602.0,8644475059.25,69.03,False,False
Kalimantan Utara,34,2025,10,Oktober,34,Retribusi Daerah,12522785602.0,9684109782.25,77.33,False,False
Kalimantan Utara,34,2025,11,November,35,Retribusi Daerah,12522785602.0,169719262416.44,1.35528,False,False
Kalimantan Utara,34,2025,12,Desember,36,Retribusi Daerah,12522785602.0,203920915376.96,1.6284,False,False
Kalimantan Utara,34,2026,1,Januari,37,Retribusi Daerah,221957122927.0,943186140.0,0.42,False,False
Kalimantan Utara,34,2026,2,Februari,38,Retribusi Daerah,221957122927.0,4812067582.19,2.17,False,False
Kalimantan Utara,34,2026,3,Maret,39,Retribusi Daerah,221957122927.0,33329911358.19,15.02,False,False
Kalimantan Utara,34,2026,4,April,40,Retribusi Daerah,221957122927.0,49931235825.35,22.5,False,False
Kalimantan Utara,34,2026,5,Mei,41,Retribusi Daerah,221957122927.0,65017231674.37,29.29,False,False
Kalimantan Utara,34,2026,6,Juni,42,Retribusi Daerah,221957122927.0,97608152106.46,43.98,False,False
Kalimantan Utara,34,2026,7,Juli,43,Retribusi Daerah,221957122927.0,98740995654.46,44.49,False,False
Kalimantan Utara,34,2026,8,Agustus,44,Retribusi Daerah,221957122927.0,99600313579.46,44.87,False,False
Kalimantan Utara,34,2026,9,September,45,Retribusi Daerah,221957122927.0,99632807829.46,44.89,False,False
Kalimantan Utara,34,2026,10,Oktober,46,Retribusi Daerah,221957122927.0,99632807829.46,44.89,False,True
Kalimantan Utara,34,2026,11,November,47,Retribusi Daerah,221957122927.0,99632807829.46,44.89,False,True
Kalimantan Utara,34,2026,12,Desember,48,Retribusi Daerah,221957122927.0,99632807829.46,44.89,False,True
Kalimantan Utara,34,2023,1,Januari,1,TKDD,1970436797000.0,221522935400.0,11.24,False,False
Kalimantan Utara,34,2023,2,Februari,2,TKDD,1970436797000.0,306863229200.0,15.57,False,False
Kalimantan Utara,34,2023,3,Maret,3,TKDD,1970436797000.0,425697780964.0,21.6,False,False
Kalimantan Utara,34,2023,4,April,4,TKDD,1970436797000.0,621835272651.0,31.56,False,False
Kalimantan Utara,34,2023,5,Mei,5,TKDD,1970436797000.0,621835272651.0,31.56,False,False
Kalimantan Utara,34,2023,6,Juni,6,TKDD,1970436797000.0,749402725201.0,38.03,False,False
Kalimantan Utara,34,2023,7,Juli,7,TKDD,1970436797000.0,849110029701.0,43.09,False,False
Kalimantan Utara,34,2023,8,Agustus,8,TKDD,1970436797000.0,1063360158051.0,53.97,False,False
Kalimantan Utara,34,2023,9,September,9,TKDD,1970436797000.0,1224111535341.0,62.12,False,False
Kalimantan Utara,34,2023,10,Oktober,10,TKDD,1970436797000.0,1468358277638.0,74.52,False,False
Kalimantan Utara,34,2023,11,November,11,TKDD,1970436797000.0,1617384859563.0,82.08,False,False
Kalimantan Utara,34,2023,12,Desember,12,TKDD,1970436797000.0,1931598892815.0,98.03,False,False
Kalimantan Utara,34,2024,1,Januari,13,TKDD,2040116614000.0,276599997600.0,13.56,False,False
Kalimantan Utara,34,2024,2,Februari,14,TKDD,2040116614000.0,353926690200.0,17.35,False,False
Kalimantan Utara,34,2024,3,Maret,15,TKDD,2040116614000.0,508368199506.0,24.92,False,False
Kalimantan Utara,34,2024,4,April,16,TKDD,2040116614000.0,735063497163.0,36.03,False,False
Kalimantan Utara,34,2024,5,Mei,17,TKDD,2040116614000.0,873313892863.0,42.81,False,False
Kalimantan Utara,34,2024,6,Juni,18,TKDD,2040116614000.0,992145108253.0,48.63,False,False
Kalimantan Utara,34,2024,7,Juli,19,TKDD,2040116614000.0,1291578075768.0,63.31,False,False
Kalimantan Utara,34,2024,8,Agustus,20,TKDD,2040116614000.0,1619950096766.0,79.4,False,False
Kalimantan Utara,34,2024,9,September,21,TKDD,2040116614000.0,1933687820492.0,94.78,False,False
Kalimantan Utara,34,2024,10,Oktober,22,TKDD,2040116614000.0,2203089016742.0,107.99,False,False
Kalimantan Utara,34,2024,11,November,23,TKDD,2040116614000.0,2312542438235.0,113.35,False,False
Kalimantan Utara,34,2024,12,Desember,24,TKDD,2040116614000.0,2417275881907.0,118.49,False,False
Kalimantan Utara,34,2025,1,Januari,25,TKDD,1920378771000.0,167482265500.0,8.72,False,False
Kalimantan Utara,34,2025,2,Februari,26,TKDD,1920378771000.0,276421649000.0,14.39,False,False
Kalimantan Utara,34,2025,3,Maret,27,TKDD,1920378771000.0,443849625020.0,23.11,False,False
Kalimantan Utara,34,2025,4,April,28,TKDD,1920378771000.0,598932893896.0,31.19,False,False
Kalimantan Utara,34,2025,5,Mei,29,TKDD,1920378771000.0,743870714751.0,38.74,False,False
Kalimantan Utara,34,2025,6,Juni,30,TKDD,1920378771000.0,858028238457.0,44.68,False,False
Kalimantan Utara,34,2025,7,Juli,31,TKDD,1920378771000.0,1027550999743.0,53.51,False,False
Kalimantan Utara,34,2025,8,Agustus,32,TKDD,1920378771000.0,1218909007569.0,63.47,False,False
Kalimantan Utara,34,2025,9,September,33,TKDD,1920378771000.0,1427451319042.0,74.33,False,False
Kalimantan Utara,34,2025,10,Oktober,34,TKDD,1920378771000.0,1542917051350.0,80.34,False,False
Kalimantan Utara,34,2025,11,November,35,TKDD,1920378771000.0,1731523155922.0,90.17,False,False
Kalimantan Utara,34,2025,12,Desember,36,TKDD,1920378771000.0,1782685997242.0,92.83,False,False
Kalimantan Utara,34,2026,1,Januari,37,TKDD,1248201119000.0,178278028574.0,14.28,False,False
Kalimantan Utara,34,2026,2,Februari,38,TKDD,1248201119000.0,262238856190.0,21.01,False,False
Kalimantan Utara,34,2026,3,Maret,39,TKDD,1248201119000.0,389040031619.0,31.17,False,False
Kalimantan Utara,34,2026,4,April,40,TKDD,1248201119000.0,471711564763.0,37.79,False,False
Kalimantan Utara,34,2026,5,Mei,41,TKDD,1248201119000.0,571872531062.0,45.82,False,False
Kalimantan Utara,34,2026,6,Juni,42,TKDD,1248201119000.0,606786346868.0,48.61,False,False
Kalimantan Utara,34,2026,7,Juli,43,TKDD,1248201119000.0,675199814281.0,54.09,False,False
Kalimantan Utara,34,2026,8,Agustus,44,TKDD,1248201119000.0,687167024281.0,55.05,False,False
Kalimantan Utara,34,2026,9,September,45,TKDD,1248201119000.0,687167024281.0,55.05,False,True
Kalimantan Utara,34,2026,10,Oktober,46,TKDD,1248201119000.0,687167024281.0,55.05,False,True
Kalimantan Utara,34,2026,11,November,47,TKDD,1248201119000.0,687167024281.0,55.05,False,True
Kalimantan Utara,34,2026,12,Desember,48,TKDD,1248201119000.0,687167024281.0,55.05,False,True
