provinsi,kode_prov,tahun,bulan,nama_bulan,urutan,akun,anggaran,realisasi,persentase,datar_tahunan,belum_final
Jawa Tengah,11,2023,1,Januari,1,Belanja Bantuan Keuangan,2843698750000.0,0.0,0.0,False,False
Jawa Tengah,11,2023,2,Februari,2,Belanja Bantuan Keuangan,2843698750000.0,0.0,0.0,False,False
Jawa Tengah,11,2023,3,Maret,3,Belanja Bantuan Keuangan,2843698750000.0,75702000000.0,2.66,False,False
Jawa Tengah,11,2023,4,April,4,Belanja Bantuan Keuangan,2843698750000.0,166517000000.0,5.86,False,False
Jawa Tengah,11,2023,5,Mei,5,Belanja Bantuan Keuangan,2843698750000.0,166517000000.0,5.86,False,False
Jawa Tengah,11,2023,6,Juni,6,Belanja Bantuan Keuangan,2843698750000.0,341056333900.0,11.99,False,False
Jawa Tengah,11,2023,7,Juli,7,Belanja Bantuan Keuangan,2843698750000.0,576031524615.0,20.26,False,False
Jawa Tengah,11,2023,8,Agustus,8,Belanja Bantuan Keuangan,2843698750000.0,1008627167010.0,35.47,False,False
Jawa Tengah,11,2023,9,September,9,Belanja Bantuan Keuangan,2843698750000.0,1532579313924.0,53.89,False,False
Jawa Tengah,11,2023,10,Oktober,10,Belanja Bantuan Keuangan,2843698750000.0,1842798729061.0,64.8,False,False
Jawa Tengah,11,2023,11,November,11,Belanja Bantuan Keuangan,2843698750000.0,2007350148418.0,70.59,False,False
Jawa Tengah,11,2023,12,Desember,12,Belanja Bantuan Keuangan,2843698750000.0,2622573284753.0,92.22,False,False
Jawa Tengah,11,2024,1,Januari,13,Belanja Bantuan Keuangan,3081621209000.0,0.0,0.0,False,False
Jawa Tengah,11,2024,2,Februari,14,Belanja Bantuan Keuangan,3081621209000.0,31210000000.0,1.01,False,False
Jawa Tengah,11,2024,3,Maret,15,Belanja Bantuan Keuangan,3081621209000.0,64171664400.0,2.08,False,False
Jawa Tengah,11,2024,4,April,16,Belanja Bantuan Keuangan,3081621209000.0,112314688100.0,3.64,False,False
Jawa Tengah,11,2024,5,Mei,17,Belanja Bantuan Keuangan,3081621209000.0,337068625300.0,10.94,False,False
Jawa Tengah,11,2024,6,Juni,18,Belanja Bantuan Keuangan,3081621209000.0,650306709568.0,21.1,False,False
Jawa Tengah,11,2024,7,Juli,19,Belanja Bantuan Keuangan,3081621209000.0,1159078838666.0,37.61,False,False
Jawa Tengah,11,2024,8,Agustus,20,Belanja Bantuan Keuangan,3081621209000.0,1506636447867.0,48.89,False,False
Jawa Tengah,11,2024,9,September,21,Belanja Bantuan Keuangan,3081621209000.0,1780431680561.0,57.78,False,False
Jawa Tengah,11,2024,10,Oktober,22,Belanja Bantuan Keuangan,3081621209000.0,2219090466453.0,72.01,False,False
Jawa Tengah,11,2024,11,November,23,Belanja Bantuan Keuangan,3081621209000.0,2467529129811.0,80.07,False,False
Jawa Tengah,11,2024,12,Desember,24,Belanja Bantuan Keuangan,3081621209000.0,3025406428124.0,98.18,False,False
Jawa Tengah,11,2025,1,Januari,25,Belanja Bantuan Keuangan,2582121004000.0,0.0,0.0,False,False
Jawa Tengah,11,2025,2,Februari,26,Belanja Bantuan Keuangan,2582121004000.0,0.0,0.0,False,False
Jawa Tengah,11,2025,3,Maret,27,Belanja Bantuan Keuangan,2582121004000.0,0.0,0.0,False,False
Jawa Tengah,11,2025,4,April,28,Belanja Bantuan Keuangan,2582121004000.0,7750000000.0,0.3,False,False
Jawa Tengah,11,2025,5,Mei,29,Belanja Bantuan Keuangan,2582121004000.0,63090000000.0,2.44,False,False
Jawa Tengah,11,2025,6,Juni,30,Belanja Bantuan Keuangan,2582121004000.0,336712700000.0,13.04,False,False
Jawa Tengah,11,2025,7,Juli,31,Belanja Bantuan Keuangan,2582121004000.0,707176007710.0,27.39,False,False
Jawa Tengah,11,2025,8,Agustus,32,Belanja Bantuan Keuangan,2582121004000.0,1066914483921.0,41.32,False,False
Jawa Tengah,11,2025,9,September,33,Belanja Bantuan Keuangan,2582121004000.0,1326538783724.0,51.37,False,False
Jawa Tengah,11,2025,10,Oktober,34,Belanja Bantuan Keuangan,2582121004000.0,1473068713801.0,57.05,False,False
Jawa Tengah,11,2025,11,November,35,Belanja Bantuan Keuangan,2582121004000.0,1667360481625.0,64.57,False,False
Jawa Tengah,11,2025,12,Desember,36,Belanja Bantuan Keuangan,2582121004000.0,2504959494137.0,97.01,False,False
Jawa Tengah,11,2026,1,Januari,37,Belanja Bantuan Keuangan,2432499020000.0,0.0,0.0,False,False
Jawa Tengah,11,2026,2,Februari,38,Belanja Bantuan Keuangan,2432499020000.0,4673000000.0,0.19,False,False
Jawa Tengah,11,2026,3,Maret,39,Belanja Bantuan Keuangan,2432499020000.0,22805000000.0,0.94,False,False
Jawa Tengah,11,2026,4,April,40,Belanja Bantuan Keuangan,2432499020000.0,30308000000.0,1.25,False,False
Jawa Tengah,11,2026,5,Mei,41,Belanja Bantuan Keuangan,2432499020000.0,31682000000.0,1.3,False,False
Jawa Tengah,11,2026,6,Juni,42,Belanja Bantuan Keuangan,2432499020000.0,32807000000.0,1.35,False,False
Jawa Tengah,11,2026,7,Juli,43,Belanja Bantuan Keuangan,2432499020000.0,100691359455.0,4.14,False,False
Jawa Tengah,11,2026,8,Agustus,44,Belanja Bantuan Keuangan,2432499020000.0,261031200902.0,10.73,False,False
Jawa Tengah,11,2026,9,September,45,Belanja Bantuan Keuangan,2432499020000.0,261031200902.0,10.73,False,True
Jawa Tengah,11,2026,10,Oktober,46,Belanja Bantuan Keuangan,2432499020000.0,261031200902.0,10.73,False,True
Jawa Tengah,11,2026,11,November,47,Belanja Bantuan Keuangan,2432499020000.0,261031200902.0,10.73,False,True
Jawa Tengah,11,2026,12,Desember,48,Belanja Bantuan Keuangan,2432499020000.0,261031200902.0,10.73,False,True
Jawa Tengah,11,2023,1,Januari,1,Belanja Bantuan Sosial,132717360000.0,0.0,0.0,False,False
Jawa Tengah,11,2023,2,Februari,2,Belanja Bantuan Sosial,132717360000.0,13026960000.0,9.82,False,False
Jawa Tengah,11,2023,3,Maret,3,Belanja Bantuan Sosial,132717360000.0,26355860000.0,19.86,False,False
Jawa Tengah,11,2023,4,April,4,Belanja Bantuan Sosial,132717360000.0,34979880425.0,26.36,False,False
Jawa Tengah,11,2023,5,Mei,5,Belanja Bantuan Sosial,132717360000.0,34979880425.0,26.36,False,False
Jawa Tengah,11,2023,6,Juni,6,Belanja Bantuan Sosial,132717360000.0,39592949295.0,29.83,False,False
Jawa Tengah,11,2023,7,Juli,7,Belanja Bantuan Sosial,132717360000.0,43864761395.0,33.05,False,False
Jawa Tengah,11,2023,8,Agustus,8,Belanja Bantuan Sosial,132717360000.0,60370959545.0,45.49,False,False
Jawa Tengah,11,2023,9,September,9,Belanja Bantuan Sosial,132717360000.0,63150453435.0,47.58,False,False
Jawa Tengah,11,2023,10,Oktober,10,Belanja Bantuan Sosial,132717360000.0,67194283435.0,50.63,False,False
Jawa Tengah,11,2023,11,November,11,Belanja Bantuan Sosial,132717360000.0,89142198435.0,67.17,False,False
Jawa Tengah,11,2023,12,Desember,12,Belanja Bantuan Sosial,132717360000.0,100240623835.0,75.53,False,False
Jawa Tengah,11,2024,1,Januari,13,Belanja Bantuan Sosial,45443244000.0,0.0,0.0,False,False
Jawa Tengah,11,2024,2,Februari,14,Belanja Bantuan Sosial,45443244000.0,0.0,0.0,False,False
Jawa Tengah,11,2024,3,Maret,15,Belanja Bantuan Sosial,45443244000.0,2032000000.0,4.47,False,False
Jawa Tengah,11,2024,4,April,16,Belanja Bantuan Sosial,45443244000.0,5781976000.0,12.72,False,False
Jawa Tengah,11,2024,5,Mei,17,Belanja Bantuan Sosial,45443244000.0,17785092250.0,39.14,False,False
Jawa Tengah,11,2024,6,Juni,18,Belanja Bantuan Sosial,45443244000.0,23381400750.0,51.45,False,False
Jawa Tengah,11,2024,7,Juli,19,Belanja Bantuan Sosial,45443244000.0,25821400750.0,56.82,False,False
Jawa Tengah,11,2024,8,Agustus,20,Belanja Bantuan Sosial,45443244000.0,27270900750.0,60.01,False,False
Jawa Tengah,11,2024,9,September,21,Belanja Bantuan Sosial,45443244000.0,27892996459.0,61.38,False,False
Jawa Tengah,11,2024,10,Oktober,22,Belanja Bantuan Sosial,45443244000.0,29524996459.0,64.97,False,False
Jawa Tengah,11,2024,11,November,23,Belanja Bantuan Sosial,45443244000.0,36446996459.0,80.2,False,False
Jawa Tengah,11,2024,12,Desember,24,Belanja Bantuan Sosial,45443244000.0,45008996459.0,99.04,False,False
Jawa Tengah,11,2025,1,Januari,25,Belanja Bantuan Sosial,32600000000.0,0.0,0.0,False,False
Jawa Tengah,11,2025,2,Februari,26,Belanja Bantuan Sosial,32600000000.0,0.0,0.0,False,False
Jawa Tengah,11,2025,3,Maret,27,Belanja Bantuan Sosial,32600000000.0,3956000000.0,12.13,False,False
Jawa Tengah,11,2025,4,April,28,Belanja Bantuan Sosial,32600000000.0,19496000000.0,59.8,False,False
Jawa Tengah,11,2025,5,Mei,29,Belanja Bantuan Sosial,32600000000.0,21036000000.0,64.53,False,False
Jawa Tengah,11,2025,6,Juni,30,Belanja Bantuan Sosial,32600000000.0,22978000000.0,70.48,False,False
Jawa Tengah,11,2025,7,Juli,31,Belanja Bantuan Sosial,32600000000.0,25833000000.0,79.24,False,False
Jawa Tengah,11,2025,8,Agustus,32,Belanja Bantuan Sosial,32600000000.0,27107000000.0,83.15,False,False
Jawa Tengah,11,2025,9,September,33,Belanja Bantuan Sosial,32600000000.0,27147000000.0,83.27,False,False
Jawa Tengah,11,2025,10,Oktober,34,Belanja Bantuan Sosial,32600000000.0,27271000000.0,83.65,False,False
Jawa Tengah,11,2025,11,November,35,Belanja Bantuan Sosial,32600000000.0,31899000000.0,97.85,False,False
Jawa Tengah,11,2025,12,Desember,36,Belanja Bantuan Sosial,32600000000.0,32583000000.0,99.95,False,False
Jawa Tengah,11,2026,1,Januari,37,Belanja Bantuan Sosial,10407000000.0,0.0,0.0,False,False
Jawa Tengah,11,2026,2,Februari,38,Belanja Bantuan Sosial,10407000000.0,0.0,0.0,False,False
Jawa Tengah,11,2026,3,Maret,39,Belanja Bantuan Sosial,10407000000.0,1584000000.0,15.22,False,False
Jawa Tengah,11,2026,4,April,40,Belanja Bantuan Sosial,10407000000.0,2112000000.0,20.29,False,False
Jawa Tengah,11,2026,5,Mei,41,Belanja Bantuan Sosial,10407000000.0,3812000000.0,36.63,False,False
Jawa Tengah,11,2026,6,Juni,42,Belanja Bantuan Sosial,10407000000.0,5352000000.0,51.43,False,False
Jawa Tengah,11,2026,7,Juli,43,Belanja Bantuan Sosial,10407000000.0,6280789120.0,60.35,False,False
Jawa Tengah,11,2026,8,Agustus,44,Belanja Bantuan Sosial,10407000000.0,7098234870.0,68.21,False,False
Jawa Tengah,11,2026,9,September,45,Belanja Bantuan Sosial,10407000000.0,7098234870.0,68.21,False,True
Jawa Tengah,11,2026,10,Oktober,46,Belanja Bantuan Sosial,10407000000.0,7098234870.0,68.21,False,True
Jawa Tengah,11,2026,11,November,47,Belanja Bantuan Sosial,10407000000.0,7098234870.0,68.21,False,True
Jawa Tengah,11,2026,12,Desember,48,Belanja Bantuan Sosial,10407000000.0,7098234870.0,68.21,False,True
Jawa Tengah,11,2023,1,Januari,1,Belanja Barang dan Jasa,5543366427000.0,148796218336.0,2.68,False,False
Jawa Tengah,11,2023,2,Februari,2,Belanja Barang dan Jasa,5543366427000.0,560923303056.0,10.12,False,False
Jawa Tengah,11,2023,3,Maret,3,Belanja Barang dan Jasa,5543366427000.0,1371291210542.0,24.74,False,False
Jawa Tengah,11,2023,4,April,4,Belanja Barang dan Jasa,5543366427000.0,1924441914125.0,34.72,False,False
Jawa Tengah,11,2023,5,Mei,5,Belanja Barang dan Jasa,5543366427000.0,1924441914125.0,34.72,False,False
Jawa Tengah,11,2023,6,Juni,6,Belanja Barang dan Jasa,5543366427000.0,2314642451442.0,41.76,False,False
Jawa Tengah,11,2023,7,Juli,7,Belanja Barang dan Jasa,5543366427000.0,3044320835565.0,54.92,False,False
Jawa Tengah,11,2023,8,Agustus,8,Belanja Barang dan Jasa,5543366427000.0,3430441906839.0,61.88,False,False
Jawa Tengah,11,2023,9,September,9,Belanja Barang dan Jasa,5543366427000.0,3768685483837.0,67.99,False,False
Jawa Tengah,11,2023,10,Oktober,10,Belanja Barang dan Jasa,5543366427000.0,4100827093917.0,73.98,False,False
Jawa Tengah,11,2023,11,November,11,Belanja Barang dan Jasa,5543366427000.0,4690610901101.0,84.62,False,False
Jawa Tengah,11,2023,12,Desember,12,Belanja Barang dan Jasa,5543366427000.0,5374955942655.0,96.96,False,False
Jawa Tengah,11,2024,1,Januari,13,Belanja Barang dan Jasa,6485076379000.0,725614416143.0,11.19,False,False
Jawa Tengah,11,2024,2,Februari,14,Belanja Barang dan Jasa,6485076379000.0,1176206267263.0,18.14,False,False
Jawa Tengah,11,2024,3,Maret,15,Belanja Barang dan Jasa,6485076379000.0,1517443879873.0,23.4,False,False
Jawa Tengah,11,2024,4,April,16,Belanja Barang dan Jasa,6485076379000.0,1988264319662.0,30.66,False,False
Jawa Tengah,11,2024,5,Mei,17,Belanja Barang dan Jasa,6485076379000.0,2397504224778.0,36.97,False,False
Jawa Tengah,11,2024,6,Juni,18,Belanja Barang dan Jasa,6485076379000.0,2880864480941.0,44.42,False,False
Jawa Tengah,11,2024,7,Juli,19,Belanja Barang dan Jasa,6485076379000.0,3387557420375.0,52.24,False,False
Jawa Tengah,11,2024,8,Agustus,20,Belanja Barang dan Jasa,6485076379000.0,4070318252004.0,62.76,False,False
Jawa Tengah,11,2024,9,September,21,Belanja Barang dan Jasa,6485076379000.0,4459996875287.0,68.77,False,False
Jawa Tengah,11,2024,10,Oktober,22,Belanja Barang dan Jasa,6485076379000.0,4887763441077.0,75.37,False,False
Jawa Tengah,11,2024,11,November,23,Belanja Barang dan Jasa,6485076379000.0,5494971310863.0,84.73,False,False
Jawa Tengah,11,2024,12,Desember,24,Belanja Barang dan Jasa,6485076379000.0,6234228358506.0,96.13,False,False
Jawa Tengah,11,2025,1,Januari,25,Belanja Barang dan Jasa,6554955733000.0,706120560878.0,10.77,False,False
Jawa Tengah,11,2025,2,Februari,26,Belanja Barang dan Jasa,6554955733000.0,1179133614924.0,17.99,False,False
Jawa Tengah,11,2025,3,Maret,27,Belanja Barang dan Jasa,6554955733000.0,1644826494743.0,25.09,False,False
Jawa Tengah,11,2025,4,April,28,Belanja Barang dan Jasa,6554955733000.0,2052256993488.0,31.31,False,False
Jawa Tengah,11,2025,5,Mei,29,Belanja Barang dan Jasa,6554955733000.0,2364309999552.0,36.07,False,False
Jawa Tengah,11,2025,6,Juni,30,Belanja Barang dan Jasa,6554955733000.0,2755442257429.0,42.04,False,False
Jawa Tengah,11,2025,7,Juli,31,Belanja Barang dan Jasa,6554955733000.0,3281856828279.0,50.07,False,False
Jawa Tengah,11,2025,8,Agustus,32,Belanja Barang dan Jasa,6554955733000.0,3894457350653.0,59.41,False,False
Jawa Tengah,11,2025,9,September,33,Belanja Barang dan Jasa,6554955733000.0,4334140235446.0,66.12,False,False
Jawa Tengah,11,2025,10,Oktober,34,Belanja Barang dan Jasa,6554955733000.0,5031592917779.0,76.76,False,False
Jawa Tengah,11,2025,11,November,35,Belanja Barang dan Jasa,6554955733000.0,5471412332676.0,83.47,False,False
Jawa Tengah,11,2025,12,Desember,36,Belanja Barang dan Jasa,6554955733000.0,6306083040496.0,96.2,False,False
Jawa Tengah,11,2026,1,Januari,37,Belanja Barang dan Jasa,5978582099336.0,713732766572.0,11.94,False,False
Jawa Tengah,11,2026,2,Februari,38,Belanja Barang dan Jasa,5978582099336.0,1085317854274.0,18.15,False,False
Jawa Tengah,11,2026,3,Maret,39,Belanja Barang dan Jasa,5978582099336.0,1543957258799.0,25.82,False,False
Jawa Tengah,11,2026,4,April,40,Belanja Barang dan Jasa,5978582099336.0,1902897734612.0,31.83,False,False
Jawa Tengah,11,2026,5,Mei,41,Belanja Barang dan Jasa,5978582099336.0,2354966202969.0,39.39,False,False
Jawa Tengah,11,2026,6,Juni,42,Belanja Barang dan Jasa,5978582099336.0,2858464500793.0,47.81,False,False
Jawa Tengah,11,2026,7,Juli,43,Belanja Barang dan Jasa,5978582099336.0,3283073522762.0,54.91,False,False
Jawa Tengah,11,2026,8,Agustus,44,Belanja Barang dan Jasa,5978582099336.0,3591107618707.0,60.07,False,False
Jawa Tengah,11,2026,9,September,45,Belanja Barang dan Jasa,5978582099336.0,3601451717651.0,60.24,False,False
Jawa Tengah,11,2026,10,Oktober,46,Belanja Barang dan Jasa,5978582099336.0,3601451717651.0,60.24,False,True
Jawa Tengah,11,2026,11,November,47,Belanja Barang dan Jasa,5978582099336.0,3601451717651.0,60.24,False,True
Jawa Tengah,11,2026,12,Desember,48,Belanja Barang dan Jasa,5978582099336.0,3601451717651.0,60.24,False,True
Jawa Tengah,11,2023,1,Januari,1,Belanja Daerah,26763164318000.0,521380024747.0,1.95,False,False
Jawa Tengah,11,2023,2,Februari,2,Belanja Daerah,26763164318000.0,1946094276734.0,7.27,False,False
Jawa Tengah,11,2023,3,Maret,3,Belanja Daerah,26763164318000.0,3866863819889.0,14.45,False,False
Jawa Tengah,11,2023,4,April,4,Belanja Daerah,26763164318000.0,6915827095429.0,25.84,False,False
Jawa Tengah,11,2023,5,Mei,5,Belanja Daerah,26763164318000.0,6915827095429.0,25.84,False,False
Jawa Tengah,11,2023,6,Juni,6,Belanja Daerah,26763164318000.0,8777595905782.0,32.8,False,False
Jawa Tengah,11,2023,7,Juli,7,Belanja Daerah,26763164318000.0,11929342783826.0,44.57,False,False
Jawa Tengah,11,2023,8,Agustus,8,Belanja Daerah,26763164318000.0,14189256031215.0,53.02,False,False
Jawa Tengah,11,2023,9,September,9,Belanja Daerah,26763164318000.0,15888343331402.0,59.37,False,False
Jawa Tengah,11,2023,10,Oktober,10,Belanja Daerah,26763164318000.0,17521834997241.0,65.47,False,False
Jawa Tengah,11,2023,11,November,11,Belanja Daerah,26763164318000.0,20078214824158.0,75.02,False,False
Jawa Tengah,11,2023,12,Desember,12,Belanja Daerah,26763164318000.0,24146114520354.0,90.22,False,False
Jawa Tengah,11,2024,1,Januari,13,Belanja Daerah,28566198573000.0,1620371768615.0,5.67,False,False
Jawa Tengah,11,2024,2,Februari,14,Belanja Daerah,28566198573000.0,3009560643852.0,10.54,False,False
Jawa Tengah,11,2024,3,Maret,15,Belanja Daerah,28566198573000.0,4949792443725.0,17.33,False,False
Jawa Tengah,11,2024,4,April,16,Belanja Daerah,28566198573000.0,6867281147470.0,24.04,False,False
Jawa Tengah,11,2024,5,Mei,17,Belanja Daerah,28566198573000.0,9593839271774.0,33.58,False,False
Jawa Tengah,11,2024,6,Juni,18,Belanja Daerah,28566198573000.0,11396769481353.0,39.9,False,False
Jawa Tengah,11,2024,7,Juli,19,Belanja Daerah,28566198573000.0,14652013710171.0,51.29,False,False
Jawa Tengah,11,2024,8,Agustus,20,Belanja Daerah,28566198573000.0,17406863747690.0,60.94,False,False
Jawa Tengah,11,2024,9,September,21,Belanja Daerah,28566198573000.0,19116240898720.0,66.92,False,False
Jawa Tengah,11,2024,10,Oktober,22,Belanja Daerah,28566198573000.0,21499087330286.0,75.26,False,False
Jawa Tengah,11,2024,11,November,23,Belanja Daerah,28566198573000.0,23524649598495.0,82.35,False,False
Jawa Tengah,11,2024,12,Desember,24,Belanja Daerah,28566198573000.0,27187126497803.0,95.17,False,False
Jawa Tengah,11,2025,1,Januari,25,Belanja Daerah,25231604925000.0,1632365542830.0,6.47,False,False
Jawa Tengah,11,2025,2,Februari,26,Belanja Daerah,25231604925000.0,2517303564531.0,9.98,False,False
Jawa Tengah,11,2025,3,Maret,27,Belanja Daerah,25231604925000.0,4269177649486.0,16.92,False,False
Jawa Tengah,11,2025,4,April,28,Belanja Daerah,25231604925000.0,5413263351207.0,21.45,False,False
Jawa Tengah,11,2025,5,Mei,29,Belanja Daerah,25231604925000.0,7900163947577.0,31.31,False,False
Jawa Tengah,11,2025,6,Juni,30,Belanja Daerah,25231604925000.0,9661361194462.0,38.29,False,False
Jawa Tengah,11,2025,7,Juli,31,Belanja Daerah,25231604925000.0,11763823193078.0,46.62,False,False
Jawa Tengah,11,2025,8,Agustus,32,Belanja Daerah,25231604925000.0,14606783936764.0,57.89,False,False
Jawa Tengah,11,2025,9,September,33,Belanja Daerah,25231604925000.0,16245415127046.0,64.39,False,False
Jawa Tengah,11,2025,10,Oktober,34,Belanja Daerah,25231604925000.0,18466016852731.0,73.19,False,False
Jawa Tengah,11,2025,11,November,35,Belanja Daerah,25231604925000.0,20425381068762.0,80.95,False,False
Jawa Tengah,11,2025,12,Desember,36,Belanja Daerah,25231604925000.0,23871838129256.0,94.61,False,False
Jawa Tengah,11,2026,1,Januari,37,Belanja Daerah,23766948041000.0,1679431763290.0,7.07,False,False
Jawa Tengah,11,2026,2,Februari,38,Belanja Daerah,23766948041000.0,2895160064828.0,12.18,False,False
Jawa Tengah,11,2026,3,Maret,39,Belanja Daerah,23766948041000.0,4674372689618.0,19.67,False,False
Jawa Tengah,11,2026,4,April,40,Belanja Daerah,23766948041000.0,6315222159700.0,26.57,False,False
Jawa Tengah,11,2026,5,Mei,41,Belanja Daerah,23766948041000.0,7517051848497.0,31.63,False,False
Jawa Tengah,11,2026,6,Juni,42,Belanja Daerah,23766948041000.0,8947156784040.0,37.65,False,False
Jawa Tengah,11,2026,7,Juli,43,Belanja Daerah,23766948041000.0,10712136639721.0,45.07,False,False
Jawa Tengah,11,2026,8,Agustus,44,Belanja Daerah,23766948041000.0,11910591796643.0,50.11,False,False
Jawa Tengah,11,2026,9,September,45,Belanja Daerah,23766948041000.0,12173263570490.0,51.22,False,False
Jawa Tengah,11,2026,10,Oktober,46,Belanja Daerah,23766948041000.0,12173263570490.0,51.22,False,True
Jawa Tengah,11,2026,11,November,47,Belanja Daerah,23766948041000.0,12173263570490.0,51.22,False,True
Jawa Tengah,11,2026,12,Desember,48,Belanja Daerah,23766948041000.0,12173263570490.0,51.22,False,True
Jawa Tengah,11,2023,1,Januari,1,Belanja Hibah,2237267527000.0,2269927500.0,0.1,False,False
Jawa Tengah,11,2023,2,Februari,2,Belanja Hibah,2237267527000.0,234892907500.0,10.5,False,False
Jawa Tengah,11,2023,3,Maret,3,Belanja Hibah,2237267527000.0,502920354807.0,22.48,False,False
Jawa Tengah,11,2023,4,April,4,Belanja Hibah,2237267527000.0,770163680464.0,34.42,False,False
Jawa Tengah,11,2023,5,Mei,5,Belanja Hibah,2237267527000.0,770163680464.0,34.42,False,False
Jawa Tengah,11,2023,6,Juni,6,Belanja Hibah,2237267527000.0,905993685449.0,40.5,False,False
Jawa Tengah,11,2023,7,Juli,7,Belanja Hibah,2237267527000.0,1417684114018.0,63.37,False,False
Jawa Tengah,11,2023,8,Agustus,8,Belanja Hibah,2237267527000.0,1582703211373.0,70.74,False,False
Jawa Tengah,11,2023,9,September,9,Belanja Hibah,2237267527000.0,1630025968417.0,72.86,False,False
Jawa Tengah,11,2023,10,Oktober,10,Belanja Hibah,2237267527000.0,1669349832623.0,74.62,False,False
Jawa Tengah,11,2023,11,November,11,Belanja Hibah,2237267527000.0,1795424403463.0,80.25,False,False
Jawa Tengah,11,2023,12,Desember,12,Belanja Hibah,2237267527000.0,2393429119189.0,106.98,False,False
Jawa Tengah,11,2024,1,Januari,13,Belanja Hibah,2804157236000.0,508740825000.0,18.14,False,False
Jawa Tengah,11,2024,2,Februari,14,Belanja Hibah,2804157236000.0,1028153883000.0,36.67,False,False
Jawa Tengah,11,2024,3,Maret,15,Belanja Hibah,2804157236000.0,1117207412200.0,39.84,False,False
Jawa Tengah,11,2024,4,April,16,Belanja Hibah,2804157236000.0,1538446582343.0,54.86,False,False
Jawa Tengah,11,2024,5,Mei,17,Belanja Hibah,2804157236000.0,1614505567353.0,57.58,False,False
Jawa Tengah,11,2024,6,Juni,18,Belanja Hibah,2804157236000.0,1645036035188.0,58.66,False,False
Jawa Tengah,11,2024,7,Juli,19,Belanja Hibah,2804157236000.0,1781416041957.0,63.53,False,False
Jawa Tengah,11,2024,8,Agustus,20,Belanja Hibah,2804157236000.0,2332767777791.0,83.19,False,False
Jawa Tengah,11,2024,9,September,21,Belanja Hibah,2804157236000.0,2451981681904.0,87.44,False,False
Jawa Tengah,11,2024,10,Oktober,22,Belanja Hibah,2804157236000.0,2467211496877.0,87.98,False,False
Jawa Tengah,11,2024,11,November,23,Belanja Hibah,2804157236000.0,2557089535494.0,91.19,False,False
Jawa Tengah,11,2024,12,Desember,24,Belanja Hibah,2804157236000.0,2780143423054.0,99.14,False,False
Jawa Tengah,11,2025,1,Januari,25,Belanja Hibah,2093048950000.0,529385420000.0,25.29,False,False
Jawa Tengah,11,2025,2,Februari,26,Belanja Hibah,2093048950000.0,533035591170.0,25.47,False,False
Jawa Tengah,11,2025,3,Maret,27,Belanja Hibah,2093048950000.0,576055132308.0,27.52,False,False
Jawa Tengah,11,2025,4,April,28,Belanja Hibah,2093048950000.0,637698691466.0,30.47,False,False
Jawa Tengah,11,2025,5,Mei,29,Belanja Hibah,2093048950000.0,814630516830.0,38.92,False,False
Jawa Tengah,11,2025,6,Juni,30,Belanja Hibah,2093048950000.0,930947053520.0,44.48,False,False
Jawa Tengah,11,2025,7,Juli,31,Belanja Hibah,2093048950000.0,1000426675732.0,47.8,False,False
Jawa Tengah,11,2025,8,Agustus,32,Belanja Hibah,2093048950000.0,1584611890324.0,75.71,False,False
Jawa Tengah,11,2025,9,September,33,Belanja Hibah,2093048950000.0,1723201541794.0,82.33,False,False
Jawa Tengah,11,2025,10,Oktober,34,Belanja Hibah,2093048950000.0,1747481906764.0,83.49,False,False
Jawa Tengah,11,2025,11,November,35,Belanja Hibah,2093048950000.0,1917413545362.0,91.61,False,False
Jawa Tengah,11,2025,12,Desember,36,Belanja Hibah,2093048950000.0,2068441743196.0,98.82,False,False
Jawa Tengah,11,2026,1,Januari,37,Belanja Hibah,2046047815000.0,540615880000.0,26.42,False,False
Jawa Tengah,11,2026,2,Februari,38,Belanja Hibah,2046047815000.0,573632047000.0,28.04,False,False
Jawa Tengah,11,2026,3,Maret,39,Belanja Hibah,2046047815000.0,758497624000.0,37.07,False,False
Jawa Tengah,11,2026,4,April,40,Belanja Hibah,2046047815000.0,797945558800.0,39.0,False,False
Jawa Tengah,11,2026,5,Mei,41,Belanja Hibah,2046047815000.0,814722967300.0,39.82,False,False
Jawa Tengah,11,2026,6,Juni,42,Belanja Hibah,2046047815000.0,902125123300.0,44.09,False,False
Jawa Tengah,11,2026,7,Juli,43,Belanja Hibah,2046047815000.0,1002375129113.0,48.99,False,False
Jawa Tengah,11,2026,8,Agustus,44,Belanja Hibah,2046047815000.0,1152758016383.0,56.34,False,False
Jawa Tengah,11,2026,9,September,45,Belanja Hibah,2046047815000.0,1153731949383.0,56.39,False,False
Jawa Tengah,11,2026,10,Oktober,46,Belanja Hibah,2046047815000.0,1153731949383.0,56.39,False,True
Jawa Tengah,11,2026,11,November,47,Belanja Hibah,2046047815000.0,1153731949383.0,56.39,False,True
Jawa Tengah,11,2026,12,Desember,48,Belanja Hibah,2046047815000.0,1153731949383.0,56.39,False,True
Jawa Tengah,11,2023,1,Januari,1,Belanja Lainnya,12057502415000.0,2269927500.0,0.02,False,False
Jawa Tengah,11,2023,2,Februari,2,Belanja Lainnya,12057502415000.0,631508794042.0,5.24,False,False
Jawa Tengah,11,2023,3,Maret,3,Belanja Lainnya,12057502415000.0,1336526115409.0,11.08,False,False
Jawa Tengah,11,2023,4,April,4,Belanja Lainnya,12057502415000.0,2837334732101.0,23.53,False,False
Jawa Tengah,11,2023,5,Mei,5,Belanja Lainnya,12057502415000.0,2837334732101.0,23.53,False,False
Jawa Tengah,11,2023,6,Juni,6,Belanja Lainnya,12057502415000.0,3550264840832.0,29.44,False,False
Jawa Tengah,11,2023,7,Juli,7,Belanja Lainnya,12057502415000.0,5115698258006.0,42.43,False,False
Jawa Tengah,11,2023,8,Agustus,8,Belanja Lainnya,12057502415000.0,6090148802439.0,50.51,False,False
Jawa Tengah,11,2023,9,September,9,Belanja Lainnya,12057502415000.0,7040357882224.0,58.39,False,False
Jawa Tengah,11,2023,10,Oktober,10,Belanja Lainnya,12057502415000.0,7769778745556.0,64.44,False,False
Jawa Tengah,11,2023,11,November,11,Belanja Lainnya,12057502415000.0,8955156113866.0,74.27,False,False
Jawa Tengah,11,2023,12,Desember,12,Belanja Lainnya,12057502415000.0,11068352663233.0,91.8,False,False
Jawa Tengah,11,2024,1,Januari,13,Belanja Lainnya,13088954273000.0,508740825000.0,3.89,False,False
Jawa Tengah,11,2024,2,Februari,14,Belanja Lainnya,13088954273000.0,1059363883000.0,8.09,False,False
Jawa Tengah,11,2024,3,Maret,15,Belanja Lainnya,13088954273000.0,1910904411824.0,14.6,False,False
Jawa Tengah,11,2024,4,April,16,Belanja Lainnya,13088954273000.0,2735919453507.0,20.9,False,False
Jawa Tengah,11,2024,5,Mei,17,Belanja Lainnya,13088954273000.0,4195544526668.0,32.05,False,False
Jawa Tengah,11,2024,6,Juni,18,Belanja Lainnya,13088954273000.0,4544909387271.0,34.72,False,False
Jawa Tengah,11,2024,7,Juli,19,Belanja Lainnya,13088954273000.0,6369524657176.0,48.66,False,False
Jawa Tengah,11,2024,8,Agustus,20,Belanja Lainnya,13088954273000.0,7655487441970.0,58.49,False,False
Jawa Tengah,11,2024,9,September,21,Belanja Lainnya,13088954273000.0,8432041291444.0,64.42,False,False
Jawa Tengah,11,2024,10,Oktober,22,Belanja Lainnya,13088954273000.0,9759464714079.0,74.56,False,False
Jawa Tengah,11,2024,11,November,23,Belanja Lainnya,13088954273000.0,10485420824619.0,80.11,False,False
Jawa Tengah,11,2024,12,Desember,24,Belanja Lainnya,13088954273000.0,12196729517458.0,93.18,False,False
Jawa Tengah,11,2025,1,Januari,25,Belanja Lainnya,9239880406000.0,529460564000.0,5.73,False,False
Jawa Tengah,11,2025,2,Februari,26,Belanja Lainnya,9239880406000.0,533499139170.0,5.77,False,False
Jawa Tengah,11,2025,3,Maret,27,Belanja Lainnya,9239880406000.0,862106182281.0,9.33,False,False
Jawa Tengah,11,2025,4,April,28,Belanja Lainnya,9239880406000.0,1120811105560.0,12.13,False,False
Jawa Tengah,11,2025,5,Mei,29,Belanja Lainnya,9239880406000.0,2756827399869.0,29.84,False,False
Jawa Tengah,11,2025,6,Juni,30,Belanja Lainnya,9239880406000.0,3317483695608.0,35.9,False,False
Jawa Tengah,11,2025,7,Juli,31,Belanja Lainnya,9239880406000.0,3915471097166.0,42.38,False,False
Jawa Tengah,11,2025,8,Agustus,32,Belanja Lainnya,9239880406000.0,5478449908137.0,59.29,False,False
Jawa Tengah,11,2025,9,September,33,Belanja Lainnya,9239880406000.0,6039987089416.0,65.37,False,False
Jawa Tengah,11,2025,10,Oktober,34,Belanja Lainnya,9239880406000.0,6865463008045.0,74.3,False,False
Jawa Tengah,11,2025,11,November,35,Belanja Lainnya,9239880406000.0,7236308053667.0,78.32,False,False
Jawa Tengah,11,2025,12,Desember,36,Belanja Lainnya,9239880406000.0,8709503577773.0,94.26,False,False
Jawa Tengah,11,2026,1,Januari,37,Belanja Lainnya,8560482664000.0,540615880000.0,6.32,False,False
Jawa Tengah,11,2026,2,Februari,38,Belanja Lainnya,8560482664000.0,735863337841.0,8.6,False,False
Jawa Tengah,11,2026,3,Maret,39,Belanja Lainnya,8560482664000.0,1114858453338.0,13.02,False,False
Jawa Tengah,11,2026,4,April,40,Belanja Lainnya,8560482664000.0,1964887658621.0,22.95,False,False
Jawa Tengah,11,2026,5,Mei,41,Belanja Lainnya,8560482664000.0,2172220775428.0,25.37,False,False
Jawa Tengah,11,2026,6,Juni,42,Belanja Lainnya,8560482664000.0,2422723758097.0,28.3,False,False
Jawa Tengah,11,2026,7,Juli,43,Belanja Lainnya,8560482664000.0,3279792214733.0,38.31,False,False
Jawa Tengah,11,2026,8,Agustus,44,Belanja Lainnya,8560482664000.0,3761626861448.0,43.94,False,False
Jawa Tengah,11,2026,9,September,45,Belanja Lainnya,8560482664000.0,3762600794448.0,43.95,False,False
Jawa Tengah,11,2026,10,Oktober,46,Belanja Lainnya,8560482664000.0,3762600794448.0,43.95,False,True
Jawa Tengah,11,2026,11,November,47,Belanja Lainnya,8560482664000.0,3762600794448.0,43.95,False,True
Jawa Tengah,11,2026,12,Desember,48,Belanja Lainnya,8560482664000.0,3762600794448.0,43.95,False,True
Jawa Tengah,11,2023,1,Januari,1,Belanja Modal,1929032293000.0,942239452.0,0.05,False,False
Jawa Tengah,11,2023,2,Februari,2,Belanja Modal,1929032293000.0,12212708660.0,0.63,False,False
Jawa Tengah,11,2023,3,Maret,3,Belanja Modal,1929032293000.0,49704309616.0,2.58,False,False
Jawa Tengah,11,2023,4,April,4,Belanja Modal,1929032293000.0,133917597939.0,6.94,False,False
Jawa Tengah,11,2023,5,Mei,5,Belanja Modal,1929032293000.0,133917597939.0,6.94,False,False
Jawa Tengah,11,2023,6,Juni,6,Belanja Modal,1929032293000.0,230642143232.0,11.96,False,False
Jawa Tengah,11,2023,7,Juli,7,Belanja Modal,1929032293000.0,660971063756.0,34.26,False,False
Jawa Tengah,11,2023,8,Agustus,8,Belanja Modal,1929032293000.0,773150334549.0,40.08,False,False
Jawa Tengah,11,2023,9,September,9,Belanja Modal,1929032293000.0,892528476787.0,46.27,False,False
Jawa Tengah,11,2023,10,Oktober,10,Belanja Modal,1929032293000.0,1071833654621.0,55.56,False,False
Jawa Tengah,11,2023,11,November,11,Belanja Modal,1929032293000.0,1262977796943.0,65.47,False,False
Jawa Tengah,11,2023,12,Desember,12,Belanja Modal,1929032293000.0,1711903619371.0,88.74,False,False
Jawa Tengah,11,2024,1,Januari,13,Belanja Modal,1777270678000.0,1085912217.0,0.06,False,False
Jawa Tengah,11,2024,2,Februari,14,Belanja Modal,1777270678000.0,5711852740.0,0.32,False,False
Jawa Tengah,11,2024,3,Maret,15,Belanja Modal,1777270678000.0,80189486877.0,4.51,False,False
Jawa Tengah,11,2024,4,April,16,Belanja Modal,1777270678000.0,163161672923.0,9.18,False,False
Jawa Tengah,11,2024,5,Mei,17,Belanja Modal,1777270678000.0,398783097344.0,22.44,False,False
Jawa Tengah,11,2024,6,Juni,18,Belanja Modal,1777270678000.0,494769975484.0,27.84,False,False
Jawa Tengah,11,2024,7,Juli,19,Belanja Modal,1777270678000.0,622515311250.0,35.03,False,False
Jawa Tengah,11,2024,8,Agustus,20,Belanja Modal,1777270678000.0,1006857074598.0,56.65,False,False
Jawa Tengah,11,2024,9,September,21,Belanja Modal,1777270678000.0,1133993838187.0,63.81,False,False
Jawa Tengah,11,2024,10,Oktober,22,Belanja Modal,1777270678000.0,1243329902983.0,69.96,False,False
Jawa Tengah,11,2024,11,November,23,Belanja Modal,1777270678000.0,1366764263572.0,76.9,False,False
Jawa Tengah,11,2024,12,Desember,24,Belanja Modal,1777270678000.0,1733084096994.0,97.51,False,False
Jawa Tengah,11,2025,1,Januari,25,Belanja Modal,1998205719000.0,258005475.0,0.01,False,False
Jawa Tengah,11,2025,2,Februari,26,Belanja Modal,1998205719000.0,8056273420.0,0.4,False,False
Jawa Tengah,11,2025,3,Maret,27,Belanja Modal,1998205719000.0,24315355467.0,1.22,False,False
Jawa Tengah,11,2025,4,April,28,Belanja Modal,1998205719000.0,44217847515.0,2.21,False,False
Jawa Tengah,11,2025,5,Mei,29,Belanja Modal,1998205719000.0,57284366570.0,2.87,False,False
Jawa Tengah,11,2025,6,Juni,30,Belanja Modal,1998205719000.0,101684630354.0,5.09,False,False
Jawa Tengah,11,2025,7,Juli,31,Belanja Modal,1998205719000.0,261170037990.0,13.07,False,False
Jawa Tengah,11,2025,8,Agustus,32,Belanja Modal,1998205719000.0,504930372650.0,25.27,False,False
Jawa Tengah,11,2025,9,September,33,Belanja Modal,1998205719000.0,725818033848.0,36.32,False,False
Jawa Tengah,11,2025,10,Oktober,34,Belanja Modal,1998205719000.0,901137063327.0,45.1,False,False
Jawa Tengah,11,2025,11,November,35,Belanja Modal,1998205719000.0,1165053337069.0,58.3,False,False
Jawa Tengah,11,2025,12,Desember,36,Belanja Modal,1998205719000.0,1795558675999.0,89.86,False,False
Jawa Tengah,11,2026,1,Januari,37,Belanja Modal,1699107432664.0,11415200448.0,0.67,False,False
Jawa Tengah,11,2026,2,Februari,38,Belanja Modal,1699107432664.0,27012695618.0,1.59,False,False
Jawa Tengah,11,2026,3,Maret,39,Belanja Modal,1699107432664.0,47468485485.0,2.79,False,False
Jawa Tengah,11,2026,4,April,40,Belanja Modal,1699107432664.0,67724080837.0,3.99,False,False
Jawa Tengah,11,2026,5,Mei,41,Belanja Modal,1699107432664.0,84362110107.0,4.97,False,False
Jawa Tengah,11,2026,6,Juni,42,Belanja Modal,1699107432664.0,90937539928.0,5.35,False,False
Jawa Tengah,11,2026,7,Juli,43,Belanja Modal,1699107432664.0,160635216905.0,9.45,False,False
Jawa Tengah,11,2026,8,Agustus,44,Belanja Modal,1699107432664.0,198683916223.0,11.69,False,False
Jawa Tengah,11,2026,9,September,45,Belanja Modal,1699107432664.0,209392783391.0,12.32,False,False
Jawa Tengah,11,2026,10,Oktober,46,Belanja Modal,1699107432664.0,209392783391.0,12.32,False,True
Jawa Tengah,11,2026,11,November,47,Belanja Modal,1699107432664.0,209392783391.0,12.32,False,True
Jawa Tengah,11,2026,12,Desember,48,Belanja Modal,1699107432664.0,209392783391.0,12.32,False,True
Jawa Tengah,11,2023,1,Januari,1,Belanja Pegawai,7233263183000.0,369371639459.0,5.11,False,False
Jawa Tengah,11,2023,2,Februari,2,Belanja Pegawai,7233263183000.0,741449470976.0,10.25,False,False
Jawa Tengah,11,2023,3,Maret,3,Belanja Pegawai,7233263183000.0,1109342184322.0,15.34,False,False
Jawa Tengah,11,2023,4,April,4,Belanja Pegawai,7233263183000.0,2020132851264.0,27.93,False,False
Jawa Tengah,11,2023,5,Mei,5,Belanja Pegawai,7233263183000.0,2020132851264.0,27.93,False,False
Jawa Tengah,11,2023,6,Juni,6,Belanja Pegawai,7233263183000.0,2682046470276.0,37.08,False,False
Jawa Tengah,11,2023,7,Juli,7,Belanja Pegawai,7233263183000.0,3108352626499.0,42.97,False,False
Jawa Tengah,11,2023,8,Agustus,8,Belanja Pegawai,7233263183000.0,3895514987388.0,53.86,False,False
Jawa Tengah,11,2023,9,September,9,Belanja Pegawai,7233263183000.0,4186771488554.0,57.88,False,False
Jawa Tengah,11,2023,10,Oktober,10,Belanja Pegawai,7233263183000.0,4579395503147.0,63.31,False,False
Jawa Tengah,11,2023,11,November,11,Belanja Pegawai,7233263183000.0,5169470012248.0,71.47,False,False
Jawa Tengah,11,2023,12,Desember,12,Belanja Pegawai,7233263183000.0,5990902295095.0,82.82,False,False
Jawa Tengah,11,2024,1,Januari,13,Belanja Pegawai,7214897243000.0,384930615255.0,5.34,False,False
Jawa Tengah,11,2024,2,Februari,14,Belanja Pegawai,7214897243000.0,768278640849.0,10.65,False,False
Jawa Tengah,11,2024,3,Maret,15,Belanja Pegawai,7214897243000.0,1441254665151.0,19.98,False,False
Jawa Tengah,11,2024,4,April,16,Belanja Pegawai,7214897243000.0,1979935701378.0,27.44,False,False
Jawa Tengah,11,2024,5,Mei,17,Belanja Pegawai,7214897243000.0,2602007422984.0,36.06,False,False
Jawa Tengah,11,2024,6,Juni,18,Belanja Pegawai,7214897243000.0,3476225637657.0,48.18,False,False
Jawa Tengah,11,2024,7,Juli,19,Belanja Pegawai,7214897243000.0,4272416321370.0,59.22,False,False
Jawa Tengah,11,2024,8,Agustus,20,Belanja Pegawai,7214897243000.0,4674200979118.0,64.79,False,False
Jawa Tengah,11,2024,9,September,21,Belanja Pegawai,7214897243000.0,5090208893802.0,70.55,False,False
Jawa Tengah,11,2024,10,Oktober,22,Belanja Pegawai,7214897243000.0,5608529272147.0,77.74,False,False
Jawa Tengah,11,2024,11,November,23,Belanja Pegawai,7214897243000.0,6177493199441.0,85.62,False,False
Jawa Tengah,11,2024,12,Desember,24,Belanja Pegawai,7214897243000.0,7023084524845.0,97.34,False,False
Jawa Tengah,11,2025,1,Januari,25,Belanja Pegawai,7438563067000.0,396526412477.0,5.33,False,False
Jawa Tengah,11,2025,2,Februari,26,Belanja Pegawai,7438563067000.0,796614537017.0,10.71,False,False
Jawa Tengah,11,2025,3,Maret,27,Belanja Pegawai,7438563067000.0,1737929616995.0,23.36,False,False
Jawa Tengah,11,2025,4,April,28,Belanja Pegawai,7438563067000.0,2195977404644.0,29.52,False,False
Jawa Tengah,11,2025,5,Mei,29,Belanja Pegawai,7438563067000.0,2721742181586.0,36.59,False,False
Jawa Tengah,11,2025,6,Juni,30,Belanja Pegawai,7438563067000.0,3486750611071.0,46.87,False,False
Jawa Tengah,11,2025,7,Juli,31,Belanja Pegawai,7438563067000.0,4305325229643.0,57.88,False,False
Jawa Tengah,11,2025,8,Agustus,32,Belanja Pegawai,7438563067000.0,4728946305324.0,63.57,False,False
Jawa Tengah,11,2025,9,September,33,Belanja Pegawai,7438563067000.0,5145469768336.0,69.17,False,False
Jawa Tengah,11,2025,10,Oktober,34,Belanja Pegawai,7438563067000.0,5667823863580.0,76.2,False,False
Jawa Tengah,11,2025,11,November,35,Belanja Pegawai,7438563067000.0,6552607345350.0,88.09,False,False
Jawa Tengah,11,2025,12,Desember,36,Belanja Pegawai,7438563067000.0,7060692834988.0,94.92,False,False
Jawa Tengah,11,2026,1,Januari,37,Belanja Pegawai,7528775845000.0,413667916270.0,5.49,False,False
Jawa Tengah,11,2026,2,Februari,38,Belanja Pegawai,7528775845000.0,1046966177095.0,13.91,False,False
Jawa Tengah,11,2026,3,Maret,39,Belanja Pegawai,7528775845000.0,1968088491996.0,26.14,False,False
Jawa Tengah,11,2026,4,April,40,Belanja Pegawai,7528775845000.0,2379712685630.0,31.61,False,False
Jawa Tengah,11,2026,5,Mei,41,Belanja Pegawai,7528775845000.0,2905502759993.0,38.59,False,False
Jawa Tengah,11,2026,6,Juni,42,Belanja Pegawai,7528775845000.0,3575030985222.0,47.48,False,False
Jawa Tengah,11,2026,7,Juli,43,Belanja Pegawai,7528775845000.0,3988635685321.0,52.98,False,False
Jawa Tengah,11,2026,8,Agustus,44,Belanja Pegawai,7528775845000.0,4359173400265.0,57.9,False,False
Jawa Tengah,11,2026,9,September,45,Belanja Pegawai,7528775845000.0,4599818275000.0,61.1,False,False
Jawa Tengah,11,2026,10,Oktober,46,Belanja Pegawai,7528775845000.0,4599818275000.0,61.1,False,True
Jawa Tengah,11,2026,11,November,47,Belanja Pegawai,7528775845000.0,4599818275000.0,61.1,False,True
Jawa Tengah,11,2026,12,Desember,48,Belanja Pegawai,7528775845000.0,4599818275000.0,61.1,False,True
Jawa Tengah,11,2023,1,Januari,1,Belanja Subsidi,850000000.0,0.0,0.0,False,False
Jawa Tengah,11,2023,2,Februari,2,Belanja Subsidi,850000000.0,0.0,0.0,False,False
Jawa Tengah,11,2023,3,Maret,3,Belanja Subsidi,850000000.0,26189380.0,3.08,False,False
Jawa Tengah,11,2023,4,April,4,Belanja Subsidi,850000000.0,38343026.0,4.51,False,False
Jawa Tengah,11,2023,5,Mei,5,Belanja Subsidi,850000000.0,38343026.0,4.51,False,False
Jawa Tengah,11,2023,6,Juni,6,Belanja Subsidi,850000000.0,72279670.0,8.5,False,False
Jawa Tengah,11,2023,7,Juli,7,Belanja Subsidi,850000000.0,92110508.0,10.84,False,False
Jawa Tengah,11,2023,8,Agustus,8,Belanja Subsidi,850000000.0,112018136.0,13.18,False,False
Jawa Tengah,11,2023,9,September,9,Belanja Subsidi,850000000.0,130791785.0,15.39,False,False
Jawa Tengah,11,2023,10,Oktober,10,Belanja Subsidi,850000000.0,148033446.0,17.42,False,False
Jawa Tengah,11,2023,11,November,11,Belanja Subsidi,850000000.0,164864385.0,19.4,False,False
Jawa Tengah,11,2023,12,Desember,12,Belanja Subsidi,850000000.0,5329775202.0,627.03,False,False
Jawa Tengah,11,2024,1,Januari,13,Belanja Subsidi,1400000000.0,0.0,0.0,False,False
Jawa Tengah,11,2024,2,Februari,14,Belanja Subsidi,1400000000.0,0.0,0.0,False,False
Jawa Tengah,11,2024,3,Maret,15,Belanja Subsidi,1400000000.0,0.0,0.0,False,False
Jawa Tengah,11,2024,4,April,16,Belanja Subsidi,1400000000.0,0.0,0.0,False,False
Jawa Tengah,11,2024,5,Mei,17,Belanja Subsidi,1400000000.0,965570000.0,68.97,False,False
Jawa Tengah,11,2024,6,Juni,18,Belanja Subsidi,1400000000.0,965570000.0,68.97,False,False
Jawa Tengah,11,2024,7,Juli,19,Belanja Subsidi,1400000000.0,965570000.0,68.97,False,False
Jawa Tengah,11,2024,8,Agustus,20,Belanja Subsidi,1400000000.0,965570000.0,68.97,False,False
Jawa Tengah,11,2024,9,September,21,Belanja Subsidi,1400000000.0,965570000.0,68.97,False,False
Jawa Tengah,11,2024,10,Oktober,22,Belanja Subsidi,1400000000.0,1000000000.0,71.43,False,False
Jawa Tengah,11,2024,11,November,23,Belanja Subsidi,1400000000.0,1000000000.0,71.43,False,False
Jawa Tengah,11,2024,12,Desember,24,Belanja Subsidi,1400000000.0,1399999100.0,100.0,False,False
Jawa Tengah,11,2025,1,Januari,25,Belanja Subsidi,12413000000.0,75144000.0,0.61,False,False
Jawa Tengah,11,2025,2,Februari,26,Belanja Subsidi,12413000000.0,463548000.0,3.73,False,False
Jawa Tengah,11,2025,3,Maret,27,Belanja Subsidi,12413000000.0,706596000.0,5.69,False,False
Jawa Tengah,11,2025,4,April,28,Belanja Subsidi,12413000000.0,1859688675.0,14.98,False,False
Jawa Tengah,11,2025,5,Mei,29,Belanja Subsidi,12413000000.0,2097738675.0,16.9,False,False
Jawa Tengah,11,2025,6,Juni,30,Belanja Subsidi,12413000000.0,3588817550.0,28.91,False,False
Jawa Tengah,11,2025,7,Juli,31,Belanja Subsidi,12413000000.0,4225488550.0,34.04,False,False
Jawa Tengah,11,2025,8,Agustus,32,Belanja Subsidi,12413000000.0,6376246325.0,51.37,False,False
Jawa Tengah,11,2025,9,September,33,Belanja Subsidi,12413000000.0,7450732325.0,60.02,False,False
Jawa Tengah,11,2025,10,Oktober,34,Belanja Subsidi,12413000000.0,8397539325.0,67.65,False,False
Jawa Tengah,11,2025,11,November,35,Belanja Subsidi,12413000000.0,9476178525.0,76.34,False,False
Jawa Tengah,11,2025,12,Desember,36,Belanja Subsidi,12413000000.0,12291564636.0,99.02,False,False
Jawa Tengah,11,2026,1,Januari,37,Belanja Subsidi,7647280000.0,0.0,0.0,False,False
Jawa Tengah,11,2026,2,Februari,38,Belanja Subsidi,7647280000.0,523452400.0,6.84,False,False
Jawa Tengah,11,2026,3,Maret,39,Belanja Subsidi,7647280000.0,1051765524.0,13.75,False,False
Jawa Tengah,11,2026,4,April,40,Belanja Subsidi,7647280000.0,1383836484.0,18.1,False,False
Jawa Tengah,11,2026,5,Mei,41,Belanja Subsidi,7647280000.0,1769762548.0,23.14,False,False
Jawa Tengah,11,2026,6,Juni,42,Belanja Subsidi,7647280000.0,2499707212.0,32.69,False,False
Jawa Tengah,11,2026,7,Juli,43,Belanja Subsidi,7647280000.0,3167238088.0,41.42,False,False
Jawa Tengah,11,2026,8,Agustus,44,Belanja Subsidi,7647280000.0,4196925350.0,54.88,False,False
Jawa Tengah,11,2026,9,September,45,Belanja Subsidi,7647280000.0,4196925350.0,54.88,False,True
Jawa Tengah,11,2026,10,Oktober,46,Belanja Subsidi,7647280000.0,4196925350.0,54.88,False,True
Jawa Tengah,11,2026,11,November,47,Belanja Subsidi,7647280000.0,4196925350.0,54.88,False,True
Jawa Tengah,11,2026,12,Desember,48,Belanja Subsidi,7647280000.0,4196925350.0,54.88,False,True
Jawa Tengah,11,2023,1,Januari,1,Belanja Tidak Terduga,57964034000.0,0.0,0.0,False,False
Jawa Tengah,11,2023,2,Februari,2,Belanja Tidak Terduga,57964034000.0,100000000.0,0.17,False,False
Jawa Tengah,11,2023,3,Maret,3,Belanja Tidak Terduga,57964034000.0,415000000.0,0.72,False,False
Jawa Tengah,11,2023,4,April,4,Belanja Tidak Terduga,57964034000.0,415000000.0,0.72,False,False
Jawa Tengah,11,2023,5,Mei,5,Belanja Tidak Terduga,57964034000.0,415000000.0,0.72,False,False
Jawa Tengah,11,2023,6,Juni,6,Belanja Tidak Terduga,57964034000.0,415000000.0,0.72,False,False
Jawa Tengah,11,2023,7,Juli,7,Belanja Tidak Terduga,57964034000.0,415000000.0,0.72,False,False
Jawa Tengah,11,2023,8,Agustus,8,Belanja Tidak Terduga,57964034000.0,415000000.0,0.72,False,False
Jawa Tengah,11,2023,9,September,9,Belanja Tidak Terduga,57964034000.0,415000000.0,0.72,False,False
Jawa Tengah,11,2023,10,Oktober,10,Belanja Tidak Terduga,57964034000.0,415000000.0,0.72,False,False
Jawa Tengah,11,2023,11,November,11,Belanja Tidak Terduga,57964034000.0,415000000.0,0.72,False,False
Jawa Tengah,11,2023,12,Desember,12,Belanja Tidak Terduga,57964034000.0,575000000.0,0.99,False,False
Jawa Tengah,11,2024,1,Januari,13,Belanja Tidak Terduga,25158773000.0,0.0,0.0,False,False
Jawa Tengah,11,2024,2,Februari,14,Belanja Tidak Terduga,25158773000.0,0.0,0.0,False,False
Jawa Tengah,11,2024,3,Maret,15,Belanja Tidak Terduga,25158773000.0,0.0,0.0,False,False
Jawa Tengah,11,2024,4,April,16,Belanja Tidak Terduga,25158773000.0,0.0,0.0,False,False
Jawa Tengah,11,2024,5,Mei,17,Belanja Tidak Terduga,25158773000.0,600000000.0,2.38,False,False
Jawa Tengah,11,2024,6,Juni,18,Belanja Tidak Terduga,25158773000.0,600000000.0,2.38,False,False
Jawa Tengah,11,2024,7,Juli,19,Belanja Tidak Terduga,25158773000.0,2135000000.0,8.49,False,False
Jawa Tengah,11,2024,8,Agustus,20,Belanja Tidak Terduga,25158773000.0,2285000000.0,9.08,False,False
Jawa Tengah,11,2024,9,September,21,Belanja Tidak Terduga,25158773000.0,2285000000.0,9.08,False,False
Jawa Tengah,11,2024,10,Oktober,22,Belanja Tidak Terduga,25158773000.0,10235000000.0,40.68,False,False
Jawa Tengah,11,2024,11,November,23,Belanja Tidak Terduga,25158773000.0,10225800500.0,40.65,False,False
Jawa Tengah,11,2024,12,Desember,24,Belanja Tidak Terduga,25158773000.0,10225800500.0,40.65,False,True
Jawa Tengah,11,2025,1,Januari,25,Belanja Tidak Terduga,25000000000.0,0.0,0.0,False,False
Jawa Tengah,11,2025,2,Februari,26,Belanja Tidak Terduga,25000000000.0,0.0,0.0,False,False
Jawa Tengah,11,2025,3,Maret,27,Belanja Tidak Terduga,25000000000.0,0.0,0.0,False,False
Jawa Tengah,11,2025,4,April,28,Belanja Tidak Terduga,25000000000.0,0.0,0.0,False,False
Jawa Tengah,11,2025,5,Mei,29,Belanja Tidak Terduga,25000000000.0,1060000000.0,4.24,False,False
Jawa Tengah,11,2025,6,Juni,30,Belanja Tidak Terduga,25000000000.0,3310450000.0,13.24,False,False
Jawa Tengah,11,2025,7,Juli,31,Belanja Tidak Terduga,25000000000.0,3277800000.0,13.11,False,False
Jawa Tengah,11,2025,8,Agustus,32,Belanja Tidak Terduga,25000000000.0,3277800000.0,13.11,False,False
Jawa Tengah,11,2025,9,September,33,Belanja Tidak Terduga,25000000000.0,3277800000.0,13.11,False,False
Jawa Tengah,11,2025,10,Oktober,34,Belanja Tidak Terduga,25000000000.0,3277800000.0,13.11,False,False
Jawa Tengah,11,2025,11,November,35,Belanja Tidak Terduga,25000000000.0,4192800000.0,16.77,False,False
Jawa Tengah,11,2025,12,Desember,36,Belanja Tidak Terduga,25000000000.0,7192800000.0,28.77,False,False
Jawa Tengah,11,2026,1,Januari,37,Belanja Tidak Terduga,20000000000.0,0.0,0.0,False,False
Jawa Tengah,11,2026,2,Februari,38,Belanja Tidak Terduga,20000000000.0,0.0,0.0,False,False
Jawa Tengah,11,2026,3,Maret,39,Belanja Tidak Terduga,20000000000.0,4800000000.0,24.0,False,False
Jawa Tengah,11,2026,4,April,40,Belanja Tidak Terduga,20000000000.0,5105000000.0,25.53,False,False
Jawa Tengah,11,2026,5,Mei,41,Belanja Tidak Terduga,20000000000.0,7885000000.0,39.43,False,False
Jawa Tengah,11,2026,6,Juni,42,Belanja Tidak Terduga,20000000000.0,7875000000.0,39.38,False,False
Jawa Tengah,11,2026,7,Juli,43,Belanja Tidak Terduga,20000000000.0,7875000000.0,39.38,False,False
Jawa Tengah,11,2026,8,Agustus,44,Belanja Tidak Terduga,20000000000.0,7830000000.0,39.15,False,False
Jawa Tengah,11,2026,9,September,45,Belanja Tidak Terduga,20000000000.0,7830000000.0,39.15,False,True
Jawa Tengah,11,2026,10,Oktober,46,Belanja Tidak Terduga,20000000000.0,7830000000.0,39.15,False,True
Jawa Tengah,11,2026,11,November,47,Belanja Tidak Terduga,20000000000.0,7830000000.0,39.15,False,True
Jawa Tengah,11,2026,12,Desember,48,Belanja Tidak Terduga,20000000000.0,7830000000.0,39.15,False,True
Jawa Tengah,11,2023,1,Januari,1,Hasil Pengelolaan Kekayaan Daerah yang Dipisahkan,631115007000.0,0.0,0.0,False,False
Jawa Tengah,11,2023,2,Februari,2,Hasil Pengelolaan Kekayaan Daerah yang Dipisahkan,631115007000.0,0.0,0.0,False,False
Jawa Tengah,11,2023,3,Maret,3,Hasil Pengelolaan Kekayaan Daerah yang Dipisahkan,631115007000.0,0.0,0.0,False,False
Jawa Tengah,11,2023,4,April,4,Hasil Pengelolaan Kekayaan Daerah yang Dipisahkan,631115007000.0,6289514702.0,1.0,False,False
Jawa Tengah,11,2023,5,Mei,5,Hasil Pengelolaan Kekayaan Daerah yang Dipisahkan,631115007000.0,6289514702.0,1.0,False,False
Jawa Tengah,11,2023,6,Juni,6,Hasil Pengelolaan Kekayaan Daerah yang Dipisahkan,631115007000.0,31374820572.0,4.97,False,False
Jawa Tengah,11,2023,7,Juli,7,Hasil Pengelolaan Kekayaan Daerah yang Dipisahkan,631115007000.0,66744946010.0,10.58,False,False
Jawa Tengah,11,2023,8,Agustus,8,Hasil Pengelolaan Kekayaan Daerah yang Dipisahkan,631115007000.0,69444946010.0,11.0,False,False
Jawa Tengah,11,2023,9,September,9,Hasil Pengelolaan Kekayaan Daerah yang Dipisahkan,631115007000.0,108769830927.0,17.23,False,False
Jawa Tengah,11,2023,10,Oktober,10,Hasil Pengelolaan Kekayaan Daerah yang Dipisahkan,631115007000.0,154548011656.0,24.49,False,False
Jawa Tengah,11,2023,11,November,11,Hasil Pengelolaan Kekayaan Daerah yang Dipisahkan,631115007000.0,154548011656.0,24.49,False,False
Jawa Tengah,11,2023,12,Desember,12,Hasil Pengelolaan Kekayaan Daerah yang Dipisahkan,631115007000.0,158052314734.0,25.04,False,False
Jawa Tengah,11,2024,1,Januari,13,Hasil Pengelolaan Kekayaan Daerah yang Dipisahkan,687752278000.0,0.0,0.0,False,False
Jawa Tengah,11,2024,2,Februari,14,Hasil Pengelolaan Kekayaan Daerah yang Dipisahkan,687752278000.0,397002119114.0,57.72,False,False
Jawa Tengah,11,2024,3,Maret,15,Hasil Pengelolaan Kekayaan Daerah yang Dipisahkan,687752278000.0,397002119114.0,57.72,False,False
Jawa Tengah,11,2024,4,April,16,Hasil Pengelolaan Kekayaan Daerah yang Dipisahkan,687752278000.0,397002119114.0,57.72,False,False
Jawa Tengah,11,2024,5,Mei,17,Hasil Pengelolaan Kekayaan Daerah yang Dipisahkan,687752278000.0,441564767012.0,64.2,False,False
Jawa Tengah,11,2024,6,Juni,18,Hasil Pengelolaan Kekayaan Daerah yang Dipisahkan,687752278000.0,458899897010.0,66.72,False,False
Jawa Tengah,11,2024,7,Juli,19,Hasil Pengelolaan Kekayaan Daerah yang Dipisahkan,687752278000.0,491249157197.0,71.43,False,False
Jawa Tengah,11,2024,8,Agustus,20,Hasil Pengelolaan Kekayaan Daerah yang Dipisahkan,687752278000.0,530230547468.0,77.1,False,False
Jawa Tengah,11,2024,9,September,21,Hasil Pengelolaan Kekayaan Daerah yang Dipisahkan,687752278000.0,532730547468.0,77.46,False,False
Jawa Tengah,11,2024,10,Oktober,22,Hasil Pengelolaan Kekayaan Daerah yang Dipisahkan,687752278000.0,685973365446.0,99.74,False,False
Jawa Tengah,11,2024,11,November,23,Hasil Pengelolaan Kekayaan Daerah yang Dipisahkan,687752278000.0,685973365446.0,99.74,False,False
Jawa Tengah,11,2024,12,Desember,24,Hasil Pengelolaan Kekayaan Daerah yang Dipisahkan,687752278000.0,687813166201.0,100.01,False,False
Jawa Tengah,11,2025,1,Januari,25,Hasil Pengelolaan Kekayaan Daerah yang Dipisahkan,690155713000.0,0.0,0.0,False,False
Jawa Tengah,11,2025,2,Februari,26,Hasil Pengelolaan Kekayaan Daerah yang Dipisahkan,690155713000.0,317903370127.0,46.06,False,False
Jawa Tengah,11,2025,3,Maret,27,Hasil Pengelolaan Kekayaan Daerah yang Dipisahkan,690155713000.0,342317175111.0,49.6,False,False
Jawa Tengah,11,2025,4,April,28,Hasil Pengelolaan Kekayaan Daerah yang Dipisahkan,690155713000.0,353579206283.0,51.23,False,False
Jawa Tengah,11,2025,5,Mei,29,Hasil Pengelolaan Kekayaan Daerah yang Dipisahkan,690155713000.0,384707965517.0,55.74,False,False
Jawa Tengah,11,2025,6,Juni,30,Hasil Pengelolaan Kekayaan Daerah yang Dipisahkan,690155713000.0,432126800551.0,62.61,False,False
Jawa Tengah,11,2025,7,Juli,31,Hasil Pengelolaan Kekayaan Daerah yang Dipisahkan,690155713000.0,435610182236.0,63.12,False,False
Jawa Tengah,11,2025,8,Agustus,32,Hasil Pengelolaan Kekayaan Daerah yang Dipisahkan,690155713000.0,438610182236.0,63.55,False,False
Jawa Tengah,11,2025,9,September,33,Hasil Pengelolaan Kekayaan Daerah yang Dipisahkan,690155713000.0,441944620355.0,64.04,False,False
Jawa Tengah,11,2025,10,Oktober,34,Hasil Pengelolaan Kekayaan Daerah yang Dipisahkan,690155713000.0,441944620355.0,64.04,False,False
Jawa Tengah,11,2025,11,November,35,Hasil Pengelolaan Kekayaan Daerah yang Dipisahkan,690155713000.0,441944620355.0,64.04,False,False
Jawa Tengah,11,2025,12,Desember,36,Hasil Pengelolaan Kekayaan Daerah yang Dipisahkan,690155713000.0,546657345508.0,79.21,False,False
Jawa Tengah,11,2026,1,Januari,37,Hasil Pengelolaan Kekayaan Daerah yang Dipisahkan,707736377000.0,0.0,0.0,False,False
Jawa Tengah,11,2026,2,Februari,38,Hasil Pengelolaan Kekayaan Daerah yang Dipisahkan,707736377000.0,0.0,0.0,False,False
Jawa Tengah,11,2026,3,Maret,39,Hasil Pengelolaan Kekayaan Daerah yang Dipisahkan,707736377000.0,361642171302.0,51.1,False,False
Jawa Tengah,11,2026,4,April,40,Hasil Pengelolaan Kekayaan Daerah yang Dipisahkan,707736377000.0,362338175697.0,51.2,False,False
Jawa Tengah,11,2026,5,Mei,41,Hasil Pengelolaan Kekayaan Daerah yang Dipisahkan,707736377000.0,379198188070.0,53.58,False,False
Jawa Tengah,11,2026,6,Juni,42,Hasil Pengelolaan Kekayaan Daerah yang Dipisahkan,707736377000.0,479221526627.0,67.71,False,False
Jawa Tengah,11,2026,7,Juli,43,Hasil Pengelolaan Kekayaan Daerah yang Dipisahkan,707736377000.0,486048421127.0,68.68,False,False
Jawa Tengah,11,2026,8,Agustus,44,Hasil Pengelolaan Kekayaan Daerah yang Dipisahkan,707736377000.0,498961879915.0,70.5,False,False
Jawa Tengah,11,2026,9,September,45,Hasil Pengelolaan Kekayaan Daerah yang Dipisahkan,707736377000.0,498961879915.0,70.5,False,True
Jawa Tengah,11,2026,10,Oktober,46,Hasil Pengelolaan Kekayaan Daerah yang Dipisahkan,707736377000.0,498961879915.0,70.5,False,True
Jawa Tengah,11,2026,11,November,47,Hasil Pengelolaan Kekayaan Daerah yang Dipisahkan,707736377000.0,498961879915.0,70.5,False,True
Jawa Tengah,11,2026,12,Desember,48,Hasil Pengelolaan Kekayaan Daerah yang Dipisahkan,707736377000.0,498961879915.0,70.5,False,True
Jawa Tengah,11,2023,1,Januari,1,Lain-Lain PAD yang Sah,1875476573000.0,158235116274.0,8.44,False,False
Jawa Tengah,11,2023,2,Februari,2,Lain-Lain PAD yang Sah,1875476573000.0,307130743537.0,16.38,False,False
Jawa Tengah,11,2023,3,Maret,3,Lain-Lain PAD yang Sah,1875476573000.0,400139882170.0,21.34,False,False
Jawa Tengah,11,2023,4,April,4,Lain-Lain PAD yang Sah,1875476573000.0,652459629727.0,34.79,False,False
Jawa Tengah,11,2023,5,Mei,5,Lain-Lain PAD yang Sah,1875476573000.0,652459629727.0,34.79,False,False
Jawa Tengah,11,2023,6,Juni,6,Lain-Lain PAD yang Sah,1875476573000.0,762391496339.0,40.65,False,False
Jawa Tengah,11,2023,7,Juli,7,Lain-Lain PAD yang Sah,1875476573000.0,1021900026158.0,54.49,False,False
Jawa Tengah,11,2023,8,Agustus,8,Lain-Lain PAD yang Sah,1875476573000.0,1212106977511.0,64.63,False,False
Jawa Tengah,11,2023,9,September,9,Lain-Lain PAD yang Sah,1875476573000.0,1389490972011.0,74.09,False,False
Jawa Tengah,11,2023,10,Oktober,10,Lain-Lain PAD yang Sah,1875476573000.0,1592361492592.0,84.9,False,False
Jawa Tengah,11,2023,11,November,11,Lain-Lain PAD yang Sah,1875476573000.0,1800309140863.0,95.99,False,False
Jawa Tengah,11,2023,12,Desember,12,Lain-Lain PAD yang Sah,1875476573000.0,2108360827639.0,112.42,False,False
Jawa Tengah,11,2024,1,Januari,13,Lain-Lain PAD yang Sah,384520107000.0,24826812883.0,6.46,False,False
Jawa Tengah,11,2024,2,Februari,14,Lain-Lain PAD yang Sah,384520107000.0,48079392607.0,12.5,False,False
Jawa Tengah,11,2024,3,Maret,15,Lain-Lain PAD yang Sah,384520107000.0,80167692925.0,20.85,False,False
Jawa Tengah,11,2024,4,April,16,Lain-Lain PAD yang Sah,384520107000.0,111969147468.0,29.12,False,False
Jawa Tengah,11,2024,5,Mei,17,Lain-Lain PAD yang Sah,384520107000.0,148106873522.0,38.52,False,False
Jawa Tengah,11,2024,6,Juni,18,Lain-Lain PAD yang Sah,384520107000.0,184612834110.0,48.01,False,False
Jawa Tengah,11,2024,7,Juli,19,Lain-Lain PAD yang Sah,384520107000.0,223097223622.0,58.02,False,False
Jawa Tengah,11,2024,8,Agustus,20,Lain-Lain PAD yang Sah,384520107000.0,260736040601.0,67.81,False,False
Jawa Tengah,11,2024,9,September,21,Lain-Lain PAD yang Sah,384520107000.0,299562559064.0,77.91,False,False
Jawa Tengah,11,2024,10,Oktober,22,Lain-Lain PAD yang Sah,384520107000.0,344571579463.0,89.61,False,False
Jawa Tengah,11,2024,11,November,23,Lain-Lain PAD yang Sah,384520107000.0,384150036954.0,99.9,False,False
Jawa Tengah,11,2024,12,Desember,24,Lain-Lain PAD yang Sah,384520107000.0,434060698944.0,112.88,False,False
Jawa Tengah,11,2025,1,Januari,25,Lain-Lain PAD yang Sah,377228145000.0,25869522648.0,6.86,False,False
Jawa Tengah,11,2025,2,Februari,26,Lain-Lain PAD yang Sah,377228145000.0,52192316937.0,13.84,False,False
Jawa Tengah,11,2025,3,Maret,27,Lain-Lain PAD yang Sah,377228145000.0,83305660136.0,22.08,False,False
Jawa Tengah,11,2025,4,April,28,Lain-Lain PAD yang Sah,377228145000.0,100630910118.0,26.68,False,False
Jawa Tengah,11,2025,5,Mei,29,Lain-Lain PAD yang Sah,377228145000.0,167042563088.0,44.28,False,False
Jawa Tengah,11,2025,6,Juni,30,Lain-Lain PAD yang Sah,377228145000.0,189931365569.0,50.35,False,False
Jawa Tengah,11,2025,7,Juli,31,Lain-Lain PAD yang Sah,377228145000.0,215391687147.0,57.1,False,False
Jawa Tengah,11,2025,8,Agustus,32,Lain-Lain PAD yang Sah,377228145000.0,239869245889.0,63.59,False,False
Jawa Tengah,11,2025,9,September,33,Lain-Lain PAD yang Sah,377228145000.0,268816218266.0,71.26,False,False
Jawa Tengah,11,2025,10,Oktober,34,Lain-Lain PAD yang Sah,377228145000.0,300898309776.0,79.77,False,False
Jawa Tengah,11,2025,11,November,35,Lain-Lain PAD yang Sah,377228145000.0,326188925546.0,86.47,False,False
Jawa Tengah,11,2025,12,Desember,36,Lain-Lain PAD yang Sah,377228145000.0,314638483191.0,83.41,False,False
Jawa Tengah,11,2026,1,Januari,37,Lain-Lain PAD yang Sah,312027692000.0,17392773272.0,5.57,False,False
Jawa Tengah,11,2026,2,Februari,38,Lain-Lain PAD yang Sah,312027692000.0,36869250776.0,11.82,False,False
Jawa Tengah,11,2026,3,Maret,39,Lain-Lain PAD yang Sah,312027692000.0,55037851489.0,17.64,False,False
Jawa Tengah,11,2026,4,April,40,Lain-Lain PAD yang Sah,312027692000.0,76301910092.0,24.45,False,False
Jawa Tengah,11,2026,5,Mei,41,Lain-Lain PAD yang Sah,312027692000.0,97380458678.0,31.21,False,False
Jawa Tengah,11,2026,6,Juni,42,Lain-Lain PAD yang Sah,312027692000.0,120984654938.0,38.77,False,False
Jawa Tengah,11,2026,7,Juli,43,Lain-Lain PAD yang Sah,312027692000.0,149915443069.0,48.05,False,False
Jawa Tengah,11,2026,8,Agustus,44,Lain-Lain PAD yang Sah,312027692000.0,170827908466.0,54.75,False,False
Jawa Tengah,11,2026,9,September,45,Lain-Lain PAD yang Sah,312027692000.0,173698168282.0,55.67,False,False
Jawa Tengah,11,2026,10,Oktober,46,Lain-Lain PAD yang Sah,312027692000.0,173698168282.0,55.67,False,True
Jawa Tengah,11,2026,11,November,47,Lain-Lain PAD yang Sah,312027692000.0,173698168282.0,55.67,False,True
Jawa Tengah,11,2026,12,Desember,48,Lain-Lain PAD yang Sah,312027692000.0,173698168282.0,55.67,False,True
Jawa Tengah,11,2023,1,Januari,1,Lain-lain Pendapatan Sesuai dengan Ketentuan Peraturan Perundang-Undangan,0.0,2000000.0,0.0,False,False
Jawa Tengah,11,2023,2,Februari,2,Lain-lain Pendapatan Sesuai dengan Ketentuan Peraturan Perundang-Undangan,0.0,2000000.0,0.0,False,False
Jawa Tengah,11,2023,3,Maret,3,Lain-lain Pendapatan Sesuai dengan Ketentuan Peraturan Perundang-Undangan,0.0,2000000.0,0.0,False,False
Jawa Tengah,11,2023,4,April,4,Lain-lain Pendapatan Sesuai dengan Ketentuan Peraturan Perundang-Undangan,0.0,2000000.0,0.0,False,False
Jawa Tengah,11,2023,5,Mei,5,Lain-lain Pendapatan Sesuai dengan Ketentuan Peraturan Perundang-Undangan,0.0,2000000.0,0.0,False,False
Jawa Tengah,11,2023,6,Juni,6,Lain-lain Pendapatan Sesuai dengan Ketentuan Peraturan Perundang-Undangan,0.0,2000000.0,0.0,False,False
Jawa Tengah,11,2023,7,Juli,7,Lain-lain Pendapatan Sesuai dengan Ketentuan Peraturan Perundang-Undangan,0.0,27850000.0,0.0,False,False
Jawa Tengah,11,2023,8,Agustus,8,Lain-lain Pendapatan Sesuai dengan Ketentuan Peraturan Perundang-Undangan,0.0,27850000.0,0.0,False,False
Jawa Tengah,11,2023,9,September,9,Lain-lain Pendapatan Sesuai dengan Ketentuan Peraturan Perundang-Undangan,0.0,27850000.0,0.0,False,False
Jawa Tengah,11,2023,10,Oktober,10,Lain-lain Pendapatan Sesuai dengan Ketentuan Peraturan Perundang-Undangan,0.0,42850000.0,0.0,False,False
Jawa Tengah,11,2023,11,November,11,Lain-lain Pendapatan Sesuai dengan Ketentuan Peraturan Perundang-Undangan,0.0,42850000.0,0.0,False,False
Jawa Tengah,11,2023,12,Desember,12,Lain-lain Pendapatan Sesuai dengan Ketentuan Peraturan Perundang-Undangan,0.0,44800000.0,0.0,False,False
Jawa Tengah,11,2024,1,Januari,13,Lain-lain Pendapatan Sesuai dengan Ketentuan Peraturan Perundang-Undangan,0.0,0.0,0.0,False,False
Jawa Tengah,11,2024,2,Februari,14,Lain-lain Pendapatan Sesuai dengan Ketentuan Peraturan Perundang-Undangan,0.0,1753014.0,0.0,False,False
Jawa Tengah,11,2024,3,Maret,15,Lain-lain Pendapatan Sesuai dengan Ketentuan Peraturan Perundang-Undangan,0.0,372895482.0,0.0,False,False
Jawa Tengah,11,2024,4,April,16,Lain-lain Pendapatan Sesuai dengan Ketentuan Peraturan Perundang-Undangan,0.0,372895482.0,0.0,False,False
Jawa Tengah,11,2024,5,Mei,17,Lain-lain Pendapatan Sesuai dengan Ketentuan Peraturan Perundang-Undangan,0.0,512895482.0,0.0,False,False
Jawa Tengah,11,2024,6,Juni,18,Lain-lain Pendapatan Sesuai dengan Ketentuan Peraturan Perundang-Undangan,0.0,512895482.0,0.0,False,False
Jawa Tengah,11,2024,7,Juli,19,Lain-lain Pendapatan Sesuai dengan Ketentuan Peraturan Perundang-Undangan,0.0,512895482.0,0.0,False,False
Jawa Tengah,11,2024,8,Agustus,20,Lain-lain Pendapatan Sesuai dengan Ketentuan Peraturan Perundang-Undangan,0.0,512895482.0,0.0,False,False
Jawa Tengah,11,2024,9,September,21,Lain-lain Pendapatan Sesuai dengan Ketentuan Peraturan Perundang-Undangan,0.0,686495482.0,0.0,False,False
Jawa Tengah,11,2024,10,Oktober,22,Lain-lain Pendapatan Sesuai dengan Ketentuan Peraturan Perundang-Undangan,0.0,686495482.0,0.0,False,False
Jawa Tengah,11,2024,11,November,23,Lain-lain Pendapatan Sesuai dengan Ketentuan Peraturan Perundang-Undangan,0.0,686495482.0,0.0,False,False
Jawa Tengah,11,2024,12,Desember,24,Lain-lain Pendapatan Sesuai dengan Ketentuan Peraturan Perundang-Undangan,0.0,743676482.0,0.0,False,False
Jawa Tengah,11,2025,1,Januari,25,Lain-lain Pendapatan Sesuai dengan Ketentuan Peraturan Perundang-Undangan,137680379000.0,0.0,0.0,False,False
Jawa Tengah,11,2025,2,Februari,26,Lain-lain Pendapatan Sesuai dengan Ketentuan Peraturan Perundang-Undangan,137680379000.0,29738000.0,0.02,False,False
Jawa Tengah,11,2025,3,Maret,27,Lain-lain Pendapatan Sesuai dengan Ketentuan Peraturan Perundang-Undangan,137680379000.0,46206421.0,0.03,False,False
Jawa Tengah,11,2025,4,April,28,Lain-lain Pendapatan Sesuai dengan Ketentuan Peraturan Perundang-Undangan,137680379000.0,50256421.0,0.04,False,False
Jawa Tengah,11,2025,5,Mei,29,Lain-lain Pendapatan Sesuai dengan Ketentuan Peraturan Perundang-Undangan,137680379000.0,90932896302.0,66.05,False,False
Jawa Tengah,11,2025,6,Juni,30,Lain-lain Pendapatan Sesuai dengan Ketentuan Peraturan Perundang-Undangan,137680379000.0,91032896302.0,66.12,False,False
Jawa Tengah,11,2025,7,Juli,31,Lain-lain Pendapatan Sesuai dengan Ketentuan Peraturan Perundang-Undangan,137680379000.0,91170142622.0,66.22,False,False
Jawa Tengah,11,2025,8,Agustus,32,Lain-lain Pendapatan Sesuai dengan Ketentuan Peraturan Perundang-Undangan,137680379000.0,91170142622.0,66.22,False,False
Jawa Tengah,11,2025,9,September,33,Lain-lain Pendapatan Sesuai dengan Ketentuan Peraturan Perundang-Undangan,137680379000.0,91170142622.0,66.22,False,False
Jawa Tengah,11,2025,10,Oktober,34,Lain-lain Pendapatan Sesuai dengan Ketentuan Peraturan Perundang-Undangan,137680379000.0,91170142622.0,66.22,False,False
Jawa Tengah,11,2025,11,November,35,Lain-lain Pendapatan Sesuai dengan Ketentuan Peraturan Perundang-Undangan,137680379000.0,91170142622.0,66.22,False,False
Jawa Tengah,11,2025,12,Desember,36,Lain-lain Pendapatan Sesuai dengan Ketentuan Peraturan Perundang-Undangan,137680379000.0,137967883033.0,100.21,False,False
Jawa Tengah,11,2026,1,Januari,37,Lain-lain Pendapatan Sesuai dengan Ketentuan Peraturan Perundang-Undangan,0.0,0.0,0.0,False,False
Jawa Tengah,11,2026,2,Februari,38,Lain-lain Pendapatan Sesuai dengan Ketentuan Peraturan Perundang-Undangan,0.0,0.0,0.0,False,False
Jawa Tengah,11,2026,3,Maret,39,Lain-lain Pendapatan Sesuai dengan Ketentuan Peraturan Perundang-Undangan,0.0,12000000.0,0.0,False,False
Jawa Tengah,11,2026,4,April,40,Lain-lain Pendapatan Sesuai dengan Ketentuan Peraturan Perundang-Undangan,0.0,48200972.0,0.0,False,False
Jawa Tengah,11,2026,5,Mei,41,Lain-lain Pendapatan Sesuai dengan Ketentuan Peraturan Perundang-Undangan,0.0,48200972.0,0.0,False,False
Jawa Tengah,11,2026,6,Juni,42,Lain-lain Pendapatan Sesuai dengan Ketentuan Peraturan Perundang-Undangan,0.0,48200972.0,0.0,False,False
Jawa Tengah,11,2026,7,Juli,43,Lain-lain Pendapatan Sesuai dengan Ketentuan Peraturan Perundang-Undangan,0.0,48200972.0,0.0,False,False
Jawa Tengah,11,2026,8,Agustus,44,Lain-lain Pendapatan Sesuai dengan Ketentuan Peraturan Perundang-Undangan,0.0,48868322.0,0.0,False,False
Jawa Tengah,11,2026,9,September,45,Lain-lain Pendapatan Sesuai dengan Ketentuan Peraturan Perundang-Undangan,0.0,48868322.0,0.0,False,True
Jawa Tengah,11,2026,10,Oktober,46,Lain-lain Pendapatan Sesuai dengan Ketentuan Peraturan Perundang-Undangan,0.0,48868322.0,0.0,False,True
Jawa Tengah,11,2026,11,November,47,Lain-lain Pendapatan Sesuai dengan Ketentuan Peraturan Perundang-Undangan,0.0,48868322.0,0.0,False,True
Jawa Tengah,11,2026,12,Desember,48,Lain-lain Pendapatan Sesuai dengan Ketentuan Peraturan Perundang-Undangan,0.0,48868322.0,0.0,False,True
Jawa Tengah,11,2023,1,Januari,1,PAD,17910513776000.0,1136683617557.0,6.35,False,False
Jawa Tengah,11,2023,2,Februari,2,PAD,17910513776000.0,2162573248206.0,12.07,False,False
Jawa Tengah,11,2023,3,Maret,3,PAD,17910513776000.0,3181681393051.0,17.76,False,False
Jawa Tengah,11,2023,4,April,4,PAD,17910513776000.0,5337947637699.0,29.8,False,False
Jawa Tengah,11,2023,5,Mei,5,PAD,17910513776000.0,5337947637699.0,29.8,False,False
Jawa Tengah,11,2023,6,Juni,6,PAD,17910513776000.0,6403531025537.0,35.75,False,False
Jawa Tengah,11,2023,7,Juli,7,PAD,17910513776000.0,8265054887576.0,46.15,False,False
Jawa Tengah,11,2023,8,Agustus,8,PAD,17910513776000.0,9415983821295.0,52.57,False,False
Jawa Tengah,11,2023,9,September,9,PAD,17910513776000.0,10603550818106.0,59.2,False,False
Jawa Tengah,11,2023,10,Oktober,10,PAD,17910513776000.0,12367258351685.0,69.05,False,False
Jawa Tengah,11,2023,11,November,11,PAD,17910513776000.0,13526612855282.0,75.52,False,False
Jawa Tengah,11,2023,12,Desember,12,PAD,17910513776000.0,15354121433392.0,85.73,False,False
Jawa Tengah,11,2024,1,Januari,13,PAD,18594062625000.0,1184683674985.0,6.37,False,False
Jawa Tengah,11,2024,2,Februari,14,PAD,18594062625000.0,2621569511385.0,14.1,False,False
Jawa Tengah,11,2024,3,Maret,15,PAD,18594062625000.0,3728793367994.0,20.05,False,False
Jawa Tengah,11,2024,4,April,16,PAD,18594062625000.0,5914581638937.0,31.81,False,False
Jawa Tengah,11,2024,5,Mei,17,PAD,18594062625000.0,7151078260794.0,38.46,False,False
Jawa Tengah,11,2024,6,Juni,18,PAD,18594062625000.0,8273090825498.0,44.49,False,False
Jawa Tengah,11,2024,7,Juli,19,PAD,18594062625000.0,10146851078175.0,54.57,False,False
Jawa Tengah,11,2024,8,Agustus,20,PAD,18594062625000.0,11307825780558.0,60.81,False,False
Jawa Tengah,11,2024,9,September,21,PAD,18594062625000.0,12477903664895.0,67.11,False,False
Jawa Tengah,11,2024,10,Oktober,22,PAD,18594062625000.0,14638633428454.0,78.73,False,False
Jawa Tengah,11,2024,11,November,23,PAD,18594062625000.0,15715732665613.0,84.52,False,False
Jawa Tengah,11,2024,12,Desember,24,PAD,18594062625000.0,17650936913504.0,94.93,False,False
Jawa Tengah,11,2025,1,Januari,25,PAD,15699284656000.0,881279617894.0,5.61,False,False
Jawa Tengah,11,2025,2,Februari,26,PAD,15699284656000.0,2009513604100.0,12.8,False,False
Jawa Tengah,11,2025,3,Maret,27,PAD,15699284656000.0,2974957302149.0,18.95,False,False
Jawa Tengah,11,2025,4,April,28,PAD,15699284656000.0,4997740223960.0,31.83,False,False
Jawa Tengah,11,2025,5,Mei,29,PAD,15699284656000.0,6066575189694.0,38.64,False,False
Jawa Tengah,11,2025,6,Juni,30,PAD,15699284656000.0,7266993482311.0,46.29,False,False
Jawa Tengah,11,2025,7,Juli,31,PAD,15699284656000.0,8850146412450.0,56.37,False,False
Jawa Tengah,11,2025,8,Agustus,32,PAD,15699284656000.0,9790814302070.0,62.36,False,False
Jawa Tengah,11,2025,9,September,33,PAD,15699284656000.0,10746828226395.0,68.45,False,False
Jawa Tengah,11,2025,10,Oktober,34,PAD,15699284656000.0,12442601642809.0,79.26,False,False
Jawa Tengah,11,2025,11,November,35,PAD,15699284656000.0,13339271101242.0,84.97,False,False
Jawa Tengah,11,2025,12,Desember,36,PAD,15699284656000.0,14973131878336.0,95.37,False,False
Jawa Tengah,11,2026,1,Januari,37,PAD,15929432150000.0,954271755603.0,5.99,False,False
Jawa Tengah,11,2026,2,Februari,38,PAD,15929432150000.0,1826142691472.0,11.46,False,False
Jawa Tengah,11,2026,3,Maret,39,PAD,15929432150000.0,3037426013366.0,19.07,False,False
Jawa Tengah,11,2026,4,April,40,PAD,15929432150000.0,4953716124153.0,31.1,False,False
Jawa Tengah,11,2026,5,Mei,41,PAD,15929432150000.0,5848699287830.0,36.72,False,False
Jawa Tengah,11,2026,6,Juni,42,PAD,15929432150000.0,6915110107237.0,43.41,False,False
Jawa Tengah,11,2026,7,Juli,43,PAD,15929432150000.0,8681301593534.0,54.5,False,False
Jawa Tengah,11,2026,8,Agustus,44,PAD,15929432150000.0,9438779345975.0,59.25,False,False
Jawa Tengah,11,2026,9,September,45,PAD,15929432150000.0,9536650152854.0,59.87,False,False
Jawa Tengah,11,2026,10,Oktober,46,PAD,15929432150000.0,9536650152854.0,59.87,False,True
Jawa Tengah,11,2026,11,November,47,PAD,15929432150000.0,9536650152854.0,59.87,False,True
Jawa Tengah,11,2026,12,Desember,48,PAD,15929432150000.0,9536650152854.0,59.87,False,True
Jawa Tengah,11,2023,1,Januari,1,Pajak Daerah,15266021456000.0,966490224005.0,6.33,False,False
Jawa Tengah,11,2023,2,Februari,2,Pajak Daerah,15266021456000.0,1833030882415.0,12.01,False,False
Jawa Tengah,11,2023,3,Maret,3,Pajak Daerah,15266021456000.0,2749141249254.0,18.01,False,False
Jawa Tengah,11,2023,4,April,4,Pajak Daerah,15266021456000.0,4640659296906.0,30.4,False,False
Jawa Tengah,11,2023,5,Mei,5,Pajak Daerah,15266021456000.0,4640659296906.0,30.4,False,False
Jawa Tengah,11,2023,6,Juni,6,Pajak Daerah,15266021456000.0,5561233936269.0,36.43,False,False
Jawa Tengah,11,2023,7,Juli,7,Pajak Daerah,15266021456000.0,7114216396951.0,46.6,False,False
Jawa Tengah,11,2023,8,Agustus,8,Pajak Daerah,15266021456000.0,8057740340764.0,52.78,False,False
Jawa Tengah,11,2023,9,September,9,Pajak Daerah,15266021456000.0,9017410588704.0,59.07,False,False
Jawa Tengah,11,2023,10,Oktober,10,Pajak Daerah,15266021456000.0,10520140122668.0,68.91,False,False
Jawa Tengah,11,2023,11,November,11,Pajak Daerah,15266021456000.0,11460171911056.0,75.07,False,False
Jawa Tengah,11,2023,12,Desember,12,Pajak Daerah,15266021456000.0,12959978069247.0,84.89,False,False
Jawa Tengah,11,2024,1,Januari,13,Pajak Daerah,15471102880000.0,988248446880.0,6.39,False,False
Jawa Tengah,11,2024,2,Februari,14,Pajak Daerah,15471102880000.0,1815645078667.0,11.74,False,False
Jawa Tengah,11,2024,3,Maret,15,Pajak Daerah,15471102880000.0,2715554460999.0,17.55,False,False
Jawa Tengah,11,2024,4,April,16,Pajak Daerah,15471102880000.0,4700552432039.0,30.38,False,False
Jawa Tengah,11,2024,5,Mei,17,Pajak Daerah,15471102880000.0,5673876894934.0,36.67,False,False
Jawa Tengah,11,2024,6,Juni,18,Pajak Daerah,15471102880000.0,6564375121371.0,42.43,False,False
Jawa Tengah,11,2024,7,Juli,19,Pajak Daerah,15471102880000.0,8168018395692.0,52.8,False,False
Jawa Tengah,11,2024,8,Agustus,20,Pajak Daerah,15471102880000.0,9135693623955.0,59.05,False,False
Jawa Tengah,11,2024,9,September,21,Pajak Daerah,15471102880000.0,10053710583865.0,64.98,False,False
Jawa Tengah,11,2024,10,Oktober,22,Pajak Daerah,15471102880000.0,11730425635688.0,75.82,False,False
Jawa Tengah,11,2024,11,November,23,Pajak Daerah,15471102880000.0,12637188557093.0,81.68,False,False
Jawa Tengah,11,2024,12,Desember,24,Pajak Daerah,15471102880000.0,14210241533541.0,91.85,False,False
Jawa Tengah,11,2025,1,Januari,25,Pajak Daerah,12459303870000.0,659716578954.0,5.29,False,False
Jawa Tengah,11,2025,2,Februari,26,Pajak Daerah,12459303870000.0,1241949214794.0,9.97,False,False
Jawa Tengah,11,2025,3,Maret,27,Pajak Daerah,12459303870000.0,1964009902962.0,15.76,False,False
Jawa Tengah,11,2025,4,April,28,Pajak Daerah,12459303870000.0,3770997617484.0,30.27,False,False
Jawa Tengah,11,2025,5,Mei,29,Pajak Daerah,12459303870000.0,4540114780166.0,36.44,False,False
Jawa Tengah,11,2025,6,Juni,30,Pajak Daerah,12459303870000.0,5349428905423.0,42.94,False,False
Jawa Tengah,11,2025,7,Juli,31,Pajak Daerah,12459303870000.0,6737082110797.0,54.07,False,False
Jawa Tengah,11,2025,8,Agustus,32,Pajak Daerah,12459303870000.0,7425894446083.0,59.6,False,False
Jawa Tengah,11,2025,9,September,33,Pajak Daerah,12459303870000.0,8111410635008.0,65.1,False,False
Jawa Tengah,11,2025,10,Oktober,34,Pajak Daerah,12459303870000.0,9530547166556.0,76.49,False,False
Jawa Tengah,11,2025,11,November,35,Pajak Daerah,12459303870000.0,10229736784218.0,82.11,False,False
Jawa Tengah,11,2025,12,Desember,36,Pajak Daerah,12459303870000.0,11438451030063.0,91.81,False,False
Jawa Tengah,11,2026,1,Januari,37,Pajak Daerah,12503441258000.0,731951098362.0,5.85,False,False
Jawa Tengah,11,2026,2,Februari,38,Pajak Daerah,12503441258000.0,1364736580911.0,10.91,False,False
Jawa Tengah,11,2026,3,Maret,39,Pajak Daerah,12503441258000.0,1976201228430.0,15.81,False,False
Jawa Tengah,11,2026,4,April,40,Pajak Daerah,12503441258000.0,3656864604350.0,29.25,False,False
Jawa Tengah,11,2026,5,Mei,41,Pajak Daerah,12503441258000.0,4301551586903.0,34.4,False,False
Jawa Tengah,11,2026,6,Juni,42,Pajak Daerah,12503441258000.0,5011243585322.0,40.08,False,False
Jawa Tengah,11,2026,7,Juli,43,Pajak Daerah,12503441258000.0,6490399059816.0,51.91,False,False
Jawa Tengah,11,2026,8,Agustus,44,Pajak Daerah,12503441258000.0,7188161092620.0,57.49,False,False
Jawa Tengah,11,2026,9,September,45,Pajak Daerah,12503441258000.0,7281357340318.0,58.23,False,False
Jawa Tengah,11,2026,10,Oktober,46,Pajak Daerah,12503441258000.0,7281357340318.0,58.23,False,True
Jawa Tengah,11,2026,11,November,47,Pajak Daerah,12503441258000.0,7281357340318.0,58.23,False,True
Jawa Tengah,11,2026,12,Desember,48,Pajak Daerah,12503441258000.0,7281357340318.0,58.23,False,True
Jawa Tengah,11,2023,1,Januari,1,Pendapatan Daerah,26190964318000.0,1383747780557.0,5.28,False,False
Jawa Tengah,11,2023,2,Februari,2,Pendapatan Daerah,26190964318000.0,3146087716110.0,12.01,False,False
Jawa Tengah,11,2023,3,Maret,3,Pendapatan Daerah,26190964318000.0,5390180260598.0,20.58,False,False
Jawa Tengah,11,2023,4,April,4,Pendapatan Daerah,26190964318000.0,8263032136314.0,31.55,False,False
Jawa Tengah,11,2023,5,Mei,5,Pendapatan Daerah,26190964318000.0,8263032136314.0,31.55,False,False
Jawa Tengah,11,2023,6,Juni,6,Pendapatan Daerah,26190964318000.0,9586306743981.0,36.6,False,False
Jawa Tengah,11,2023,7,Juli,7,Pendapatan Daerah,26190964318000.0,13437336120517.0,51.31,False,False
Jawa Tengah,11,2023,8,Agustus,8,Pendapatan Daerah,26190964318000.0,14904489687186.0,56.91,False,False
Jawa Tengah,11,2023,9,September,9,Pendapatan Daerah,26190964318000.0,16573027326747.0,63.28,False,False
Jawa Tengah,11,2023,10,Oktober,10,Pendapatan Daerah,26190964318000.0,19303359234327.0,73.7,False,False
Jawa Tengah,11,2023,11,November,11,Pendapatan Daerah,26190964318000.0,20917063644531.0,79.86,False,False
Jawa Tengah,11,2023,12,Desember,12,Pendapatan Daerah,26190964318000.0,23418859558821.0,89.42,False,False
Jawa Tengah,11,2024,1,Januari,13,Pendapatan Daerah,27230142753000.0,2829434783559.0,10.39,False,False
Jawa Tengah,11,2024,2,Februari,14,Pendapatan Daerah,27230142753000.0,4568786203473.0,16.78,False,False
Jawa Tengah,11,2024,3,Maret,15,Pendapatan Daerah,27230142753000.0,6232578681662.0,22.89,False,False
Jawa Tengah,11,2024,4,April,16,Pendapatan Daerah,27230142753000.0,8791874738897.0,32.29,False,False
Jawa Tengah,11,2024,5,Mei,17,Pendapatan Daerah,27230142753000.0,10736139801853.0,39.43,False,False
Jawa Tengah,11,2024,6,Juni,18,Pendapatan Daerah,27230142753000.0,12677767444057.0,46.56,False,False
Jawa Tengah,11,2024,7,Juli,19,Pendapatan Daerah,27230142753000.0,15066958992839.0,55.33,False,False
Jawa Tengah,11,2024,8,Agustus,20,Pendapatan Daerah,27230142753000.0,17678927535643.0,64.92,False,False
Jawa Tengah,11,2024,9,September,21,Pendapatan Daerah,27230142753000.0,19348356174808.0,71.05,False,False
Jawa Tengah,11,2024,10,Oktober,22,Pendapatan Daerah,27230142753000.0,22389089788776.0,82.22,False,False
Jawa Tengah,11,2024,11,November,23,Pendapatan Daerah,27230142753000.0,24030603893015.0,88.25,False,False
Jawa Tengah,11,2024,12,Desember,24,Pendapatan Daerah,27230142753000.0,26378719626419.0,96.87,False,False
Jawa Tengah,11,2025,1,Januari,25,Pendapatan Daerah,24654591248000.0,2547228089994.0,10.33,False,False
Jawa Tengah,11,2025,2,Februari,26,Pendapatan Daerah,24654591248000.0,3676031985370.0,14.91,False,False
Jawa Tengah,11,2025,3,Maret,27,Pendapatan Daerah,24654591248000.0,5559729013069.0,22.55,False,False
Jawa Tengah,11,2025,4,April,28,Pendapatan Daerah,24654591248000.0,8205034890265.0,33.28,False,False
Jawa Tengah,11,2025,5,Mei,29,Pendapatan Daerah,24654591248000.0,9711566834000.0,39.39,False,False
Jawa Tengah,11,2025,6,Juni,30,Pendapatan Daerah,24654591248000.0,11340418873772.0,46.0,False,False
Jawa Tengah,11,2025,7,Juli,31,Pendapatan Daerah,24654591248000.0,13790358604300.0,55.93,False,False
Jawa Tengah,11,2025,8,Agustus,32,Pendapatan Daerah,24654591248000.0,15919171421773.0,64.57,False,False
Jawa Tengah,11,2025,9,September,33,Pendapatan Daerah,24654591248000.0,17570268189567.0,71.27,False,False
Jawa Tengah,11,2025,10,Oktober,34,Pendapatan Daerah,24654591248000.0,20113747534477.0,81.58,False,False
Jawa Tengah,11,2025,11,November,35,Pendapatan Daerah,24654591248000.0,21377897482663.0,86.71,False,False
Jawa Tengah,11,2025,12,Desember,36,Pendapatan Daerah,24654591248000.0,23761968977877.0,96.38,False,False
Jawa Tengah,11,2026,1,Januari,37,Pendapatan Daerah,23352448041000.0,2581266304411.0,11.05,False,False
Jawa Tengah,11,2026,2,Februari,38,Pendapatan Daerah,23352448041000.0,3951840509192.0,16.92,False,False
Jawa Tengah,11,2026,3,Maret,39,Pendapatan Daerah,23352448041000.0,5555311687661.0,23.79,False,False
Jawa Tengah,11,2026,4,April,40,Pendapatan Daerah,23352448041000.0,7965036387166.0,34.11,False,False
Jawa Tengah,11,2026,5,Mei,41,Pendapatan Daerah,23352448041000.0,9243971533293.0,39.58,False,False
Jawa Tengah,11,2026,6,Juni,42,Pendapatan Daerah,23352448041000.0,10882473427328.0,46.6,False,False
Jawa Tengah,11,2026,7,Juli,43,Pendapatan Daerah,23352448041000.0,12837395828950.0,54.97,False,False
Jawa Tengah,11,2026,8,Agustus,44,Pendapatan Daerah,23352448041000.0,14081412840870.0,60.3,False,False
Jawa Tengah,11,2026,9,September,45,Pendapatan Daerah,23352448041000.0,14179283647749.0,60.72,False,False
Jawa Tengah,11,2026,10,Oktober,46,Pendapatan Daerah,23352448041000.0,14179283647749.0,60.72,False,True
Jawa Tengah,11,2026,11,November,47,Pendapatan Daerah,23352448041000.0,14179283647749.0,60.72,False,True
Jawa Tengah,11,2026,12,Desember,48,Pendapatan Daerah,23352448041000.0,14179283647749.0,60.72,False,True
Jawa Tengah,11,2023,1,Januari,1,Pendapatan Hibah,78908038000.0,0.0,0.0,False,False
Jawa Tengah,11,2023,2,Februari,2,Pendapatan Hibah,78908038000.0,0.0,0.0,False,False
Jawa Tengah,11,2023,3,Maret,3,Pendapatan Hibah,78908038000.0,0.0,0.0,False,False
Jawa Tengah,11,2023,4,April,4,Pendapatan Hibah,78908038000.0,0.0,0.0,False,False
Jawa Tengah,11,2023,5,Mei,5,Pendapatan Hibah,78908038000.0,0.0,0.0,False,False
Jawa Tengah,11,2023,6,Juni,6,Pendapatan Hibah,78908038000.0,11738250000.0,14.88,False,False
Jawa Tengah,11,2023,7,Juli,7,Pendapatan Hibah,78908038000.0,13694625000.0,17.36,False,False
Jawa Tengah,11,2023,8,Agustus,8,Pendapatan Hibah,78908038000.0,15651000000.0,19.83,False,False
Jawa Tengah,11,2023,9,September,9,Pendapatan Hibah,78908038000.0,17607375000.0,22.31,False,False
Jawa Tengah,11,2023,10,Oktober,10,Pendapatan Hibah,78908038000.0,19563750000.0,24.79,False,False
Jawa Tengah,11,2023,11,November,11,Pendapatan Hibah,78908038000.0,21520125000.0,27.27,False,False
Jawa Tengah,11,2023,12,Desember,12,Pendapatan Hibah,78908038000.0,77972123308.0,98.81,False,False
Jawa Tengah,11,2024,1,Januari,13,Pendapatan Hibah,25593372000.0,3007574.0,0.01,False,False
Jawa Tengah,11,2024,2,Februari,14,Pendapatan Hibah,25593372000.0,3007574.0,0.01,False,False
Jawa Tengah,11,2024,3,Maret,15,Pendapatan Hibah,25593372000.0,3007574.0,0.01,False,False
Jawa Tengah,11,2024,4,April,16,Pendapatan Hibah,25593372000.0,3007574.0,0.01,False,False
Jawa Tengah,11,2024,5,Mei,17,Pendapatan Hibah,25593372000.0,3007574.0,0.01,False,False
Jawa Tengah,11,2024,6,Juni,18,Pendapatan Hibah,25593372000.0,3007574.0,0.01,False,False
Jawa Tengah,11,2024,7,Juli,19,Pendapatan Hibah,25593372000.0,3007574.0,0.01,False,False
Jawa Tengah,11,2024,8,Agustus,20,Pendapatan Hibah,25593372000.0,17065255574.0,66.68,False,False
Jawa Tengah,11,2024,9,September,21,Pendapatan Hibah,25593372000.0,19198036574.0,75.01,False,False
Jawa Tengah,11,2024,10,Oktober,22,Pendapatan Hibah,25593372000.0,21334607638.0,83.36,False,False
Jawa Tengah,11,2024,11,November,23,Pendapatan Hibah,25593372000.0,23467388638.0,91.69,False,False
Jawa Tengah,11,2024,12,Desember,24,Pendapatan Hibah,25593372000.0,25600169638.0,100.03,False,False
Jawa Tengah,11,2025,1,Januari,25,Pendapatan Hibah,25505460000.0,0.0,0.0,False,False
Jawa Tengah,11,2025,2,Februari,26,Pendapatan Hibah,25505460000.0,0.0,0.0,False,False
Jawa Tengah,11,2025,3,Maret,27,Pendapatan Hibah,25505460000.0,0.0,0.0,False,False
Jawa Tengah,11,2025,4,April,28,Pendapatan Hibah,25505460000.0,0.0,0.0,False,False
Jawa Tengah,11,2025,5,Mei,29,Pendapatan Hibah,25505460000.0,0.0,0.0,False,False
Jawa Tengah,11,2025,6,Juni,30,Pendapatan Hibah,25505460000.0,0.0,0.0,False,False
Jawa Tengah,11,2025,7,Juli,31,Pendapatan Hibah,25505460000.0,0.0,0.0,False,False
Jawa Tengah,11,2025,8,Agustus,32,Pendapatan Hibah,25505460000.0,14878185000.0,58.33,False,False
Jawa Tengah,11,2025,9,September,33,Pendapatan Hibah,25505460000.0,19129095000.0,75.0,False,False
Jawa Tengah,11,2025,10,Oktober,34,Pendapatan Hibah,25505460000.0,21254550000.0,83.33,False,False
Jawa Tengah,11,2025,11,November,35,Pendapatan Hibah,25505460000.0,21254550000.0,83.33,False,False
Jawa Tengah,11,2025,12,Desember,36,Pendapatan Hibah,25505460000.0,25505460000.0,100.0,False,False
Jawa Tengah,11,2026,1,Januari,37,Pendapatan Hibah,25600170000.0,0.0,0.0,False,False
Jawa Tengah,11,2026,2,Februari,38,Pendapatan Hibah,25600170000.0,0.0,0.0,False,False
Jawa Tengah,11,2026,3,Maret,39,Pendapatan Hibah,25600170000.0,0.0,0.0,False,False
Jawa Tengah,11,2026,4,April,40,Pendapatan Hibah,25600170000.0,0.0,0.0,False,False
Jawa Tengah,11,2026,5,Mei,41,Pendapatan Hibah,25600170000.0,0.0,0.0,False,False
Jawa Tengah,11,2026,6,Juni,42,Pendapatan Hibah,25600170000.0,0.0,0.0,False,False
Jawa Tengah,11,2026,7,Juli,43,Pendapatan Hibah,25600170000.0,1000000000.0,3.91,False,False
Jawa Tengah,11,2026,8,Agustus,44,Pendapatan Hibah,25600170000.0,1000000000.0,3.91,False,True
Jawa Tengah,11,2026,9,September,45,Pendapatan Hibah,25600170000.0,1000000000.0,3.91,False,True
Jawa Tengah,11,2026,10,Oktober,46,Pendapatan Hibah,25600170000.0,1000000000.0,3.91,False,True
Jawa Tengah,11,2026,11,November,47,Pendapatan Hibah,25600170000.0,1000000000.0,3.91,False,True
Jawa Tengah,11,2026,12,Desember,48,Pendapatan Hibah,25600170000.0,1000000000.0,3.91,False,True
Jawa Tengah,11,2023,1,Januari,1,Pendapatan Lainnya,78908038000.0,2000000.0,0.0,False,False
Jawa Tengah,11,2023,2,Februari,2,Pendapatan Lainnya,78908038000.0,2000000.0,0.0,False,False
Jawa Tengah,11,2023,3,Maret,3,Pendapatan Lainnya,78908038000.0,2000000.0,0.0,False,False
Jawa Tengah,11,2023,4,April,4,Pendapatan Lainnya,78908038000.0,2000000.0,0.0,False,False
Jawa Tengah,11,2023,5,Mei,5,Pendapatan Lainnya,78908038000.0,2000000.0,0.0,False,False
Jawa Tengah,11,2023,6,Juni,6,Pendapatan Lainnya,78908038000.0,11740250000.0,14.88,False,False
Jawa Tengah,11,2023,7,Juli,7,Pendapatan Lainnya,78908038000.0,13722475000.0,17.39,False,False
Jawa Tengah,11,2023,8,Agustus,8,Pendapatan Lainnya,78908038000.0,15678850000.0,19.87,False,False
Jawa Tengah,11,2023,9,September,9,Pendapatan Lainnya,78908038000.0,17635225000.0,22.35,False,False
Jawa Tengah,11,2023,10,Oktober,10,Pendapatan Lainnya,78908038000.0,19606600000.0,24.85,False,False
Jawa Tengah,11,2023,11,November,11,Pendapatan Lainnya,78908038000.0,21562975000.0,27.33,False,False
Jawa Tengah,11,2023,12,Desember,12,Pendapatan Lainnya,78908038000.0,78016923308.0,98.87,False,False
Jawa Tengah,11,2024,1,Januari,13,Pendapatan Lainnya,25593372000.0,3007574.0,0.01,False,False
Jawa Tengah,11,2024,2,Februari,14,Pendapatan Lainnya,25593372000.0,4760588.0,0.02,False,False
Jawa Tengah,11,2024,3,Maret,15,Pendapatan Lainnya,25593372000.0,375903056.0,1.47,False,False
Jawa Tengah,11,2024,4,April,16,Pendapatan Lainnya,25593372000.0,375903056.0,1.47,False,False
Jawa Tengah,11,2024,5,Mei,17,Pendapatan Lainnya,25593372000.0,515903056.0,2.02,False,False
Jawa Tengah,11,2024,6,Juni,18,Pendapatan Lainnya,25593372000.0,515903056.0,2.02,False,False
Jawa Tengah,11,2024,7,Juli,19,Pendapatan Lainnya,25593372000.0,515903056.0,2.02,False,False
Jawa Tengah,11,2024,8,Agustus,20,Pendapatan Lainnya,25593372000.0,17578151056.0,68.68,False,False
Jawa Tengah,11,2024,9,September,21,Pendapatan Lainnya,25593372000.0,19884532056.0,77.69,False,False
Jawa Tengah,11,2024,10,Oktober,22,Pendapatan Lainnya,25593372000.0,22021103120.0,86.04,False,False
Jawa Tengah,11,2024,11,November,23,Pendapatan Lainnya,25593372000.0,24153884120.0,94.38,False,False
Jawa Tengah,11,2024,12,Desember,24,Pendapatan Lainnya,25593372000.0,26343846120.0,102.93,False,False
Jawa Tengah,11,2025,1,Januari,25,Pendapatan Lainnya,163185839000.0,0.0,0.0,False,False
Jawa Tengah,11,2025,2,Februari,26,Pendapatan Lainnya,163185839000.0,29738000.0,0.02,False,False
Jawa Tengah,11,2025,3,Maret,27,Pendapatan Lainnya,163185839000.0,46206421.0,0.03,False,False
Jawa Tengah,11,2025,4,April,28,Pendapatan Lainnya,163185839000.0,50256421.0,0.03,False,False
Jawa Tengah,11,2025,5,Mei,29,Pendapatan Lainnya,163185839000.0,90932896302.0,55.72,False,False
Jawa Tengah,11,2025,6,Juni,30,Pendapatan Lainnya,163185839000.0,91032896302.0,55.78,False,False
Jawa Tengah,11,2025,7,Juli,31,Pendapatan Lainnya,163185839000.0,91170142622.0,55.87,False,False
Jawa Tengah,11,2025,8,Agustus,32,Pendapatan Lainnya,163185839000.0,106048327622.0,64.99,False,False
Jawa Tengah,11,2025,9,September,33,Pendapatan Lainnya,163185839000.0,110299237622.0,67.59,False,False
Jawa Tengah,11,2025,10,Oktober,34,Pendapatan Lainnya,163185839000.0,112424692622.0,68.89,False,False
Jawa Tengah,11,2025,11,November,35,Pendapatan Lainnya,163185839000.0,112424692622.0,68.89,False,False
Jawa Tengah,11,2025,12,Desember,36,Pendapatan Lainnya,163185839000.0,163473343033.0,100.18,False,False
Jawa Tengah,11,2026,1,Januari,37,Pendapatan Lainnya,25600170000.0,0.0,0.0,False,False
Jawa Tengah,11,2026,2,Februari,38,Pendapatan Lainnya,25600170000.0,0.0,0.0,False,False
Jawa Tengah,11,2026,3,Maret,39,Pendapatan Lainnya,25600170000.0,12000000.0,0.05,False,False
Jawa Tengah,11,2026,4,April,40,Pendapatan Lainnya,25600170000.0,48200972.0,0.19,False,False
Jawa Tengah,11,2026,5,Mei,41,Pendapatan Lainnya,25600170000.0,48200972.0,0.19,False,False
Jawa Tengah,11,2026,6,Juni,42,Pendapatan Lainnya,25600170000.0,48200972.0,0.19,False,False
Jawa Tengah,11,2026,7,Juli,43,Pendapatan Lainnya,25600170000.0,1048200972.0,4.09,False,False
Jawa Tengah,11,2026,8,Agustus,44,Pendapatan Lainnya,25600170000.0,1048868322.0,4.1,False,False
Jawa Tengah,11,2026,9,September,45,Pendapatan Lainnya,25600170000.0,1048868322.0,4.1,False,True
Jawa Tengah,11,2026,10,Oktober,46,Pendapatan Lainnya,25600170000.0,1048868322.0,4.1,False,True
Jawa Tengah,11,2026,11,November,47,Pendapatan Lainnya,25600170000.0,1048868322.0,4.1,False,True
Jawa Tengah,11,2026,12,Desember,48,Pendapatan Lainnya,25600170000.0,1048868322.0,4.1,False,True
Jawa Tengah,11,2023,1,Januari,1,Pendapatan Transfer Pemerintah Pusat,8201542504000.0,247062163000.0,3.01,False,False
Jawa Tengah,11,2023,2,Februari,2,Pendapatan Transfer Pemerintah Pusat,8201542504000.0,983512467904.0,11.99,False,False
Jawa Tengah,11,2023,3,Maret,3,Pendapatan Transfer Pemerintah Pusat,8201542504000.0,2208496867547.0,26.93,False,False
Jawa Tengah,11,2023,4,April,4,Pendapatan Transfer Pemerintah Pusat,8201542504000.0,2925082498615.0,35.67,False,False
Jawa Tengah,11,2023,5,Mei,5,Pendapatan Transfer Pemerintah Pusat,8201542504000.0,2925082498615.0,35.67,False,False
Jawa Tengah,11,2023,6,Juni,6,Pendapatan Transfer Pemerintah Pusat,8201542504000.0,3171035468444.0,38.66,False,False
Jawa Tengah,11,2023,7,Juli,7,Pendapatan Transfer Pemerintah Pusat,8201542504000.0,5158558757941.0,62.9,False,False
Jawa Tengah,11,2023,8,Agustus,8,Pendapatan Transfer Pemerintah Pusat,8201542504000.0,5472827015891.0,66.73,False,False
Jawa Tengah,11,2023,9,September,9,Pendapatan Transfer Pemerintah Pusat,8201542504000.0,5951841283641.0,72.57,False,False
Jawa Tengah,11,2023,10,Oktober,10,Pendapatan Transfer Pemerintah Pusat,8201542504000.0,6916494282642.0,84.33,False,False
Jawa Tengah,11,2023,11,November,11,Pendapatan Transfer Pemerintah Pusat,8201542504000.0,7368887814249.0,89.85,False,False
Jawa Tengah,11,2023,12,Desember,12,Pendapatan Transfer Pemerintah Pusat,8201542504000.0,7986721202121.0,97.38,False,False
Jawa Tengah,11,2024,1,Januari,13,Pendapatan Transfer Pemerintah Pusat,8610486756000.0,1644748101000.0,19.1,False,False
Jawa Tengah,11,2024,2,Februari,14,Pendapatan Transfer Pemerintah Pusat,8610486756000.0,1947211931500.0,22.61,False,False
Jawa Tengah,11,2024,3,Maret,15,Pendapatan Transfer Pemerintah Pusat,8610486756000.0,2503409410612.0,29.07,False,False
Jawa Tengah,11,2024,4,April,16,Pendapatan Transfer Pemerintah Pusat,8610486756000.0,2876917196904.0,33.41,False,False
Jawa Tengah,11,2024,5,Mei,17,Pendapatan Transfer Pemerintah Pusat,8610486756000.0,3584545638003.0,41.63,False,False
Jawa Tengah,11,2024,6,Juni,18,Pendapatan Transfer Pemerintah Pusat,8610486756000.0,4404160715503.0,51.15,False,False
Jawa Tengah,11,2024,7,Juli,19,Pendapatan Transfer Pemerintah Pusat,8610486756000.0,4919592011608.0,57.13,False,False
Jawa Tengah,11,2024,8,Agustus,20,Pendapatan Transfer Pemerintah Pusat,8610486756000.0,6353523604029.0,73.79,False,False
Jawa Tengah,11,2024,9,September,21,Pendapatan Transfer Pemerintah Pusat,8610486756000.0,6850567977857.0,79.56,False,False
Jawa Tengah,11,2024,10,Oktober,22,Pendapatan Transfer Pemerintah Pusat,8610486756000.0,7728435257202.0,89.76,False,False
Jawa Tengah,11,2024,11,November,23,Pendapatan Transfer Pemerintah Pusat,8610486756000.0,8290717343282.0,96.29,False,False
Jawa Tengah,11,2024,12,Desember,24,Pendapatan Transfer Pemerintah Pusat,8610486756000.0,8701438866795.0,101.06,False,False
Jawa Tengah,11,2025,1,Januari,25,Pendapatan Transfer Pemerintah Pusat,8792120753000.0,1665948472100.0,18.95,False,False
Jawa Tengah,11,2025,2,Februari,26,Pendapatan Transfer Pemerintah Pusat,8792120753000.0,1666488643270.0,18.95,False,False
Jawa Tengah,11,2025,3,Maret,27,Pendapatan Transfer Pemerintah Pusat,8792120753000.0,2584725504499.0,29.4,False,False
Jawa Tengah,11,2025,4,April,28,Pendapatan Transfer Pemerintah Pusat,8792120753000.0,3207244409884.0,36.48,False,False
Jawa Tengah,11,2025,5,Mei,29,Pendapatan Transfer Pemerintah Pusat,8792120753000.0,3554058748004.0,40.42,False,False
Jawa Tengah,11,2025,6,Juni,30,Pendapatan Transfer Pemerintah Pusat,8792120753000.0,3982392495159.0,45.3,False,False
Jawa Tengah,11,2025,7,Juli,31,Pendapatan Transfer Pemerintah Pusat,8792120753000.0,4849042049228.0,55.15,False,False
Jawa Tengah,11,2025,8,Agustus,32,Pendapatan Transfer Pemerintah Pusat,8792120753000.0,6022308792081.0,68.5,False,False
Jawa Tengah,11,2025,9,September,33,Pendapatan Transfer Pemerintah Pusat,8792120753000.0,6713140725550.0,76.35,False,False
Jawa Tengah,11,2025,10,Oktober,34,Pendapatan Transfer Pemerintah Pusat,8792120753000.0,7558721199046.0,85.97,False,False
Jawa Tengah,11,2025,11,November,35,Pendapatan Transfer Pemerintah Pusat,8792120753000.0,7926201688799.0,90.15,False,False
Jawa Tengah,11,2025,12,Desember,36,Pendapatan Transfer Pemerintah Pusat,8792120753000.0,8625363756508.0,98.1,False,False
Jawa Tengah,11,2026,1,Januari,37,Pendapatan Transfer Pemerintah Pusat,7397415721000.0,1626994548808.0,21.99,False,False
Jawa Tengah,11,2026,2,Februari,38,Pendapatan Transfer Pemerintah Pusat,7397415721000.0,2125697817720.0,28.74,False,False
Jawa Tengah,11,2026,3,Maret,39,Pendapatan Transfer Pemerintah Pusat,7397415721000.0,2517873674295.0,34.04,False,False
Jawa Tengah,11,2026,4,April,40,Pendapatan Transfer Pemerintah Pusat,7397415721000.0,3011272062041.0,40.71,False,False
Jawa Tengah,11,2026,5,Mei,41,Pendapatan Transfer Pemerintah Pusat,7397415721000.0,3395224044491.0,45.9,False,False
Jawa Tengah,11,2026,6,Juni,42,Pendapatan Transfer Pemerintah Pusat,7397415721000.0,3967315119119.0,53.63,False,False
Jawa Tengah,11,2026,7,Juli,43,Pendapatan Transfer Pemerintah Pusat,7397415721000.0,4155046034444.0,56.17,False,False
Jawa Tengah,11,2026,8,Agustus,44,Pendapatan Transfer Pemerintah Pusat,7397415721000.0,4641584626573.0,62.75,False,False
Jawa Tengah,11,2026,9,September,45,Pendapatan Transfer Pemerintah Pusat,7397415721000.0,4641584626573.0,62.75,False,True
Jawa Tengah,11,2026,10,Oktober,46,Pendapatan Transfer Pemerintah Pusat,7397415721000.0,4641584626573.0,62.75,False,True
Jawa Tengah,11,2026,11,November,47,Pendapatan Transfer Pemerintah Pusat,7397415721000.0,4641584626573.0,62.75,False,True
Jawa Tengah,11,2026,12,Desember,48,Pendapatan Transfer Pemerintah Pusat,7397415721000.0,4641584626573.0,62.75,False,True
Jawa Tengah,11,2023,1,Januari,1,Retribusi Daerah,137900740000.0,11958277278.0,8.67,False,False
Jawa Tengah,11,2023,2,Februari,2,Retribusi Daerah,137900740000.0,22411622254.0,16.25,False,False
Jawa Tengah,11,2023,3,Maret,3,Retribusi Daerah,137900740000.0,32400261627.0,23.5,False,False
Jawa Tengah,11,2023,4,April,4,Retribusi Daerah,137900740000.0,38539196364.0,27.95,False,False
Jawa Tengah,11,2023,5,Mei,5,Retribusi Daerah,137900740000.0,38539196364.0,27.95,False,False
Jawa Tengah,11,2023,6,Juni,6,Retribusi Daerah,137900740000.0,48530772357.0,35.19,False,False
Jawa Tengah,11,2023,7,Juli,7,Retribusi Daerah,137900740000.0,62193518457.0,45.1,False,False
Jawa Tengah,11,2023,8,Agustus,8,Retribusi Daerah,137900740000.0,76691557010.0,55.61,False,False
Jawa Tengah,11,2023,9,September,9,Retribusi Daerah,137900740000.0,87879426464.0,63.73,False,False
Jawa Tengah,11,2023,10,Oktober,10,Retribusi Daerah,137900740000.0,100208724769.0,72.67,False,False
Jawa Tengah,11,2023,11,November,11,Retribusi Daerah,137900740000.0,111583791707.0,80.92,False,False
Jawa Tengah,11,2023,12,Desember,12,Retribusi Daerah,137900740000.0,127730221772.0,92.62,False,False
Jawa Tengah,11,2024,1,Januari,13,Retribusi Daerah,2050687360000.0,171608415222.0,8.37,False,False
Jawa Tengah,11,2024,2,Februari,14,Retribusi Daerah,2050687360000.0,360842920997.0,17.6,False,False
Jawa Tengah,11,2024,3,Maret,15,Retribusi Daerah,2050687360000.0,536069094956.0,26.14,False,False
Jawa Tengah,11,2024,4,April,16,Retribusi Daerah,2050687360000.0,705057940316.0,34.38,False,False
Jawa Tengah,11,2024,5,Mei,17,Retribusi Daerah,2050687360000.0,887529725326.0,43.28,False,False
Jawa Tengah,11,2024,6,Juni,18,Retribusi Daerah,2050687360000.0,1065202973007.0,51.94,False,False
Jawa Tengah,11,2024,7,Juli,19,Retribusi Daerah,2050687360000.0,1264486301664.0,61.66,False,False
Jawa Tengah,11,2024,8,Agustus,20,Retribusi Daerah,2050687360000.0,1381165568534.0,67.35,False,False
Jawa Tengah,11,2024,9,September,21,Retribusi Daerah,2050687360000.0,1591899974498.0,77.63,False,False
Jawa Tengah,11,2024,10,Oktober,22,Retribusi Daerah,2050687360000.0,1877662847857.0,91.56,False,False
Jawa Tengah,11,2024,11,November,23,Retribusi Daerah,2050687360000.0,2008420706120.0,97.94,False,False
Jawa Tengah,11,2024,12,Desember,24,Retribusi Daerah,2050687360000.0,2318821514818.0,113.08,False,False
Jawa Tengah,11,2025,1,Januari,25,Retribusi Daerah,2172596928000.0,195693516292.0,9.01,False,False
Jawa Tengah,11,2025,2,Februari,26,Retribusi Daerah,2172596928000.0,397468702242.0,18.29,False,False
Jawa Tengah,11,2025,3,Maret,27,Retribusi Daerah,2172596928000.0,585324563940.0,26.94,False,False
Jawa Tengah,11,2025,4,April,28,Retribusi Daerah,2172596928000.0,772532490075.0,35.56,False,False
Jawa Tengah,11,2025,5,Mei,29,Retribusi Daerah,2172596928000.0,974709880923.0,44.86,False,False
Jawa Tengah,11,2025,6,Juni,30,Retribusi Daerah,2172596928000.0,1295506410768.0,59.63,False,False
Jawa Tengah,11,2025,7,Juli,31,Retribusi Daerah,2172596928000.0,1462062432270.0,67.3,False,False
Jawa Tengah,11,2025,8,Agustus,32,Retribusi Daerah,2172596928000.0,1686440427862.0,77.62,False,False
Jawa Tengah,11,2025,9,September,33,Retribusi Daerah,2172596928000.0,1924656752766.0,88.59,False,False
Jawa Tengah,11,2025,10,Oktober,34,Retribusi Daerah,2172596928000.0,2169211546122.0,99.84,False,False
Jawa Tengah,11,2025,11,November,35,Retribusi Daerah,2172596928000.0,2341400771123.0,107.77,False,False
Jawa Tengah,11,2025,12,Desember,36,Retribusi Daerah,2172596928000.0,2673385019574.0,123.05,False,False
Jawa Tengah,11,2026,1,Januari,37,Retribusi Daerah,2406226823000.0,204927883969.0,8.52,False,False
Jawa Tengah,11,2026,2,Februari,38,Retribusi Daerah,2406226823000.0,424536859785.0,17.64,False,False
Jawa Tengah,11,2026,3,Maret,39,Retribusi Daerah,2406226823000.0,644544762145.0,26.79,False,False
Jawa Tengah,11,2026,4,April,40,Retribusi Daerah,2406226823000.0,858211434014.0,35.67,False,False
Jawa Tengah,11,2026,5,Mei,41,Retribusi Daerah,2406226823000.0,1070569054179.0,44.49,False,False
Jawa Tengah,11,2026,6,Juni,42,Retribusi Daerah,2406226823000.0,1303660340350.0,54.18,False,False
Jawa Tengah,11,2026,7,Juli,43,Retribusi Daerah,2406226823000.0,1554938669522.0,64.62,False,False
Jawa Tengah,11,2026,8,Agustus,44,Retribusi Daerah,2406226823000.0,1580828464974.0,65.7,False,False
Jawa Tengah,11,2026,9,September,45,Retribusi Daerah,2406226823000.0,1582632764339.0,65.77,False,False
Jawa Tengah,11,2026,10,Oktober,46,Retribusi Daerah,2406226823000.0,1582632764339.0,65.77,False,True
Jawa Tengah,11,2026,11,November,47,Retribusi Daerah,2406226823000.0,1582632764339.0,65.77,False,True
Jawa Tengah,11,2026,12,Desember,48,Retribusi Daerah,2406226823000.0,1582632764339.0,65.77,False,True
Jawa Tengah,11,2023,1,Januari,1,TKDD,8201542504000.0,247062163000.0,3.01,False,False
Jawa Tengah,11,2023,2,Februari,2,TKDD,8201542504000.0,983512467904.0,11.99,False,False
Jawa Tengah,11,2023,3,Maret,3,TKDD,8201542504000.0,2208496867547.0,26.93,False,False
Jawa Tengah,11,2023,4,April,4,TKDD,8201542504000.0,2925082498615.0,35.67,False,False
Jawa Tengah,11,2023,5,Mei,5,TKDD,8201542504000.0,2925082498615.0,35.67,False,False
Jawa Tengah,11,2023,6,Juni,6,TKDD,8201542504000.0,3171035468444.0,38.66,False,False
Jawa Tengah,11,2023,7,Juli,7,TKDD,8201542504000.0,5158558757941.0,62.9,False,False
Jawa Tengah,11,2023,8,Agustus,8,TKDD,8201542504000.0,5472827015891.0,66.73,False,False
Jawa Tengah,11,2023,9,September,9,TKDD,8201542504000.0,5951841283641.0,72.57,False,False
Jawa Tengah,11,2023,10,Oktober,10,TKDD,8201542504000.0,6916494282642.0,84.33,False,False
Jawa Tengah,11,2023,11,November,11,TKDD,8201542504000.0,7368887814249.0,89.85,False,False
Jawa Tengah,11,2023,12,Desember,12,TKDD,8201542504000.0,7986721202121.0,97.38,False,False
Jawa Tengah,11,2024,1,Januari,13,TKDD,8610486756000.0,1644748101000.0,19.1,False,False
Jawa Tengah,11,2024,2,Februari,14,TKDD,8610486756000.0,1947211931500.0,22.61,False,False
Jawa Tengah,11,2024,3,Maret,15,TKDD,8610486756000.0,2503409410612.0,29.07,False,False
Jawa Tengah,11,2024,4,April,16,TKDD,8610486756000.0,2876917196904.0,33.41,False,False
Jawa Tengah,11,2024,5,Mei,17,TKDD,8610486756000.0,3584545638003.0,41.63,False,False
Jawa Tengah,11,2024,6,Juni,18,TKDD,8610486756000.0,4404160715503.0,51.15,False,False
Jawa Tengah,11,2024,7,Juli,19,TKDD,8610486756000.0,4919592011608.0,57.13,False,False
Jawa Tengah,11,2024,8,Agustus,20,TKDD,8610486756000.0,6353523604029.0,73.79,False,False
Jawa Tengah,11,2024,9,September,21,TKDD,8610486756000.0,6850567977857.0,79.56,False,False
Jawa Tengah,11,2024,10,Oktober,22,TKDD,8610486756000.0,7728435257202.0,89.76,False,False
Jawa Tengah,11,2024,11,November,23,TKDD,8610486756000.0,8290717343282.0,96.29,False,False
Jawa Tengah,11,2024,12,Desember,24,TKDD,8610486756000.0,8701438866795.0,101.06,False,False
Jawa Tengah,11,2025,1,Januari,25,TKDD,8792120753000.0,1665948472100.0,18.95,False,False
Jawa Tengah,11,2025,2,Februari,26,TKDD,8792120753000.0,1666488643270.0,18.95,False,False
Jawa Tengah,11,2025,3,Maret,27,TKDD,8792120753000.0,2584725504499.0,29.4,False,False
Jawa Tengah,11,2025,4,April,28,TKDD,8792120753000.0,3207244409884.0,36.48,False,False
Jawa Tengah,11,2025,5,Mei,29,TKDD,8792120753000.0,3554058748004.0,40.42,False,False
Jawa Tengah,11,2025,6,Juni,30,TKDD,8792120753000.0,3982392495159.0,45.3,False,False
Jawa Tengah,11,2025,7,Juli,31,TKDD,8792120753000.0,4849042049228.0,55.15,False,False
Jawa Tengah,11,2025,8,Agustus,32,TKDD,8792120753000.0,6022308792081.0,68.5,False,False
Jawa Tengah,11,2025,9,September,33,TKDD,8792120753000.0,6713140725550.0,76.35,False,False
Jawa Tengah,11,2025,10,Oktober,34,TKDD,8792120753000.0,7558721199046.0,85.97,False,False
Jawa Tengah,11,2025,11,November,35,TKDD,8792120753000.0,7926201688799.0,90.15,False,False
Jawa Tengah,11,2025,12,Desember,36,TKDD,8792120753000.0,8625363756508.0,98.1,False,False
Jawa Tengah,11,2026,1,Januari,37,TKDD,7397415721000.0,1626994548808.0,21.99,False,False
Jawa Tengah,11,2026,2,Februari,38,TKDD,7397415721000.0,2125697817720.0,28.74,False,False
Jawa Tengah,11,2026,3,Maret,39,TKDD,7397415721000.0,2517873674295.0,34.04,False,False
Jawa Tengah,11,2026,4,April,40,TKDD,7397415721000.0,3011272062041.0,40.71,False,False
Jawa Tengah,11,2026,5,Mei,41,TKDD,7397415721000.0,3395224044491.0,45.9,False,False
Jawa Tengah,11,2026,6,Juni,42,TKDD,7397415721000.0,3967315119119.0,53.63,False,False
Jawa Tengah,11,2026,7,Juli,43,TKDD,7397415721000.0,4155046034444.0,56.17,False,False
Jawa Tengah,11,2026,8,Agustus,44,TKDD,7397415721000.0,4641584626573.0,62.75,False,False
Jawa Tengah,11,2026,9,September,45,TKDD,7397415721000.0,4641584626573.0,62.75,False,True
Jawa Tengah,11,2026,10,Oktober,46,TKDD,7397415721000.0,4641584626573.0,62.75,False,True
Jawa Tengah,11,2026,11,November,47,TKDD,7397415721000.0,4641584626573.0,62.75,False,True
Jawa Tengah,11,2026,12,Desember,48,TKDD,7397415721000.0,4641584626573.0,62.75,False,True
